[2026-01-20 11:10:19] district User -> Save Data | approve district change yes ->Mandya@pds| 211 - F13948 - FRice
[2026-01-20 11:10:19] district User -> Save Data | approve district change yes ->Mandya@pds| 211 - F13949 - FRice
[2026-01-20 11:10:19] district User -> Save Data | approve district change yes ->Mandya@pds| 211 - F13950 - FRice
[2026-01-20 11:10:59] district User -> Save Data | approve district change yes ->Kodagu@pds| 182 - F11963 - FRice
[2026-01-20 11:11:00] district User -> Save Data | approve district change yes ->Mandya@pds| 211 - F13902 - FRice
[2026-01-20 11:11:12] district User -> Save Data | approve district change yes ->Kodagu@pds| 182 - F11963 - FRice
[2026-01-20 11:12:38] User -> Save Data | district user change id ->Mandya@pds| 212 - F13909 - FRice| 211
[2026-01-20 11:13:29] district User -> Save Data | approve district change yes ->Mandya@pds| 211 - F13911 - FRice
[2026-01-20 11:13:36] district User -> Save Data | approve district change yes ->Mandya@pds| 211 - F13912 - FRice
[2026-01-20 11:13:43] district User -> Save Data | approve district change yes ->Mandya@pds| 211 - F13913 - FRice
[2026-01-20 11:13:56] district User -> Save Data | approve district change yes ->Mandya@pds| 211 - F13914 - FRice
[2026-01-20 11:14:02] district User -> Save Data | approve district change yes ->Mandya@pds| 211 - F13915 - FRice
[2026-01-20 11:14:58] User -> Save Data | district user change id ->Mandya@pds| 212 - F13917 - FRice| 211
[2026-01-20 11:15:30] User -> Save Data | district user change id ->Mandya@pds| 212 - F13918 - FRice| 211
[2026-01-20 11:15:47] district User -> Save Data | approve district change yes ->Mandya@pds| 211 - F13919 - FRice
[2026-01-20 11:16:47] User -> Save Data | district user change id ->Mandya@pds| 207 - F13935 - FRice| 211
[2026-01-20 11:17:21] User -> Save Data | district user change id ->Mandya@pds| 207 - F13941 - FRice| 211
[2026-01-20 11:17:49] User -> Save Data | district user change id ->Mandya@pds| 207 - F13943 - FRice| 211
[2026-01-20 11:18:13] User -> Save Data | district user change id ->Mandya@pds| 207 - F13944 - FRice| 211
[2026-01-20 11:18:31] district User -> Save Data | approve district change yes ->Mandya@pds| 211 - F13947 - FRice
[2026-01-20 11:19:14] User -> Save Data | district user change id ->Mandya@pds| 212 - F13909 - FRice| 211
[2026-01-20 11:19:14] district User -> Save Data | approve district change yes ->Mandya@pds| 211 - F13911 - FRice
[2026-01-20 11:19:14] district User -> Save Data | approve district change yes ->Mandya@pds| 211 - F13912 - FRice
[2026-01-20 11:19:14] district User -> Save Data | approve district change yes ->Mandya@pds| 211 - F13913 - FRice
[2026-01-20 11:19:14] district User -> Save Data | approve district change yes ->Mandya@pds| 211 - F13914 - FRice
[2026-01-20 11:19:14] district User -> Save Data | approve district change yes ->Mandya@pds| 211 - F13915 - FRice
[2026-01-20 11:19:14] User -> Save Data | district user change id ->Mandya@pds| 212 - F13917 - FRice| 211
[2026-01-20 11:19:14] User -> Save Data | district user change id ->Mandya@pds| 212 - F13918 - FRice| 211
[2026-01-20 11:19:14] district User -> Save Data | approve district change yes ->Mandya@pds| 211 - F13919 - FRice
[2026-01-20 11:19:14] User -> Save Data | district user change id ->Mandya@pds| 207 - F13935 - FRice| 211
[2026-01-20 11:19:14] User -> Save Data | district user change id ->Mandya@pds| 207 - F13941 - FRice| 211
[2026-01-20 11:19:14] User -> Save Data | district user change id ->Mandya@pds| 207 - F13943 - FRice| 211
[2026-01-20 11:19:14] User -> Save Data | district user change id ->Mandya@pds| 207 - F13944 - FRice| 211
[2026-01-20 11:19:14] district User -> Save Data | approve district change yes ->Mandya@pds| 211 - F13947 - FRice
[2026-01-20 11:19:14] district User -> Save Data | approve district change yes ->Mandya@pds| 212 - F13951 - FRice
[2026-01-20 11:19:14] district User -> Save Data | approve district change yes ->Mandya@pds| 212 - F13952 - FRice
[2026-01-20 11:19:14] district User -> Save Data | approve district change yes ->Mandya@pds| 212 - F13953 - FRice
[2026-01-20 11:19:14] district User -> Save Data | approve district change yes ->Mandya@pds| 212 - F13954 - FRice
[2026-01-20 11:20:04] User -> Save Data | district user change id ->Mandya@pds| 211 - F13903 - FRice| 212
[2026-01-20 11:21:00] User -> Save Data | district user change id ->Mandya@pds| 211 - F13903 - FRice| 212
[2026-01-20 11:21:00] district User -> Save Data | approve district change yes ->Mandya@pds| 212 - F13904 - FRice
[2026-01-20 11:21:00] district User -> Save Data | approve district change yes ->Mandya@pds| 212 - F13905 - FRice
[2026-01-20 11:21:00] district User -> Save Data | approve district change yes ->Mandya@pds| 212 - F13906 - FRice
[2026-01-20 11:21:00] district User -> Save Data | approve district change yes ->Mandya@pds| 212 - F13907 - FRice
[2026-01-20 11:21:00] district User -> Save Data | approve district change yes ->Mandya@pds| 212 - F13908 - FRice
[2026-01-20 11:23:17] User -> Save Data | district user change id ->Mandya@pds| 211 - F13910 - FRice| 212
[2026-01-20 11:23:38] district User -> Save Data | approve district change yes ->Mandya@pds| 212 - F13916 - FRice
[2026-01-20 11:25:09] User -> Save Data | district user change id ->Mandya@pds| 211 - F13910 - FRice| 212
[2026-01-20 11:25:09] district User -> Save Data | approve district change yes ->Mandya@pds| 212 - F13916 - FRice
[2026-01-20 11:25:09] district User -> Save Data | approve district change yes ->Mandya@pds| 212 - F13920 - FRice
[2026-01-20 11:25:09] district User -> Save Data | approve district change yes ->Mandya@pds| 212 - F13921 - FRice
[2026-01-20 11:25:09] district User -> Save Data | approve district change yes ->Mandya@pds| 212 - F13922 - FRice
[2026-01-20 11:25:09] district User -> Save Data | approve district change yes ->Mandya@pds| 212 - F13923 - FRice
[2026-01-20 11:25:09] district User -> Save Data | approve district change yes ->Mandya@pds| 212 - F13924 - FRice
[2026-01-20 11:25:09] district User -> Save Data | approve district change yes ->Mandya@pds| 212 - F13925 - FRice
[2026-01-20 11:25:09] district User -> Save Data | approve district change yes ->Mandya@pds| 212 - F13926 - FRice
[2026-01-20 11:25:09] district User -> Save Data | approve district change yes ->Mandya@pds| 212 - F13927 - FRice
[2026-01-20 11:25:09] district User -> Save Data | approve district change yes ->Mandya@pds| 212 - F13928 - FRice
[2026-01-20 11:25:09] district User -> Save Data | approve district change yes ->Mandya@pds| 212 - F13929 - FRice
[2026-01-20 11:25:09] district User -> Save Data | approve district change yes ->Mandya@pds| 212 - F13930 - FRice
[2026-01-20 11:26:27] district User -> Save Data | approve district change yes ->Mandya@pds| 212 - F13931 - FRice
[2026-01-20 11:26:27] district User -> Save Data | approve district change yes ->Mandya@pds| 212 - F13932 - FRice
[2026-01-20 11:26:27] district User -> Save Data | approve district change yes ->Mandya@pds| 212 - F13933 - FRice
[2026-01-20 11:26:27] district User -> Save Data | approve district change yes ->Mandya@pds| 212 - F13934 - FRice
[2026-01-20 11:26:27] district User -> Save Data | approve district change yes ->Mandya@pds| 212 - F13936 - FRice
[2026-01-20 11:26:27] district User -> Save Data | approve district change yes ->Mandya@pds| 212 - F13937 - FRice
[2026-01-20 11:27:06] User -> Save Data | district user change id ->Mandya@pds| 207 - F13938 - FRice| 212
[2026-01-20 11:27:28] User -> Save Data | district user change id ->Mandya@pds| 207 - F13939 - FRice| 212
[2026-01-20 11:28:03] User -> Save Data | district user change id ->Tumakuru@pds| 255 - F17786 - FRice| 254
[2026-01-20 11:28:36] User -> Save Data | district user change id ->Mandya@pds| 207 - F13940 - FRice| 212
[2026-01-20 11:29:37] User -> Save Data | district user change id ->Tumakuru@pds| 255 - F17787 - FRice| 254
[2026-01-20 11:29:41] User -> Save Data | district user change id ->Mandya@pds| 207 - F13942 - FRice| 212
[2026-01-20 11:30:06] User -> Save Data | district user change id ->Mandya@pds| 207 - F13945 - FRice| 212
[2026-01-20 11:32:31] district User -> Save Data | approve district change yes ->Mandya@pds| 212 - F13946 - FRice
[2026-01-20 11:32:58] district User -> Save Data | approve district change yes ->Tumakuru@pds| 248 - F17129 - FRice
[2026-01-20 11:34:17] User -> Save Data | district user change id ->Tumakuru@pds| 248 - F17131 - FRice| 249
[2026-01-20 11:41:17] district User -> Save Data | approve district change yes ->Tumakuru@pds| 248 - F17135 - FRice
[2026-01-20 11:42:03] district User -> Save Data | approve district change yes ->Tumakuru@pds| 248 - F17136 - FRice
[2026-01-20 11:42:41] district User -> Save Data | approve district change yes ->Tumakuru@pds| 248 - F17139 - FRice
[2026-01-20 11:43:45] district User -> Save Data | approve district change yes ->Tumakuru@pds| 248 - F17140 - FRice
[2026-01-20 11:44:15] district User -> Save Data | approve district change yes ->Tumakuru@pds| 248 - F17142 - FRice
[2026-01-20 11:45:56] User -> Save Data | district user change id ->Tumakuru@pds| 248 - F17146 - FRice| 249
[2026-01-20 11:46:53] district User -> Save Data | approve district change yes ->Tumakuru@pds| 248 - F17150 - FRice
[2026-01-20 11:47:57] district User -> Save Data | approve district change yes ->Belagavi@pds| 39 - F03239 - FRice
[2026-01-20 11:47:57] district User -> Save Data | approve district change yes ->Belagavi@pds| 39 - F03240 - FRice
[2026-01-20 11:47:57] district User -> Save Data | approve district change yes ->Belagavi@pds| 39 - F03241 - FRice
[2026-01-20 11:47:57] district User -> Save Data | approve district change yes ->Belagavi@pds| 39 - F03242 - FRice
[2026-01-20 11:47:57] district User -> Save Data | approve district change yes ->Belagavi@pds| 39 - F03243 - FRice
[2026-01-20 11:47:57] district User -> Save Data | approve district change yes ->Belagavi@pds| 39 - F03244 - FRice
[2026-01-20 11:47:57] district User -> Save Data | approve district change yes ->Belagavi@pds| 39 - F03245 - FRice
[2026-01-20 11:47:57] district User -> Save Data | approve district change yes ->Belagavi@pds| 39 - F03246 - FRice
[2026-01-20 11:47:57] district User -> Save Data | approve district change yes ->Belagavi@pds| 39 - F03247 - FRice
[2026-01-20 11:47:57] district User -> Save Data | approve district change yes ->Belagavi@pds| 39 - F03248 - FRice
[2026-01-20 11:47:57] district User -> Save Data | approve district change yes ->Belagavi@pds| 39 - F03250 - FRice
[2026-01-20 11:47:57] district User -> Save Data | approve district change yes ->Belagavi@pds| 39 - F03251 - FRice
[2026-01-20 11:47:57] district User -> Save Data | approve district change yes ->Belagavi@pds| 39 - F03252 - FRice
[2026-01-20 11:47:57] district User -> Save Data | approve district change yes ->Belagavi@pds| 39 - F03254 - FRice
[2026-01-20 11:47:57] district User -> Save Data | approve district change yes ->Belagavi@pds| 39 - F03255 - FRice
[2026-01-20 11:47:57] district User -> Save Data | approve district change yes ->Belagavi@pds| 39 - F03256 - FRice
[2026-01-20 11:47:57] district User -> Save Data | approve district change yes ->Belagavi@pds| 39 - F03257 - FRice
[2026-01-20 11:47:57] district User -> Save Data | approve district change yes ->Belagavi@pds| 39 - F03258 - FRice
[2026-01-20 11:47:57] district User -> Save Data | approve district change yes ->Belagavi@pds| 39 - F03262 - FRice
[2026-01-20 11:47:57] district User -> Save Data | approve district change yes ->Belagavi@pds| 39 - F03263 - FRice
[2026-01-20 11:47:57] district User -> Save Data | approve district change yes ->Belagavi@pds| 39 - F03264 - FRice
[2026-01-20 11:47:57] district User -> Save Data | approve district change yes ->Belagavi@pds| 39 - F03265 - FRice
[2026-01-20 11:47:57] district User -> Save Data | approve district change yes ->Belagavi@pds| 39 - F03266 - FRice
[2026-01-20 11:47:57] district User -> Save Data | approve district change yes ->Belagavi@pds| 39 - F03267 - FRice
[2026-01-20 11:47:58] district User -> Save Data | approve district change yes ->Belagavi@pds| 39 - F03268 - FRice
[2026-01-20 11:47:58] district User -> Save Data | approve district change yes ->Belagavi@pds| 39 - F03269 - FRice
[2026-01-20 11:47:58] district User -> Save Data | approve district change yes ->Belagavi@pds| 39 - F03270 - FRice
[2026-01-20 11:47:58] district User -> Save Data | approve district change yes ->Belagavi@pds| 39 - F03272 - FRice
[2026-01-20 11:47:58] district User -> Save Data | approve district change yes ->Belagavi@pds| 39 - F03273 - FRice
[2026-01-20 11:47:58] district User -> Save Data | approve district change yes ->Belagavi@pds| 39 - F03274 - FRice
[2026-01-20 11:47:58] district User -> Save Data | approve district change yes ->Belagavi@pds| 39 - F03275 - FRice
[2026-01-20 11:47:58] district User -> Save Data | approve district change yes ->Belagavi@pds| 39 - F03276 - FRice
[2026-01-20 11:47:58] district User -> Save Data | approve district change yes ->Belagavi@pds| 39 - F03277 - FRice
[2026-01-20 11:47:58] district User -> Save Data | approve district change yes ->Belagavi@pds| 39 - F03278 - FRice
[2026-01-20 11:47:58] district User -> Save Data | approve district change yes ->Belagavi@pds| 39 - F03282 - FRice
[2026-01-20 11:47:58] district User -> Save Data | approve district change yes ->Belagavi@pds| 39 - F03284 - FRice
[2026-01-20 11:47:58] district User -> Save Data | approve district change yes ->Belagavi@pds| 39 - F03286 - FRice
[2026-01-20 11:47:58] district User -> Save Data | approve district change yes ->Belagavi@pds| 39 - F03287 - FRice
[2026-01-20 11:47:58] district User -> Save Data | approve district change yes ->Belagavi@pds| 39 - F03288 - FRice
[2026-01-20 11:47:58] district User -> Save Data | approve district change yes ->Belagavi@pds| 39 - F03289 - FRice
[2026-01-20 11:47:58] district User -> Save Data | approve district change yes ->Belagavi@pds| 39 - F03292 - FRice
[2026-01-20 11:47:58] district User -> Save Data | approve district change yes ->Belagavi@pds| 39 - F03294 - FRice
[2026-01-20 11:47:58] district User -> Save Data | approve district change yes ->Belagavi@pds| 39 - F03295 - FRice
[2026-01-20 11:47:58] district User -> Save Data | approve district change yes ->Belagavi@pds| 39 - F03297 - FRice
[2026-01-20 11:47:58] district User -> Save Data | approve district change yes ->Belagavi@pds| 39 - F03300 - FRice
[2026-01-20 11:47:58] district User -> Save Data | approve district change yes ->Belagavi@pds| 39 - F03301 - FRice
[2026-01-20 11:47:58] district User -> Save Data | approve district change yes ->Belagavi@pds| 39 - F03303 - FRice
[2026-01-20 11:47:58] district User -> Save Data | approve district change yes ->Belagavi@pds| 39 - F03304 - FRice
[2026-01-20 11:47:58] district User -> Save Data | approve district change yes ->Belagavi@pds| 39 - F03305 - FRice
[2026-01-20 11:47:58] district User -> Save Data | approve district change yes ->Belagavi@pds| 39 - F03306 - FRice
[2026-01-20 11:47:58] district User -> Save Data | approve district change yes ->Belagavi@pds| 39 - F03307 - FRice
[2026-01-20 11:47:58] district User -> Save Data | approve district change yes ->Belagavi@pds| 39 - F03308 - FRice
[2026-01-20 11:47:58] district User -> Save Data | approve district change yes ->Belagavi@pds| 39 - F03309 - FRice
[2026-01-20 11:47:58] district User -> Save Data | approve district change yes ->Belagavi@pds| 39 - F03310 - FRice
[2026-01-20 11:47:58] district User -> Save Data | approve district change yes ->Belagavi@pds| 39 - F03311 - FRice
[2026-01-20 11:47:58] district User -> Save Data | approve district change yes ->Belagavi@pds| 39 - F03312 - FRice
[2026-01-20 11:47:58] district User -> Save Data | approve district change yes ->Belagavi@pds| 39 - F03313 - FRice
[2026-01-20 11:47:58] district User -> Save Data | approve district change yes ->Belagavi@pds| 39 - F03314 - FRice
[2026-01-20 11:47:58] district User -> Save Data | approve district change yes ->Belagavi@pds| 39 - F03315 - FRice
[2026-01-20 11:47:58] district User -> Save Data | approve district change yes ->Belagavi@pds| 39 - F03316 - FRice
[2026-01-20 11:47:58] district User -> Save Data | approve district change yes ->Belagavi@pds| 39 - F03317 - FRice
[2026-01-20 11:47:58] district User -> Save Data | approve district change yes ->Belagavi@pds| 39 - F03319 - FRice
[2026-01-20 11:47:58] district User -> Save Data | approve district change yes ->Belagavi@pds| 39 - F03320 - FRice
[2026-01-20 11:47:58] district User -> Save Data | approve district change yes ->Belagavi@pds| 39 - F03321 - FRice
[2026-01-20 11:47:58] district User -> Save Data | approve district change yes ->Belagavi@pds| 39 - F03322 - FRice
[2026-01-20 11:47:58] district User -> Save Data | approve district change yes ->Belagavi@pds| 39 - F03323 - FRice
[2026-01-20 11:47:58] district User -> Save Data | approve district change yes ->Belagavi@pds| 39 - F03324 - FRice
[2026-01-20 11:47:58] district User -> Save Data | approve district change yes ->Belagavi@pds| 39 - F03325 - FRice
[2026-01-20 11:47:58] district User -> Save Data | approve district change yes ->Belagavi@pds| 39 - F03326 - FRice
[2026-01-20 11:47:58] district User -> Save Data | approve district change yes ->Belagavi@pds| 39 - F03327 - FRice
[2026-01-20 11:47:58] district User -> Save Data | approve district change yes ->Belagavi@pds| 39 - F03328 - FRice
[2026-01-20 11:47:59] district User -> Save Data | approve district change yes ->Belagavi@pds| 39 - F03330 - FRice
[2026-01-20 11:47:59] district User -> Save Data | approve district change yes ->Belagavi@pds| 39 - F03332 - FRice
[2026-01-20 11:47:59] district User -> Save Data | approve district change yes ->Belagavi@pds| 39 - F03333 - FRice
[2026-01-20 11:47:59] district User -> Save Data | approve district change yes ->Belagavi@pds| 39 - F03334 - FRice
[2026-01-20 11:47:59] district User -> Save Data | approve district change yes ->Belagavi@pds| 39 - F03335 - FRice
[2026-01-20 11:47:59] district User -> Save Data | approve district change yes ->Belagavi@pds| 39 - F03336 - FRice
[2026-01-20 11:47:59] district User -> Save Data | approve district change yes ->Belagavi@pds| 39 - F03337 - FRice
[2026-01-20 11:47:59] district User -> Save Data | approve district change yes ->Belagavi@pds| 39 - F03339 - FRice
[2026-01-20 11:47:59] district User -> Save Data | approve district change yes ->Belagavi@pds| 39 - F03562 - FRice
[2026-01-20 11:47:59] district User -> Save Data | approve district change yes ->Belagavi@pds| 39 - F03564 - FRice
[2026-01-20 11:47:59] district User -> Save Data | approve district change yes ->Belagavi@pds| 39 - F03566 - FRice
[2026-01-20 11:47:59] district User -> Save Data | approve district change yes ->Belagavi@pds| 39 - F03573 - FRice
[2026-01-20 11:47:59] district User -> Save Data | approve district change yes ->Belagavi@pds| 39 - F03575 - FRice
[2026-01-20 11:47:59] district User -> Save Data | approve district change yes ->Belagavi@pds| 39 - F03633 - FRice
[2026-01-20 11:47:59] district User -> Save Data | approve district change yes ->Belagavi@pds| 41 - F03318 - FRice
[2026-01-20 11:47:59] district User -> Save Data | approve district change yes ->Belagavi@pds| 41 - F03299 - FRice
[2026-01-20 11:51:18] district User -> Save Data | approve district change yes ->Tumakuru@pds| 248 - F17151 - FRice
[2026-01-20 11:52:23] User -> Save Data | district user change id ->Tumakuru@pds| 248 - F17189 - FRice| 249
[2026-01-20 11:53:18] User -> Save Data | district user change id ->Tumakuru@pds| 248 - F17190 - FRice| 249
[2026-01-20 11:54:07] User -> Save Data | district user change id ->Mandya@pds| 206 - F13470 - FRice| 205
[2026-01-20 11:54:55] User -> Save Data | district user change id ->Mandya@pds| 207 - F13938 - FRice| 212
[2026-01-20 11:54:55] User -> Save Data | district user change id ->Mandya@pds| 207 - F13939 - FRice| 212
[2026-01-20 11:54:55] User -> Save Data | district user change id ->Mandya@pds| 207 - F13940 - FRice| 212
[2026-01-20 11:54:55] User -> Save Data | district user change id ->Mandya@pds| 207 - F13942 - FRice| 212
[2026-01-20 11:54:55] User -> Save Data | district user change id ->Mandya@pds| 207 - F13945 - FRice| 212
[2026-01-20 11:54:55] district User -> Save Data | approve district change yes ->Mandya@pds| 212 - F13946 - FRice
[2026-01-20 11:54:55] User -> Save Data | district user change id ->Mandya@pds| 206 - F13470 - FRice| 205
[2026-01-20 11:54:55] district User -> Save Data | approve district change yes ->Mandya@pds| 205 - F13471 - FRice
[2026-01-20 11:54:55] district User -> Save Data | approve district change yes ->Mandya@pds| 205 - F13473 - FRice
[2026-01-20 11:54:55] district User -> Save Data | approve district change yes ->Mandya@pds| 205 - F13474 - FRice
[2026-01-20 11:55:21] User -> Save Data | district user change id ->Tumakuru@pds| 248 - F17191 - FRice| 249
[2026-01-20 11:55:36] User -> Save Data | district user change id ->Mandya@pds| 206 - F13480 - FRice| 205
[2026-01-20 11:59:02] User -> Save Data | district user change id ->Tumakuru@pds| 248 - F17192 - FRice| 249
[2026-01-20 12:00:08] User -> Save Data | district user change id ->Tumakuru@pds| 248 - F17193 - FRice| 249
[2026-01-20 12:00:37] User -> Save Data | district user change id ->Tumakuru@pds| 248 - F17194 - FRice| 249
[2026-01-20 12:01:03] User -> Save Data | district user change id ->Tumakuru@pds| 248 - F17195 - FRice| 249
[2026-01-20 12:03:43] User -> Save Data | district user change id ->Tumakuru@pds| 248 - F17196 - FRice| 249
[2026-01-20 12:04:21] User -> Save Data | district user change id ->Tumakuru@pds| 248 - F17197 - FRice| 249
[2026-01-20 12:04:52] User -> Save Data | district user change id ->Tumakuru@pds| 248 - F17198 - FRice| 249
[2026-01-20 12:05:37] User -> Save Data | district user change id ->Tumakuru@pds| 248 - F17199 - FRice| 249
[2026-01-20 12:06:21] User -> Save Data | district user change id ->Tumakuru@pds| 248 - F17200 - FRice| 249
[2026-01-20 12:07:45] User -> Save Data | district user change id ->Tumakuru@pds| 248 - F17201 - FRice| 249
[2026-01-20 12:07:46] User -> Save Data | district user change id ->Mandya@pds| 206 - F13483 - FRice| 205
[2026-01-20 12:08:19] User -> Save Data | district user change id ->Mandya@pds| 206 - F13486 - FRice| 205
[2026-01-20 12:08:35] district User -> Save Data | approve district change yes ->Tumakuru@pds| 248 - F17202 - FRice
[2026-01-20 12:09:13] district User -> Save Data | approve district change yes ->Tumakuru@pds| 248 - F17203 - FRice
[2026-01-20 12:09:37] district User -> Save Data | approve district change yes ->Tumakuru@pds| 248 - F17205 - FRice
[2026-01-20 12:10:13] district User -> Save Data | approve district change yes ->Tumakuru@pds| 248 - F17206 - FRice
[2026-01-20 12:10:23] User -> Save Data | district user change id ->Mandya@pds| 206 - F13480 - FRice| 205
[2026-01-20 12:10:23] User -> Save Data | district user change id ->Mandya@pds| 206 - F13483 - FRice| 205
[2026-01-20 12:10:23] User -> Save Data | district user change id ->Mandya@pds| 206 - F13486 - FRice| 205
[2026-01-20 12:10:23] district User -> Save Data | approve district change yes ->Mandya@pds| 205 - F13521 - FRice
[2026-01-20 12:10:23] district User -> Save Data | approve district change yes ->Mandya@pds| 205 - F13522 - FRice
[2026-01-20 12:10:23] district User -> Save Data | approve district change yes ->Mandya@pds| 205 - F13523 - FRice
[2026-01-20 12:10:23] district User -> Save Data | approve district change yes ->Mandya@pds| 205 - F13524 - FRice
[2026-01-20 12:10:23] district User -> Save Data | approve district change yes ->Mandya@pds| 205 - F13525 - FRice
[2026-01-20 12:10:23] district User -> Save Data | approve district change yes ->Mandya@pds| 205 - F13526 - FRice
[2026-01-20 12:10:23] district User -> Save Data | approve district change yes ->Mandya@pds| 205 - F13527 - FRice
[2026-01-20 12:10:23] district User -> Save Data | approve district change yes ->Mandya@pds| 205 - F13528 - FRice
[2026-01-20 12:10:23] district User -> Save Data | approve district change yes ->Mandya@pds| 205 - F13529 - FRice
[2026-01-20 12:10:23] district User -> Save Data | approve district change yes ->Mandya@pds| 205 - F13530 - FRice
[2026-01-20 12:10:23] district User -> Save Data | approve district change yes ->Mandya@pds| 205 - F13531 - FRice
[2026-01-20 12:10:23] district User -> Save Data | approve district change yes ->Mandya@pds| 205 - F13532 - FRice
[2026-01-20 12:10:23] district User -> Save Data | approve district change yes ->Mandya@pds| 205 - F13533 - FRice
[2026-01-20 12:10:23] district User -> Save Data | approve district change yes ->Mandya@pds| 205 - F13534 - FRice
[2026-01-20 12:10:23] district User -> Save Data | approve district change yes ->Mandya@pds| 205 - F13536 - FRice
[2026-01-20 12:10:23] district User -> Save Data | approve district change yes ->Mandya@pds| 205 - F13537 - FRice
[2026-01-20 12:10:23] district User -> Save Data | approve district change yes ->Mandya@pds| 205 - F13538 - FRice
[2026-01-20 12:10:23] district User -> Save Data | approve district change yes ->Mandya@pds| 205 - F13539 - FRice
[2026-01-20 12:10:48] district User -> Save Data | approve district change yes ->Tumakuru@pds| 248 - F17207 - FRice
[2026-01-20 12:11:01] district User -> Save Data | approve district change yes ->Mandya@pds| 205 - F13541 - FRice
[2026-01-20 12:11:08] district User -> Save Data | approve district change yes ->Kodagu@pds| 183 - F11924 - FRice
[2026-01-20 12:11:08] district User -> Save Data | approve district change yes ->Kodagu@pds| 183 - F11925 - FRice
[2026-01-20 12:11:08] district User -> Save Data | approve district change yes ->Kodagu@pds| 183 - F11931 - FRice
[2026-01-20 12:11:08] district User -> Save Data | approve district change yes ->Kodagu@pds| 183 - F11932 - FRice
[2026-01-20 12:11:08] district User -> Save Data | approve district change yes ->Kodagu@pds| 183 - F11933 - FRice
[2026-01-20 12:11:08] district User -> Save Data | approve district change yes ->Kodagu@pds| 183 - F11934 - FRice
[2026-01-20 12:11:08] district User -> Save Data | approve district change yes ->Kodagu@pds| 183 - F11935 - FRice
[2026-01-20 12:11:08] district User -> Save Data | approve district change yes ->Kodagu@pds| 183 - F11936 - FRice
[2026-01-20 12:11:08] district User -> Save Data | approve district change yes ->Kodagu@pds| 183 - F11937 - FRice
[2026-01-20 12:11:23] district User -> Save Data | approve district change yes ->Tumakuru@pds| 248 - F17211 - FRice
[2026-01-20 12:11:26] User -> Save Data | district user change id ->Mandya@pds| 206 - F13542 - FRice| 205
[2026-01-20 12:11:38] district User -> Save Data | approve district change yes ->Belagavi@pds| 36 - F02853 - FRice
[2026-01-20 12:11:38] district User -> Save Data | approve district change yes ->Belagavi@pds| 36 - F02854 - FRice
[2026-01-20 12:11:38] district User -> Save Data | approve district change yes ->Belagavi@pds| 36 - F02855 - FRice
[2026-01-20 12:11:38] district User -> Save Data | approve district change yes ->Belagavi@pds| 36 - F02856 - FRice
[2026-01-20 12:11:38] district User -> Save Data | approve district change yes ->Belagavi@pds| 36 - F02857 - FRice
[2026-01-20 12:11:38] district User -> Save Data | approve district change yes ->Belagavi@pds| 36 - F02858 - FRice
[2026-01-20 12:11:38] district User -> Save Data | approve district change yes ->Belagavi@pds| 36 - F02859 - FRice
[2026-01-20 12:11:38] district User -> Save Data | approve district change yes ->Belagavi@pds| 36 - F02860 - FRice
[2026-01-20 12:11:38] district User -> Save Data | approve district change yes ->Belagavi@pds| 36 - F02861 - FRice
[2026-01-20 12:11:38] district User -> Save Data | approve district change yes ->Belagavi@pds| 36 - F02862 - FRice
[2026-01-20 12:11:38] district User -> Save Data | approve district change yes ->Belagavi@pds| 36 - F02863 - FRice
[2026-01-20 12:11:38] district User -> Save Data | approve district change yes ->Belagavi@pds| 36 - F02864 - FRice
[2026-01-20 12:11:38] district User -> Save Data | approve district change yes ->Belagavi@pds| 36 - F02865 - FRice
[2026-01-20 12:11:38] district User -> Save Data | approve district change yes ->Belagavi@pds| 36 - F02866 - FRice
[2026-01-20 12:11:38] district User -> Save Data | approve district change yes ->Belagavi@pds| 36 - F02868 - FRice
[2026-01-20 12:11:38] district User -> Save Data | approve district change yes ->Belagavi@pds| 36 - F02867 - FRice
[2026-01-20 12:11:38] district User -> Save Data | approve district change yes ->Belagavi@pds| 36 - F02869 - FRice
[2026-01-20 12:11:39] district User -> Save Data | approve district change yes ->Belagavi@pds| 36 - F02871 - FRice
[2026-01-20 12:11:39] district User -> Save Data | approve district change yes ->Belagavi@pds| 36 - F02872 - FRice
[2026-01-20 12:11:39] district User -> Save Data | approve district change yes ->Belagavi@pds| 36 - F02873 - FRice
[2026-01-20 12:11:39] district User -> Save Data | approve district change yes ->Belagavi@pds| 36 - F02874 - FRice
[2026-01-20 12:11:39] district User -> Save Data | approve district change yes ->Belagavi@pds| 36 - F02875 - FRice
[2026-01-20 12:11:39] district User -> Save Data | approve district change yes ->Belagavi@pds| 36 - F02876 - FRice
[2026-01-20 12:11:39] district User -> Save Data | approve district change yes ->Belagavi@pds| 36 - F02877 - FRice
[2026-01-20 12:11:39] district User -> Save Data | approve district change yes ->Belagavi@pds| 36 - F02879 - FRice
[2026-01-20 12:11:39] district User -> Save Data | approve district change yes ->Belagavi@pds| 36 - F02880 - FRice
[2026-01-20 12:11:39] district User -> Save Data | approve district change yes ->Belagavi@pds| 36 - F02881 - FRice
[2026-01-20 12:11:39] district User -> Save Data | approve district change yes ->Belagavi@pds| 36 - F02882 - FRice
[2026-01-20 12:11:39] district User -> Save Data | approve district change yes ->Belagavi@pds| 36 - F02883 - FRice
[2026-01-20 12:11:39] district User -> Save Data | approve district change yes ->Belagavi@pds| 36 - F02884 - FRice
[2026-01-20 12:11:39] district User -> Save Data | approve district change yes ->Belagavi@pds| 36 - F02885 - FRice
[2026-01-20 12:11:39] district User -> Save Data | approve district change yes ->Belagavi@pds| 36 - F02886 - FRice
[2026-01-20 12:11:39] district User -> Save Data | approve district change yes ->Belagavi@pds| 36 - F02887 - FRice
[2026-01-20 12:11:39] district User -> Save Data | approve district change yes ->Belagavi@pds| 36 - F02888 - FRice
[2026-01-20 12:11:39] district User -> Save Data | approve district change yes ->Belagavi@pds| 36 - F02889 - FRice
[2026-01-20 12:11:39] district User -> Save Data | approve district change yes ->Belagavi@pds| 36 - F02890 - FRice
[2026-01-20 12:11:39] district User -> Save Data | approve district change yes ->Belagavi@pds| 36 - F02891 - FRice
[2026-01-20 12:11:39] district User -> Save Data | approve district change yes ->Belagavi@pds| 36 - F02892 - FRice
[2026-01-20 12:11:39] district User -> Save Data | approve district change yes ->Belagavi@pds| 36 - F02893 - FRice
[2026-01-20 12:11:39] district User -> Save Data | approve district change yes ->Belagavi@pds| 36 - F02894 - FRice
[2026-01-20 12:11:39] district User -> Save Data | approve district change yes ->Belagavi@pds| 36 - F02895 - FRice
[2026-01-20 12:11:39] district User -> Save Data | approve district change yes ->Belagavi@pds| 36 - F02896 - FRice
[2026-01-20 12:11:39] district User -> Save Data | approve district change yes ->Belagavi@pds| 36 - F02897 - FRice
[2026-01-20 12:11:39] district User -> Save Data | approve district change yes ->Belagavi@pds| 36 - F02898 - FRice
[2026-01-20 12:11:39] district User -> Save Data | approve district change yes ->Belagavi@pds| 36 - F02899 - FRice
[2026-01-20 12:11:39] district User -> Save Data | approve district change yes ->Belagavi@pds| 36 - F02900 - FRice
[2026-01-20 12:11:39] district User -> Save Data | approve district change yes ->Belagavi@pds| 36 - F02901 - FRice
[2026-01-20 12:11:39] district User -> Save Data | approve district change yes ->Belagavi@pds| 36 - F02902 - FRice
[2026-01-20 12:11:39] district User -> Save Data | approve district change yes ->Belagavi@pds| 36 - F02903 - FRice
[2026-01-20 12:11:39] district User -> Save Data | approve district change yes ->Belagavi@pds| 36 - F02904 - FRice
[2026-01-20 12:11:39] district User -> Save Data | approve district change yes ->Belagavi@pds| 36 - F02905 - FRice
[2026-01-20 12:11:39] district User -> Save Data | approve district change yes ->Belagavi@pds| 36 - F02906 - FRice
[2026-01-20 12:11:39] district User -> Save Data | approve district change yes ->Belagavi@pds| 36 - F02907 - FRice
[2026-01-20 12:11:39] district User -> Save Data | approve district change yes ->Belagavi@pds| 36 - F02908 - FRice
[2026-01-20 12:11:39] district User -> Save Data | approve district change yes ->Belagavi@pds| 36 - F02909 - FRice
[2026-01-20 12:11:39] district User -> Save Data | approve district change yes ->Belagavi@pds| 36 - F02910 - FRice
[2026-01-20 12:11:39] district User -> Save Data | approve district change yes ->Belagavi@pds| 36 - F02911 - FRice
[2026-01-20 12:11:39] district User -> Save Data | approve district change yes ->Belagavi@pds| 36 - F02912 - FRice
[2026-01-20 12:11:39] district User -> Save Data | approve district change yes ->Belagavi@pds| 36 - F02913 - FRice
[2026-01-20 12:11:39] district User -> Save Data | approve district change yes ->Belagavi@pds| 36 - F02915 - FRice
[2026-01-20 12:11:39] district User -> Save Data | approve district change yes ->Belagavi@pds| 36 - F02916 - FRice
[2026-01-20 12:11:39] district User -> Save Data | approve district change yes ->Belagavi@pds| 36 - F02917 - FRice
[2026-01-20 12:11:39] district User -> Save Data | approve district change yes ->Belagavi@pds| 36 - F02918 - FRice
[2026-01-20 12:11:40] district User -> Save Data | approve district change yes ->Belagavi@pds| 36 - F02919 - FRice
[2026-01-20 12:11:40] district User -> Save Data | approve district change yes ->Belagavi@pds| 36 - F02920 - FRice
[2026-01-20 12:11:40] district User -> Save Data | approve district change yes ->Belagavi@pds| 36 - F02922 - FRice
[2026-01-20 12:11:40] district User -> Save Data | approve district change yes ->Belagavi@pds| 36 - F02923 - FRice
[2026-01-20 12:11:40] district User -> Save Data | approve district change yes ->Belagavi@pds| 36 - F02924 - FRice
[2026-01-20 12:11:40] district User -> Save Data | approve district change yes ->Belagavi@pds| 36 - F02932 - FRice
[2026-01-20 12:11:40] district User -> Save Data | approve district change yes ->Belagavi@pds| 36 - F02933 - FRice
[2026-01-20 12:11:40] district User -> Save Data | approve district change yes ->Belagavi@pds| 36 - F02935 - FRice
[2026-01-20 12:11:40] district User -> Save Data | approve district change yes ->Belagavi@pds| 36 - F02936 - FRice
[2026-01-20 12:11:40] district User -> Save Data | approve district change yes ->Belagavi@pds| 36 - F02937 - FRice
[2026-01-20 12:11:40] district User -> Save Data | approve district change yes ->Belagavi@pds| 36 - F02941 - FRice
[2026-01-20 12:11:40] district User -> Save Data | approve district change yes ->Belagavi@pds| 36 - F02942 - FRice
[2026-01-20 12:11:40] district User -> Save Data | approve district change yes ->Belagavi@pds| 36 - F02943 - FRice
[2026-01-20 12:11:40] district User -> Save Data | approve district change yes ->Belagavi@pds| 36 - F02945 - FRice
[2026-01-20 12:11:40] district User -> Save Data | approve district change yes ->Belagavi@pds| 36 - F02946 - FRice
[2026-01-20 12:11:40] district User -> Save Data | approve district change yes ->Belagavi@pds| 36 - F02947 - FRice
[2026-01-20 12:11:40] district User -> Save Data | approve district change yes ->Belagavi@pds| 36 - F02948 - FRice
[2026-01-20 12:11:40] district User -> Save Data | approve district change yes ->Belagavi@pds| 36 - F02951 - FRice
[2026-01-20 12:11:40] district User -> Save Data | approve district change yes ->Belagavi@pds| 36 - F02952 - FRice
[2026-01-20 12:11:40] district User -> Save Data | approve district change yes ->Belagavi@pds| 36 - F02953 - FRice
[2026-01-20 12:11:40] district User -> Save Data | approve district change yes ->Belagavi@pds| 36 - F02954 - FRice
[2026-01-20 12:11:40] district User -> Save Data | approve district change yes ->Belagavi@pds| 36 - F02955 - FRice
[2026-01-20 12:11:40] district User -> Save Data | approve district change yes ->Belagavi@pds| 36 - F02956 - FRice
[2026-01-20 12:11:40] district User -> Save Data | approve district change yes ->Belagavi@pds| 36 - F02957 - FRice
[2026-01-20 12:11:52] district User -> Save Data | approve district change yes ->Tumakuru@pds| 248 - F17212 - FRice
[2026-01-20 12:12:10] User -> Save Data | district user change id ->Mandya@pds| 206 - F13543 - FRice| 205
[2026-01-20 12:12:31] district User -> Save Data | approve district change yes ->Mandya@pds| 205 - F13569 - FRice
[2026-01-20 12:12:52] district User -> Save Data | approve district change yes ->Kodagu@pds| 183 - F12054 - FRice
[2026-01-20 12:12:52] district User -> Save Data | approve district change yes ->Kodagu@pds| 183 - F12055 - FRice
[2026-01-20 12:12:52] district User -> Save Data | approve district change yes ->Kodagu@pds| 183 - F12058 - FRice
[2026-01-20 12:12:52] district User -> Save Data | approve district change yes ->Kodagu@pds| 183 - F12074 - FRice
[2026-01-20 12:12:52] district User -> Save Data | approve district change yes ->Kodagu@pds| 183 - F12060 - FRice
[2026-01-20 12:12:53] district User -> Save Data | approve district change yes ->Mandya@pds| 205 - F13570 - FRice
[2026-01-20 12:13:00] district User -> Save Data | approve district change yes ->Mandya@pds| 205 - F13571 - FRice
[2026-01-20 12:13:33] User -> Save Data | district user change id ->Mandya@pds| 206 - F13572 - FRice| 205
[2026-01-20 12:13:45] district User -> Save Data | approve district change yes ->Tumakuru@pds| 248 - F17213 - FRice
[2026-01-20 12:14:14] district User -> Save Data | approve district change yes ->Tumakuru@pds| 248 - F17214 - FRice
[2026-01-20 12:14:49] district User -> Save Data | approve district change yes ->Tumakuru@pds| 248 - F17215 - FRice
[2026-01-20 12:15:00] district User -> Save Data | approve district change yes ->Mandya@pds| 205 - F13574 - FRice
[2026-01-20 12:15:04] district User -> Save Data | approve district change yes ->Kodagu@pds| 184 - F12083 - FRice
[2026-01-20 12:15:04] district User -> Save Data | approve district change yes ->Kodagu@pds| 184 - F12087 - FRice
[2026-01-20 12:15:04] district User -> Save Data | approve district change yes ->Kodagu@pds| 184 - F12096 - FRice
[2026-01-20 12:15:04] district User -> Save Data | approve district change yes ->Kodagu@pds| 184 - F12088 - FRice
[2026-01-20 12:15:15] district User -> Save Data | approve district change yes ->Mandya@pds| 205 - F13575 - FRice
[2026-01-20 12:15:35] district User -> Save Data | approve district change yes ->Mandya@pds| 205 - F13579 - FRice
[2026-01-20 12:16:06] User -> Save Data | district user change id ->Mandya@pds| 202 - F13564 - FRice| 205
[2026-01-20 12:16:16] district User -> Save Data | approve district change yes ->Tumakuru@pds| 248 - F17216 - FRice
[2026-01-20 12:16:48] User -> Save Data | district user change id ->Chamarajanagara@pds| 82 - F05476 - FRice| 80
[2026-01-20 12:16:58] district User -> Save Data | approve district change yes ->Tumakuru@pds| 248 - F17217 - FRice
[2026-01-20 12:17:28] district User -> Save Data | approve district change yes ->Tumakuru@pds| 248 - F17218 - FRice
[2026-01-20 12:18:02] district User -> Save Data | approve district change yes ->Tumakuru@pds| 248 - F17219 - FRice
[2026-01-20 12:18:33] district User -> Save Data | approve district change yes ->Tumakuru@pds| 248 - F17220 - FRice
[2026-01-20 12:19:13] district User -> Save Data | approve district change yes ->Mandya@pds| 206 - F13472 - FRice
[2026-01-20 12:19:25] district User -> Save Data | approve district change yes ->Tumakuru@pds| 248 - F17221 - FRice
[2026-01-20 12:19:42] User -> Save Data | district user change id ->Mandya@pds| 205 - F13475 - FRice| 206
[2026-01-20 12:19:54] district User -> Save Data | approve district change yes ->Tumakuru@pds| 248 - F17222 - FRice
[2026-01-20 12:19:55] district User -> Save Data | approve district change yes ->Belagavi@pds| 36 - F02958 - FRice
[2026-01-20 12:19:55] district User -> Save Data | approve district change yes ->Belagavi@pds| 36 - F02961 - FRice
[2026-01-20 12:19:55] district User -> Save Data | approve district change yes ->Belagavi@pds| 36 - F02964 - FRice
[2026-01-20 12:19:55] district User -> Save Data | approve district change yes ->Belagavi@pds| 36 - F02966 - FRice
[2026-01-20 12:19:55] district User -> Save Data | approve district change yes ->Belagavi@pds| 36 - F02968 - FRice
[2026-01-20 12:19:55] district User -> Save Data | approve district change yes ->Belagavi@pds| 36 - F02969 - FRice
[2026-01-20 12:19:55] district User -> Save Data | approve district change yes ->Belagavi@pds| 36 - F02970 - FRice
[2026-01-20 12:19:55] district User -> Save Data | approve district change yes ->Belagavi@pds| 36 - F02971 - FRice
[2026-01-20 12:19:55] district User -> Save Data | approve district change yes ->Belagavi@pds| 36 - F02972 - FRice
[2026-01-20 12:19:55] district User -> Save Data | approve district change yes ->Belagavi@pds| 36 - F02973 - FRice
[2026-01-20 12:19:55] district User -> Save Data | approve district change yes ->Belagavi@pds| 36 - F02974 - FRice
[2026-01-20 12:19:55] district User -> Save Data | approve district change yes ->Belagavi@pds| 36 - F02977 - FRice
[2026-01-20 12:19:55] district User -> Save Data | approve district change yes ->Belagavi@pds| 36 - F02976 - FRice
[2026-01-20 12:19:55] district User -> Save Data | approve district change yes ->Belagavi@pds| 36 - F02978 - FRice
[2026-01-20 12:19:55] district User -> Save Data | approve district change yes ->Belagavi@pds| 36 - F02979 - FRice
[2026-01-20 12:19:55] district User -> Save Data | approve district change yes ->Belagavi@pds| 36 - F02980 - FRice
[2026-01-20 12:19:55] district User -> Save Data | approve district change yes ->Belagavi@pds| 36 - F02981 - FRice
[2026-01-20 12:19:55] district User -> Save Data | approve district change yes ->Belagavi@pds| 36 - F02982 - FRice
[2026-01-20 12:19:55] district User -> Save Data | approve district change yes ->Belagavi@pds| 36 - F02984 - FRice
[2026-01-20 12:19:55] district User -> Save Data | approve district change yes ->Belagavi@pds| 36 - F02985 - FRice
[2026-01-20 12:19:55] district User -> Save Data | approve district change yes ->Belagavi@pds| 36 - F02986 - FRice
[2026-01-20 12:19:55] district User -> Save Data | approve district change yes ->Belagavi@pds| 36 - F02987 - FRice
[2026-01-20 12:19:55] district User -> Save Data | approve district change yes ->Belagavi@pds| 36 - F02988 - FRice
[2026-01-20 12:19:55] district User -> Save Data | approve district change yes ->Belagavi@pds| 36 - F02989 - FRice
[2026-01-20 12:19:55] district User -> Save Data | approve district change yes ->Belagavi@pds| 36 - F03002 - FRice
[2026-01-20 12:19:55] district User -> Save Data | approve district change yes ->Belagavi@pds| 36 - F03004 - FRice
[2026-01-20 12:19:55] district User -> Save Data | approve district change yes ->Belagavi@pds| 36 - F03006 - FRice
[2026-01-20 12:19:55] district User -> Save Data | approve district change yes ->Belagavi@pds| 36 - F03009 - FRice
[2026-01-20 12:19:55] district User -> Save Data | approve district change yes ->Belagavi@pds| 36 - F03018 - FRice
[2026-01-20 12:19:55] district User -> Save Data | approve district change yes ->Belagavi@pds| 36 - F03021 - FRice
[2026-01-20 12:19:55] district User -> Save Data | approve district change yes ->Belagavi@pds| 36 - F03022 - FRice
[2026-01-20 12:19:55] district User -> Save Data | approve district change yes ->Belagavi@pds| 36 - F03029 - FRice
[2026-01-20 12:20:05] district User -> Save Data | approve district change yes ->Mandya@pds| 206 - F13476 - FRice
[2026-01-20 12:20:36] district User -> Save Data | approve district change yes ->Tumakuru@pds| 248 - F17223 - FRice
[2026-01-20 12:21:02] district User -> Save Data | approve district change yes ->Tumakuru@pds| 248 - F17224 - FRice
[2026-01-20 12:21:31] district User -> Save Data | approve district change yes ->Chamarajanagara@pds| 82 - F05541 - FRice
[2026-01-20 12:21:40] district User -> Save Data | approve district change yes ->Tumakuru@pds| 248 - F17226 - FRice
[2026-01-20 12:22:03] User -> Save Data | district user change id ->Mandya@pds| 205 - F13477 - FRice| 206
[2026-01-20 12:22:16] district User -> Save Data | approve district change yes ->Tumakuru@pds| 248 - F17227 - FRice
[2026-01-20 12:22:24] district User -> Save Data | approve district change yes ->Mandya@pds| 206 - F13478 - FRice
[2026-01-20 12:22:35] district User -> Save Data | approve district change yes ->Mandya@pds| 206 - F13479 - FRice
[2026-01-20 12:22:54] district User -> Save Data | approve district change yes ->Tumakuru@pds| 248 - F17228 - FRice
[2026-01-20 12:22:54] User -> Save Data | district user change id ->Mandya@pds| 205 - F13481 - FRice| 206
[2026-01-20 12:23:19] district_user -> FPS Edit ->Chamarajanagara@pds| Requested JSON -> {"name":"PACCB KALPURA","uniqueid":"FPS_69311484591","active":"1","type":"Model FPS","latitude":"11.941164","longitude":"76.839664","district":"Chamarajanagara","id":"F05420","demand":"78.35","demand_rice":0}
[2026-01-20 12:23:27] district User -> Save Data | approve district change yes ->Tumakuru@pds| 248 - F17229 - FRice
[2026-01-20 12:23:52] district User -> Save Data | approve district change yes ->Tumakuru@pds| 248 - F17231 - FRice
[2026-01-20 12:24:19] district User -> Save Data | approve district change yes ->Tumakuru@pds| 248 - F17244 - FRice
[2026-01-20 12:25:05] User -> Save Data | district user change id ->Chamarajanagara@pds| 82 - F05420 - FRice| 79
[2026-01-20 12:25:31] district User -> Save Data | approve district change yes ->Mandya@pds| 206 - F13482 - FRice
[2026-01-20 12:25:40] district User -> Save Data | approve district change yes ->| 216 - F14087 - FRice
[2026-01-20 12:25:41] district User -> Save Data | approve district change yes ->Mandya@pds| 206 - F13484 - FRice
[2026-01-20 12:25:42] district User -> Save Data | approve district change yes ->Tumakuru@pds| 249 - F17130 - FRice
[2026-01-20 12:25:49] User -> Save Data | district user change id ->| 216 - F14111 - FRice| same
[2026-01-20 12:25:49] district User -> Save Data | approve district change yes ->| 216 - F14087 - FRice
[2026-01-20 12:25:53] district User -> Save Data | approve district change yes ->Mandya@pds| 206 - F13485 - FRice
[2026-01-20 12:26:05] district User -> Save Data | approve district change yes ->Mandya@pds| 206 - F13487 - FRice
[2026-01-20 12:26:09] district User -> Save Data | approve district change yes ->Tumakuru@pds| 249 - F17132 - FRice
[2026-01-20 12:26:57] district User -> Save Data | approve district change yes ->Tumakuru@pds| 249 - F17133 - FRice
[2026-01-20 12:27:27] district User -> Save Data | approve district change yes ->Mandya@pds| 205 - F13541 - FRice
[2026-01-20 12:27:27] User -> Save Data | district user change id ->Mandya@pds| 206 - F13542 - FRice| 205
[2026-01-20 12:27:27] User -> Save Data | district user change id ->Mandya@pds| 206 - F13543 - FRice| 205
[2026-01-20 12:27:27] district User -> Save Data | approve district change yes ->Mandya@pds| 205 - F13569 - FRice
[2026-01-20 12:27:27] district User -> Save Data | approve district change yes ->Mandya@pds| 205 - F13570 - FRice
[2026-01-20 12:27:27] district User -> Save Data | approve district change yes ->Mandya@pds| 205 - F13571 - FRice
[2026-01-20 12:27:27] User -> Save Data | district user change id ->Mandya@pds| 206 - F13572 - FRice| 205
[2026-01-20 12:27:27] district User -> Save Data | approve district change yes ->Mandya@pds| 205 - F13574 - FRice
[2026-01-20 12:27:27] district User -> Save Data | approve district change yes ->Mandya@pds| 205 - F13575 - FRice
[2026-01-20 12:27:27] district User -> Save Data | approve district change yes ->Mandya@pds| 205 - F13579 - FRice
[2026-01-20 12:27:27] User -> Save Data | district user change id ->Mandya@pds| 202 - F13564 - FRice| 205
[2026-01-20 12:27:27] district User -> Save Data | approve district change yes ->Mandya@pds| 206 - F13472 - FRice
[2026-01-20 12:27:27] User -> Save Data | district user change id ->Mandya@pds| 205 - F13475 - FRice| 206
[2026-01-20 12:27:27] district User -> Save Data | approve district change yes ->Mandya@pds| 206 - F13476 - FRice
[2026-01-20 12:27:27] User -> Save Data | district user change id ->Mandya@pds| 205 - F13477 - FRice| 206
[2026-01-20 12:27:27] district User -> Save Data | approve district change yes ->Mandya@pds| 206 - F13478 - FRice
[2026-01-20 12:27:27] district User -> Save Data | approve district change yes ->Mandya@pds| 206 - F13479 - FRice
[2026-01-20 12:27:27] User -> Save Data | district user change id ->Mandya@pds| 205 - F13481 - FRice| 206
[2026-01-20 12:27:27] district User -> Save Data | approve district change yes ->Mandya@pds| 206 - F13482 - FRice
[2026-01-20 12:27:27] district User -> Save Data | approve district change yes ->Mandya@pds| 206 - F13484 - FRice
[2026-01-20 12:27:27] district User -> Save Data | approve district change yes ->Mandya@pds| 206 - F13485 - FRice
[2026-01-20 12:27:27] district User -> Save Data | approve district change yes ->Mandya@pds| 206 - F13487 - FRice
[2026-01-20 12:27:27] district User -> Save Data | approve district change yes ->Mandya@pds| 206 - F13488 - FRice
[2026-01-20 12:27:27] district User -> Save Data | approve district change yes ->Mandya@pds| 206 - F13489 - FRice
[2026-01-20 12:27:27] district User -> Save Data | approve district change yes ->Mandya@pds| 206 - F13490 - FRice
[2026-01-20 12:27:27] district User -> Save Data | approve district change yes ->Mandya@pds| 206 - F13491 - FRice
[2026-01-20 12:27:27] district User -> Save Data | approve district change yes ->Mandya@pds| 206 - F13492 - FRice
[2026-01-20 12:27:27] district User -> Save Data | approve district change yes ->Mandya@pds| 206 - F13493 - FRice
[2026-01-20 12:27:27] district User -> Save Data | approve district change yes ->Mandya@pds| 206 - F13494 - FRice
[2026-01-20 12:27:27] district User -> Save Data | approve district change yes ->Mandya@pds| 206 - F13495 - FRice
[2026-01-20 12:27:27] district User -> Save Data | approve district change yes ->Mandya@pds| 206 - F13496 - FRice
[2026-01-20 12:27:27] district User -> Save Data | approve district change yes ->Mandya@pds| 206 - F13497 - FRice
[2026-01-20 12:27:27] district User -> Save Data | approve district change yes ->Mandya@pds| 206 - F13498 - FRice
[2026-01-20 12:27:36] district User -> Save Data | approve district change yes ->Tumakuru@pds| 249 - F17134 - FRice
[2026-01-20 12:27:50] district User -> Save Data | approve district change yes ->Mysuru@pds| 216 - F14086 - FRice
[2026-01-20 12:28:04] district User -> Save Data | approve district change yes ->Tumakuru@pds| 249 - F17137 - FRice
[2026-01-20 12:28:44] district User -> Save Data | approve district change yes ->Tumakuru@pds| 249 - F17138 - FRice
[2026-01-20 12:29:04] User -> Save Data | district user change id ->Chamarajanagara@pds| 83 - F05516 - FRice| 79
[2026-01-20 12:29:04] district User -> Save Data | approve district change yes ->Mysuru@pds| 216 - F14081 - FRice
[2026-01-20 12:29:18] district User -> Save Data | approve district change yes ->Tumakuru@pds| 249 - F17141 - FRice
[2026-01-20 12:30:08] district User -> Save Data | approve district change yes ->Tumakuru@pds| 249 - F17143 - FRice
[2026-01-20 12:30:29] User -> Save Data | district user change id ->Chamarajanagara@pds| 83 - F05443 - FRice| 80
[2026-01-20 12:30:36] district User -> Save Data | approve district change yes ->Tumakuru@pds| 249 - F17144 - FRice
[2026-01-20 12:30:42] district User -> Save Data | approve district change yes ->Mandya@pds| 206 - F13499 - FRice
[2026-01-20 12:30:42] district User -> Save Data | approve district change yes ->Mandya@pds| 206 - F13500 - FRice
[2026-01-20 12:30:42] district User -> Save Data | approve district change yes ->Mandya@pds| 206 - F13501 - FRice
[2026-01-20 12:30:42] district User -> Save Data | approve district change yes ->Mandya@pds| 206 - F13502 - FRice
[2026-01-20 12:30:42] district User -> Save Data | approve district change yes ->Mandya@pds| 206 - F13503 - FRice
[2026-01-20 12:30:42] district User -> Save Data | approve district change yes ->Mandya@pds| 206 - F13504 - FRice
[2026-01-20 12:30:42] district User -> Save Data | approve district change yes ->Mandya@pds| 206 - F13505 - FRice
[2026-01-20 12:30:42] district User -> Save Data | approve district change yes ->Mandya@pds| 206 - F13506 - FRice
[2026-01-20 12:30:42] district User -> Save Data | approve district change yes ->Mandya@pds| 206 - F13507 - FRice
[2026-01-20 12:30:42] district User -> Save Data | approve district change yes ->Mandya@pds| 206 - F13508 - FRice
[2026-01-20 12:30:42] district User -> Save Data | approve district change yes ->Mandya@pds| 206 - F13509 - FRice
[2026-01-20 12:30:42] district User -> Save Data | approve district change yes ->Mandya@pds| 206 - F13510 - FRice
[2026-01-20 12:30:42] district User -> Save Data | approve district change yes ->Mandya@pds| 206 - F13512 - FRice
[2026-01-20 12:30:42] district User -> Save Data | approve district change yes ->Mandya@pds| 206 - F13513 - FRice
[2026-01-20 12:30:42] district User -> Save Data | approve district change yes ->Mandya@pds| 206 - F13514 - FRice
[2026-01-20 12:30:42] district User -> Save Data | approve district change yes ->Mandya@pds| 206 - F13515 - FRice
[2026-01-20 12:30:42] district User -> Save Data | approve district change yes ->Mandya@pds| 206 - F13516 - FRice
[2026-01-20 12:30:42] district User -> Save Data | approve district change yes ->Mandya@pds| 206 - F13517 - FRice
[2026-01-20 12:30:42] district User -> Save Data | approve district change yes ->Mandya@pds| 206 - F13518 - FRice
[2026-01-20 12:30:42] district User -> Save Data | approve district change yes ->Mandya@pds| 206 - F13519 - FRice
[2026-01-20 12:30:42] district User -> Save Data | approve district change yes ->Mandya@pds| 206 - F13540 - FRice
[2026-01-20 12:30:42] district User -> Save Data | approve district change yes ->Mandya@pds| 206 - F13544 - FRice
[2026-01-20 12:30:42] district User -> Save Data | approve district change yes ->Mandya@pds| 206 - F13545 - FRice
[2026-01-20 12:30:42] district User -> Save Data | approve district change yes ->Mandya@pds| 206 - F13547 - FRice
[2026-01-20 12:30:42] district User -> Save Data | approve district change yes ->Mandya@pds| 206 - F13548 - FRice
[2026-01-20 12:30:42] district User -> Save Data | approve district change yes ->Mandya@pds| 206 - F13549 - FRice
[2026-01-20 12:30:42] district User -> Save Data | approve district change yes ->Mandya@pds| 206 - F13550 - FRice
[2026-01-20 12:30:42] district User -> Save Data | approve district change yes ->Mandya@pds| 206 - F13551 - FRice
[2026-01-20 12:30:42] district User -> Save Data | approve district change yes ->Mandya@pds| 206 - F13552 - FRice
[2026-01-20 12:30:42] district User -> Save Data | approve district change yes ->Mandya@pds| 206 - F13553 - FRice
[2026-01-20 12:30:42] district User -> Save Data | approve district change yes ->Mandya@pds| 206 - F13554 - FRice
[2026-01-20 12:30:42] district User -> Save Data | approve district change yes ->Mandya@pds| 206 - F13555 - FRice
[2026-01-20 12:31:18] district User -> Save Data | approve district change yes ->Tumakuru@pds| 249 - F17145 - FRice
[2026-01-20 12:31:49] district User -> Save Data | approve district change yes ->Tumakuru@pds| 249 - F17147 - FRice
[2026-01-20 12:31:52] district User -> Save Data | approve district change yes ->Mandya@pds| 206 - F13556 - FRice
[2026-01-20 12:31:52] district User -> Save Data | approve district change yes ->Mandya@pds| 206 - F13557 - FRice
[2026-01-20 12:31:52] district User -> Save Data | approve district change yes ->Mandya@pds| 206 - F13558 - FRice
[2026-01-20 12:31:52] district User -> Save Data | approve district change yes ->Mandya@pds| 206 - F13559 - FRice
[2026-01-20 12:31:52] district User -> Save Data | approve district change yes ->Mandya@pds| 206 - F13560 - FRice
[2026-01-20 12:32:18] User -> Save Data | district user change id ->Mandya@pds| 205 - F13573 - FRice| 206
[2026-01-20 12:32:23] district User -> Save Data | approve district change yes ->Tumakuru@pds| 249 - F17148 - FRice
[2026-01-20 12:32:35] district User -> Save Data | approve district change yes ->Tumakuru@pds| 249 - F17149 - FRice
[2026-01-20 12:32:42] User -> Save Data | district user change id ->Mandya@pds| 205 - F13576 - FRice| 206
[2026-01-20 12:32:55] district User -> Save Data | approve district change yes ->Tumakuru@pds| 249 - F17152 - FRice
[2026-01-20 12:33:06] User -> Save Data | district user change id ->Mandya@pds| 205 - F13577 - FRice| 206
[2026-01-20 12:33:19] district User -> Save Data | approve district change yes ->Tumakuru@pds| 249 - F17153 - FRice
[2026-01-20 12:33:26] district User -> Save Data | approve district change yes ->Mandya@pds| 206 - F13561 - FRice
[2026-01-20 12:33:40] district User -> Save Data | approve district change yes ->Mandya@pds| 206 - F13562 - FRice
[2026-01-20 12:33:45] district User -> Save Data | approve district change yes ->Tumakuru@pds| 249 - F17154 - FRice
[2026-01-20 12:34:05] district User -> Save Data | approve district change yes ->Tumakuru@pds| 249 - F17155 - FRice
[2026-01-20 12:34:23] User -> Save Data | district user change id ->Mandya@pds| 202 - F13563 - FRice| 206
[2026-01-20 12:34:29] district User -> Save Data | approve district change yes ->Tumakuru@pds| 249 - F17156 - FRice
[2026-01-20 12:34:37] district User -> Save Data | approve district change yes ->Mandya@pds| 206 - F13565 - FRice
[2026-01-20 12:34:50] district User -> Save Data | approve district change yes ->Mandya@pds| 206 - F13566 - FRice
[2026-01-20 12:34:59] district User -> Save Data | approve district change yes ->Tumakuru@pds| 249 - F17157 - FRice
[2026-01-20 12:35:05] district User -> Save Data | approve district change yes ->Mandya@pds| 206 - F13567 - FRice
[2026-01-20 12:35:19] district User -> Save Data | approve district change yes ->Tumakuru@pds| 249 - F17158 - FRice
[2026-01-20 12:35:20] district User -> Save Data | approve district change yes ->Mandya@pds| 206 - F13568 - FRice
[2026-01-20 12:36:04] district User -> Save Data | approve district change yes ->Tumakuru@pds| 249 - F17159 - FRice
[2026-01-20 12:37:31] User -> Save Data | district user change id ->Chamarajanagara@pds| 83 - F05442 - FRice| 80
[2026-01-20 12:38:03] district User -> Save Data | approve district change yes ->Tumakuru@pds| 249 - F17160 - FRice
[2026-01-20 12:38:46] district User -> Save Data | approve district change yes ->Tumakuru@pds| 249 - F17161 - FRice
[2026-01-20 12:39:45] district User -> Save Data | approve district change yes ->Tumakuru@pds| 249 - F17162 - FRice
[2026-01-20 12:40:36] district User -> Save Data | approve district change yes ->Gadag@pds| 143 - F09240 - FRice
[2026-01-20 12:40:43] district User -> Save Data | approve district change yes ->Tumakuru@pds| 249 - F17163 - FRice
[2026-01-20 12:40:54] district User -> Save Data | approve district change yes ->Tumakuru@pds| 249 - F17164 - FRice
[2026-01-20 12:41:04] district User -> Save Data | approve district change yes ->Tumakuru@pds| 249 - F17165 - FRice
[2026-01-20 12:41:20] district User -> Save Data | implemeneted ->Gadag@pds| 143 - F09240 - FRice
[2026-01-20 12:41:22] district User -> Save Data | approve district change yes ->Tumakuru@pds| 249 - F17166 - FRice
[2026-01-20 12:41:39] district User -> Save Data | approve district change yes ->Tumakuru@pds| 249 - F17167 - FRice
[2026-01-20 12:41:54] district User -> Save Data | approve district change yes ->Tumakuru@pds| 249 - F17168 - FRice
[2026-01-20 12:42:35] User -> Save Data | district user change id ->Tumakuru@pds| 249 - F17169 - FRice| 248
[2026-01-20 12:42:48] User -> Save Data | district user change id ->Chamarajanagara@pds| 84 - F05852 - FRice| 85
[2026-01-20 12:43:20] User -> Save Data | district user change id ->Tumakuru@pds| 249 - F17170 - FRice| 248
[2026-01-20 12:43:33] User -> Save Data | district user change id ->Chamarajanagara@pds| 84 - F05853 - FRice| 85
[2026-01-20 12:43:36] district User -> Save Data | approve district change yes ->Gadag@pds| 143 - F09271 - FRice
[2026-01-20 12:43:44] User -> Save Data | district user change id ->Chamarajanagara@pds| 84 - F05854 - FRice| 85
[2026-01-20 12:43:55] User -> Save Data | district user change id ->Chamarajanagara@pds| 84 - F05855 - FRice| 85
[2026-01-20 12:43:59] district User -> Save Data | implemeneted ->Gadag@pds| 143 - F09271 - FRice
[2026-01-20 12:44:01] User -> Save Data | district user change id ->Tumakuru@pds| 249 - F17171 - FRice| 248
[2026-01-20 12:44:07] User -> Save Data | district user change id ->Chamarajanagara@pds| 84 - F05856 - FRice| 85
[2026-01-20 12:44:40] User -> Save Data | district user change id ->Tumakuru@pds| 249 - F17172 - FRice| 248
[2026-01-20 12:45:07] district User -> Save Data | approve district change yes ->Tumakuru@pds| 249 - F17173 - FRice
[2026-01-20 12:45:39] district User -> Save Data | approve district change yes ->Tumakuru@pds| 249 - F17174 - FRice
[2026-01-20 12:45:50] district User -> Save Data | approve district change yes ->Gadag@pds| 143 - F09272 - FRice
[2026-01-20 12:46:14] district User -> Save Data | approve district change yes ->Tumakuru@pds| 249 - F17175 - FRice
[2026-01-20 12:46:39] district User -> Save Data | implemeneted ->Gadag@pds| 143 - F09272 - FRice
[2026-01-20 12:46:57] district User -> Save Data | approve district change yes ->Tumakuru@pds| 249 - F17176 - FRice
[2026-01-20 12:47:31] district User -> Save Data | approve district change yes ->Tumakuru@pds| 249 - F17177 - FRice
[2026-01-20 12:48:06] district User -> Save Data | approve district change yes ->Tumakuru@pds| 249 - F17178 - FRice
[2026-01-20 12:48:39] User -> Save Data | district user change id ->Tumakuru@pds| 249 - F17179 - FRice| 248
[2026-01-20 12:49:15] User -> Save Data | district user change id ->Tumakuru@pds| 249 - F17180 - FRice| 248
[2026-01-20 12:49:47] district User -> Save Data | approve district change yes ->Tumakuru@pds| 249 - F17181 - FRice
[2026-01-20 12:50:09] district User -> Save Data | approve district change yes ->Tumakuru@pds| 249 - F17182 - FRice
[2026-01-20 12:50:23] User -> Save Data | district user change id ->Chamarajanagara@pds| 84 - F05857 - FRice| 85
[2026-01-20 12:50:47] User -> Save Data | district user change id ->Chamarajanagara@pds| 84 - F05858 - FRice| 85
[2026-01-20 12:50:50] district User -> Save Data | approve district change yes ->Tumakuru@pds| 249 - F17183 - FRice
[2026-01-20 12:51:34] User -> Save Data | district user change id ->Chamarajanagara@pds| 84 - F05859 - FRice| 85
[2026-01-20 12:51:59] User -> Save Data | district user change id ->Chamarajanagara@pds| 84 - F05860 - FRice| 85
[2026-01-20 12:52:28] User -> Save Data | district user change id ->Chamarajanagara@pds| 84 - F05863 - FRice| 85
[2026-01-20 12:52:51] User -> Save Data | district user change id ->Chamarajanagara@pds| 84 - F05864 - FRice| 85
[2026-01-20 12:53:00] district_user -> Warehouse Edit ->Bengaluru@pds| Requested JSON -> {"name":"Kfcsc Byatarayanapura","uniqueid":"WH_692fe51b6853","active":"1","type":"motorable","latitude":"13.1204","storage":"7000","district":"Bengaluru","id":"20","warehousetype":"swc","longitude":"77.5219"}
[2026-01-20 12:53:06] district User -> Save Data | approve district change yes ->Tumakuru@pds| 249 - F17184 - FRice
[2026-01-20 12:53:20] User -> Save Data | district user change id ->Chamarajanagara@pds| 84 - F05865 - FRice| 85
[2026-01-20 12:53:29] district User -> Save Data | approve district change yes ->Tumakuru@pds| 249 - F17185 - FRice
[2026-01-20 12:53:52] User -> Save Data | district user change id ->Chamarajanagara@pds| 84 - F05866 - FRice| 85
[2026-01-20 12:53:57] district User -> Save Data | approve district change yes ->Tumakuru@pds| 249 - F17186 - FRice
[2026-01-20 12:54:24] district User -> Save Data | approve district change yes ->Tumakuru@pds| 249 - F17187 - FRice
[2026-01-20 12:54:30] User -> Save Data | district user change id ->Chamarajanagara@pds| 84 - F05868 - FRice| 85
[2026-01-20 12:54:56] district User -> Save Data | approve district change yes ->Tumakuru@pds| 249 - F17188 - FRice
[2026-01-20 12:55:12] district User -> Save Data | approve district change yes ->Chamarajanagara@pds| 84 - F05777 - FRice
[2026-01-20 12:55:29] User -> Save Data | district user change id ->Tumakuru@pds| 249 - F17204 - FRice| 248
[2026-01-20 12:56:47] User -> Save Data | district user change id ->Tumakuru@pds| 249 - F17208 - FRice| 248
[2026-01-20 12:58:11] User -> Save Data | district user change id ->Chamarajanagara@pds| 85 - F05464 - FRice| 81
[2026-01-20 12:58:12] User -> Save Data | district user change id ->Tumakuru@pds| 249 - F17209 - FRice| 248
[2026-01-20 12:58:51] district User -> Save Data | approve district change yes ->Tumakuru@pds| 249 - F17225 - FRice
[2026-01-20 12:59:31] district User -> Save Data | approve district change yes ->Tumakuru@pds| 249 - F17230 - FRice
[2026-01-20 13:00:17] User -> Save Data | district user change id ->Tumakuru@pds| 249 - F17232 - FRice| 248
[2026-01-20 13:00:54] User -> Save Data | district user change id ->Tumakuru@pds| 249 - F17233 - FRice| 248
[2026-01-20 13:01:38] User -> Save Data | district user change id ->Tumakuru@pds| 249 - F17235 - FRice| 248
[2026-01-20 13:02:06] User -> Save Data | district user change id ->Tumakuru@pds| 249 - F17236 - FRice| 248
[2026-01-20 13:02:47] User -> Save Data | district user change id ->Tumakuru@pds| 249 - F17238 - FRice| 248
[2026-01-20 13:03:57] User -> Save Data | district user change id ->Tumakuru@pds| 249 - F17239 - FRice| 248
[2026-01-20 13:04:34] district User -> Save Data | approve district change yes ->kolar@pds| 195 - F12688 - FRice
[2026-01-20 13:04:34] district User -> Save Data | approve district change yes ->kolar@pds| 195 - F12690 - FRice
[2026-01-20 13:04:34] district User -> Save Data | approve district change yes ->kolar@pds| 195 - F12691 - FRice
[2026-01-20 13:04:34] district User -> Save Data | approve district change yes ->kolar@pds| 195 - F12692 - FRice
[2026-01-20 13:04:34] district User -> Save Data | approve district change yes ->kolar@pds| 195 - F12694 - FRice
[2026-01-20 13:04:34] district User -> Save Data | approve district change yes ->kolar@pds| 195 - F12695 - FRice
[2026-01-20 13:04:34] district User -> Save Data | approve district change yes ->kolar@pds| 195 - F12696 - FRice
[2026-01-20 13:04:34] district User -> Save Data | approve district change yes ->kolar@pds| 195 - F12697 - FRice
[2026-01-20 13:04:34] district User -> Save Data | approve district change yes ->kolar@pds| 195 - F12699 - FRice
[2026-01-20 13:04:34] district User -> Save Data | approve district change yes ->kolar@pds| 195 - F12700 - FRice
[2026-01-20 13:04:34] district User -> Save Data | approve district change yes ->kolar@pds| 195 - F12701 - FRice
[2026-01-20 13:04:35] district User -> Save Data | approve district change yes ->kolar@pds| 195 - F12702 - FRice
[2026-01-20 13:04:35] district User -> Save Data | approve district change yes ->kolar@pds| 195 - F12704 - FRice
[2026-01-20 13:04:35] district User -> Save Data | approve district change yes ->kolar@pds| 195 - F12709 - FRice
[2026-01-20 13:04:35] district User -> Save Data | approve district change yes ->kolar@pds| 195 - F12710 - FRice
[2026-01-20 13:04:35] district User -> Save Data | approve district change yes ->kolar@pds| 195 - F12711 - FRice
[2026-01-20 13:04:35] district User -> Save Data | approve district change yes ->kolar@pds| 195 - F12712 - FRice
[2026-01-20 13:04:47] User -> Save Data | district user change id ->Tumakuru@pds| 249 - F17241 - FRice| 248
[2026-01-20 13:05:35] district User -> Save Data | approve district change yes ->Tumakuru@pds| 249 - F17242 - FRice
[2026-01-20 13:06:49] User -> Save Data | district user change id ->Tumakuru@pds| 249 - F17243 - FRice| 248
[2026-01-20 13:07:24] district User -> Save Data | approve district change yes ->Gadag@pds| 143 - F09273 - FRice
[2026-01-20 13:07:34] User -> Save Data | district user change id ->Tumakuru@pds| 249 - F17245 - FRice| 248
[2026-01-20 13:07:47] district User -> Save Data | implemeneted ->Gadag@pds| 143 - F09273 - FRice
[2026-01-20 13:08:44] district User -> Save Data | approve district change yes ->Gadag@pds| 143 - F09279 - FRice
[2026-01-20 13:09:10] district User -> Save Data | implemeneted ->Gadag@pds| 143 - F09279 - FRice
[2026-01-20 13:15:00] district User -> Save Data | approve district change yes ->kolar@pds| 195 - F12713 - FRice
[2026-01-20 13:15:00] district User -> Save Data | approve district change yes ->kolar@pds| 195 - F12714 - FRice
[2026-01-20 13:15:00] district User -> Save Data | approve district change yes ->kolar@pds| 195 - F12716 - FRice
[2026-01-20 13:15:00] district User -> Save Data | approve district change yes ->kolar@pds| 195 - F12723 - FRice
[2026-01-20 13:15:00] district User -> Save Data | approve district change yes ->kolar@pds| 195 - F12724 - FRice
[2026-01-20 13:15:00] district User -> Save Data | approve district change yes ->kolar@pds| 195 - F12725 - FRice
[2026-01-20 13:15:00] district User -> Save Data | approve district change yes ->kolar@pds| 195 - F12726 - FRice
[2026-01-20 13:15:00] district User -> Save Data | approve district change yes ->kolar@pds| 195 - F12728 - FRice
[2026-01-20 13:15:00] district User -> Save Data | approve district change yes ->kolar@pds| 195 - F12730 - FRice
[2026-01-20 13:15:00] district User -> Save Data | approve district change yes ->kolar@pds| 195 - F12731 - FRice
[2026-01-20 13:15:00] district User -> Save Data | approve district change yes ->kolar@pds| 195 - F12733 - FRice
[2026-01-20 13:15:00] district User -> Save Data | approve district change yes ->kolar@pds| 195 - F12734 - FRice
[2026-01-20 13:15:00] district User -> Save Data | approve district change yes ->kolar@pds| 195 - F12735 - FRice
[2026-01-20 13:15:00] district User -> Save Data | approve district change yes ->kolar@pds| 195 - F12736 - FRice
[2026-01-20 13:15:00] district User -> Save Data | approve district change yes ->kolar@pds| 195 - F12737 - FRice
[2026-01-20 13:15:00] district User -> Save Data | approve district change yes ->kolar@pds| 195 - F12738 - FRice
[2026-01-20 13:15:00] district User -> Save Data | approve district change yes ->kolar@pds| 195 - F12739 - FRice
[2026-01-20 13:15:00] district User -> Save Data | approve district change yes ->kolar@pds| 195 - F12742 - FRice
[2026-01-20 13:15:00] district User -> Save Data | approve district change yes ->kolar@pds| 195 - F12743 - FRice
[2026-01-20 13:15:00] district User -> Save Data | approve district change yes ->kolar@pds| 195 - F12745 - FRice
[2026-01-20 13:15:00] district User -> Save Data | approve district change yes ->kolar@pds| 195 - F12746 - FRice
[2026-01-20 13:15:00] district User -> Save Data | approve district change yes ->kolar@pds| 195 - F12747 - FRice
[2026-01-20 13:15:00] district User -> Save Data | approve district change yes ->kolar@pds| 195 - F12748 - FRice
[2026-01-20 13:15:00] district User -> Save Data | approve district change yes ->kolar@pds| 195 - F12750 - FRice
[2026-01-20 13:15:00] district User -> Save Data | approve district change yes ->kolar@pds| 195 - F12751 - FRice
[2026-01-20 13:15:00] district User -> Save Data | approve district change yes ->kolar@pds| 195 - F12752 - FRice
[2026-01-20 13:15:00] district User -> Save Data | approve district change yes ->kolar@pds| 195 - F12756 - FRice
[2026-01-20 13:15:00] district User -> Save Data | approve district change yes ->kolar@pds| 195 - F12757 - FRice
[2026-01-20 13:15:00] district User -> Save Data | approve district change yes ->kolar@pds| 195 - F12760 - FRice
[2026-01-20 13:15:00] district User -> Save Data | approve district change yes ->kolar@pds| 195 - F12761 - FRice
[2026-01-20 13:15:00] district User -> Save Data | approve district change yes ->kolar@pds| 195 - F12776 - FRice
[2026-01-20 13:15:00] district User -> Save Data | approve district change yes ->kolar@pds| 195 - F12777 - FRice
[2026-01-20 13:15:01] district User -> Save Data | approve district change yes ->kolar@pds| 195 - F12778 - FRice
[2026-01-20 13:15:43] district User -> Save Data | implemeneted ->Chamarajanagara@pds| 80 - F05488 - FRice
[2026-01-20 13:15:43] district User -> Save Data | implemeneted ->Chamarajanagara@pds| 80 - F05407 - FRice
[2026-01-20 13:15:43] district User -> Save Data | implemeneted ->Chamarajanagara@pds| 80 - F05511 - FRice
[2026-01-20 13:15:43] district User -> Save Data | implemeneted ->Chamarajanagara@pds| 80 - F05396 - FRice
[2026-01-20 13:15:43] district User -> Save Data | implemeneted ->Chamarajanagara@pds| 80 - F05494 - FRice
[2026-01-20 13:15:43] district User -> Save Data | implemeneted ->Chamarajanagara@pds| 80 - F05496 - FRice
[2026-01-20 13:15:43] district User -> Save Data | implemeneted ->Chamarajanagara@pds| 80 - F05497 - FRice
[2026-01-20 13:15:43] district User -> Save Data | implemeneted ->Chamarajanagara@pds| 80 - F05480 - FRice
[2026-01-20 13:15:43] district User -> Save Data | implemeneted ->Chamarajanagara@pds| 80 - F05481 - FRice
[2026-01-20 13:15:43] district User -> Save Data | implemeneted ->Chamarajanagara@pds| 80 - F05486 - FRice
[2026-01-20 13:18:00] district User -> Save Data | implemeneted ->Chamarajanagara@pds| 83 - F05658 - FRice
[2026-01-20 13:18:00] district User -> Save Data | implemeneted ->Chamarajanagara@pds| 83 - F05655 - FRice
[2026-01-20 13:18:00] district User -> Save Data | implemeneted ->Chamarajanagara@pds| 83 - F05643 - FRice
[2026-01-20 13:18:00] district User -> Save Data | implemeneted ->Chamarajanagara@pds| 83 - F05597 - FRice
[2026-01-20 13:18:00] district User -> Save Data | implemeneted ->Chamarajanagara@pds| 83 - F05596 - FRice
[2026-01-20 13:18:00] district User -> Save Data | implemeneted ->Chamarajanagara@pds| 83 - F05595 - FRice
[2026-01-20 13:18:00] district User -> Save Data | implemeneted ->Chamarajanagara@pds| 83 - F05594 - FRice
[2026-01-20 13:18:00] district User -> Save Data | implemeneted ->Chamarajanagara@pds| 83 - F05593 - FRice
[2026-01-20 13:18:00] district User -> Save Data | implemeneted ->Chamarajanagara@pds| 83 - F05592 - FRice
[2026-01-20 13:18:00] district User -> Save Data | implemeneted ->Chamarajanagara@pds| 83 - F05591 - FRice
[2026-01-20 13:18:00] district User -> Save Data | implemeneted ->Chamarajanagara@pds| 83 - F05590 - FRice
[2026-01-20 13:18:00] district User -> Save Data | implemeneted ->Chamarajanagara@pds| 83 - F05589 - FRice
[2026-01-20 13:18:00] district User -> Save Data | implemeneted ->Chamarajanagara@pds| 83 - F05588 - FRice
[2026-01-20 13:21:27] district User -> Save Data | implemeneted ->Chamarajanagara@pds| 79 - F05608 - FRice
[2026-01-20 13:21:27] district User -> Save Data | implemeneted ->Chamarajanagara@pds| 82 - F05667 - FRice
[2026-01-20 13:21:27] district User -> Save Data | implemeneted ->Chamarajanagara@pds| 82 - F05666 - FRice
[2026-01-20 13:21:27] district User -> Save Data | implemeneted ->Chamarajanagara@pds| 82 - F05665 - FRice
[2026-01-20 13:21:27] district User -> Save Data | implemeneted ->Chamarajanagara@pds| 82 - F05664 - FRice
[2026-01-20 13:21:27] district User -> Save Data | implemeneted ->Chamarajanagara@pds| 82 - F05661 - FRice
[2026-01-20 13:21:27] district User -> Save Data | implemeneted ->Chamarajanagara@pds| 82 - F05609 - FRice
[2026-01-20 13:21:27] district User -> Save Data | implemeneted ->Chamarajanagara@pds| 82 - F05607 - FRice
[2026-01-20 13:21:27] district User -> Save Data | implemeneted ->Chamarajanagara@pds| 82 - F05606 - FRice
[2026-01-20 13:22:05] district User -> Save Data | implemeneted ->Chamarajanagara@pds| 82 - F05604 - FRice
[2026-01-20 13:22:05] district User -> Save Data | implemeneted ->Chamarajanagara@pds| 82 - F05603 - FRice
[2026-01-20 13:22:05] district User -> Save Data | implemeneted ->Chamarajanagara@pds| 82 - F05602 - FRice
[2026-01-20 13:22:05] district User -> Save Data | implemeneted ->Chamarajanagara@pds| 82 - F05601 - FRice
[2026-01-20 13:22:05] district User -> Save Data | implemeneted ->Chamarajanagara@pds| 82 - F05600 - FRice
[2026-01-20 13:22:05] district User -> Save Data | implemeneted ->Chamarajanagara@pds| 82 - F05599 - FRice
[2026-01-20 13:22:05] district User -> Save Data | implemeneted ->Chamarajanagara@pds| 82 - F05598 - FRice
[2026-01-20 13:26:43] district User -> Save Data | implemeneted ->kolar@pds| 195 - F12683 - FRice
[2026-01-20 13:26:43] district User -> Save Data | implemeneted ->kolar@pds| 195 - F12684 - FRice
[2026-01-20 13:26:43] district User -> Save Data | implemeneted ->kolar@pds| 195 - F12686 - FRice
[2026-01-20 13:26:43] district User -> Save Data | implemeneted ->kolar@pds| 195 - F12703 - FRice
[2026-01-20 13:26:43] district User -> Save Data | implemeneted ->kolar@pds| 195 - F12685 - FRice
[2026-01-20 13:26:43] district User -> Save Data | implemeneted ->kolar@pds| 195 - F12687 - FRice
[2026-01-20 13:26:43] district User -> Save Data | implemeneted ->kolar@pds| 195 - F12688 - FRice
[2026-01-20 13:26:43] district User -> Save Data | implemeneted ->kolar@pds| 195 - F12690 - FRice
[2026-01-20 13:26:43] district User -> Save Data | implemeneted ->kolar@pds| 195 - F12691 - FRice
[2026-01-20 13:26:43] district User -> Save Data | implemeneted ->kolar@pds| 195 - F12692 - FRice
[2026-01-20 13:26:43] district User -> Save Data | implemeneted ->kolar@pds| 195 - F12694 - FRice
[2026-01-20 13:26:43] district User -> Save Data | implemeneted ->kolar@pds| 195 - F12695 - FRice
[2026-01-20 13:26:43] district User -> Save Data | implemeneted ->kolar@pds| 195 - F12696 - FRice
[2026-01-20 13:26:43] district User -> Save Data | implemeneted ->kolar@pds| 195 - F12697 - FRice
[2026-01-20 13:26:43] district User -> Save Data | implemeneted ->kolar@pds| 195 - F12699 - FRice
[2026-01-20 13:26:43] district User -> Save Data | implemeneted ->kolar@pds| 195 - F12700 - FRice
[2026-01-20 13:26:43] district User -> Save Data | implemeneted ->kolar@pds| 195 - F12701 - FRice
[2026-01-20 13:26:43] district User -> Save Data | implemeneted ->kolar@pds| 195 - F12702 - FRice
[2026-01-20 13:26:43] district User -> Save Data | implemeneted ->kolar@pds| 195 - F12704 - FRice
[2026-01-20 13:26:43] district User -> Save Data | implemeneted ->kolar@pds| 195 - F12709 - FRice
[2026-01-20 13:26:43] district User -> Save Data | implemeneted ->kolar@pds| 195 - F12710 - FRice
[2026-01-20 13:26:44] district User -> Save Data | implemeneted ->kolar@pds| 195 - F12711 - FRice
[2026-01-20 13:26:44] district User -> Save Data | implemeneted ->kolar@pds| 195 - F12712 - FRice
[2026-01-20 13:26:44] district User -> Save Data | implemeneted ->kolar@pds| 195 - F12713 - FRice
[2026-01-20 13:26:44] district User -> Save Data | implemeneted ->kolar@pds| 195 - F12714 - FRice
[2026-01-20 13:26:44] district User -> Save Data | implemeneted ->kolar@pds| 195 - F12716 - FRice
[2026-01-20 13:26:44] district User -> Save Data | implemeneted ->kolar@pds| 195 - F12723 - FRice
[2026-01-20 13:26:44] district User -> Save Data | implemeneted ->kolar@pds| 195 - F12724 - FRice
[2026-01-20 13:26:44] district User -> Save Data | implemeneted ->kolar@pds| 195 - F12725 - FRice
[2026-01-20 13:26:44] district User -> Save Data | implemeneted ->kolar@pds| 195 - F12726 - FRice
[2026-01-20 13:26:44] district User -> Save Data | implemeneted ->kolar@pds| 195 - F12728 - FRice
[2026-01-20 13:26:44] district User -> Save Data | implemeneted ->kolar@pds| 195 - F12730 - FRice
[2026-01-20 13:26:44] district User -> Save Data | implemeneted ->kolar@pds| 195 - F12731 - FRice
[2026-01-20 13:26:44] district User -> Save Data | implemeneted ->kolar@pds| 195 - F12733 - FRice
[2026-01-20 13:26:44] district User -> Save Data | implemeneted ->kolar@pds| 195 - F12734 - FRice
[2026-01-20 13:26:44] district User -> Save Data | implemeneted ->kolar@pds| 195 - F12735 - FRice
[2026-01-20 13:26:44] district User -> Save Data | implemeneted ->kolar@pds| 195 - F12736 - FRice
[2026-01-20 13:26:44] district User -> Save Data | implemeneted ->kolar@pds| 195 - F12737 - FRice
[2026-01-20 13:26:44] district User -> Save Data | implemeneted ->kolar@pds| 195 - F12738 - FRice
[2026-01-20 13:26:44] district User -> Save Data | implemeneted ->kolar@pds| 195 - F12739 - FRice
[2026-01-20 13:26:44] district User -> Save Data | implemeneted ->kolar@pds| 195 - F12742 - FRice
[2026-01-20 13:26:44] district User -> Save Data | implemeneted ->kolar@pds| 195 - F12743 - FRice
[2026-01-20 13:26:44] district User -> Save Data | implemeneted ->kolar@pds| 195 - F12745 - FRice
[2026-01-20 13:26:44] district User -> Save Data | implemeneted ->kolar@pds| 195 - F12746 - FRice
[2026-01-20 13:26:44] district User -> Save Data | implemeneted ->kolar@pds| 195 - F12747 - FRice
[2026-01-20 13:26:44] district User -> Save Data | implemeneted ->kolar@pds| 195 - F12748 - FRice
[2026-01-20 13:26:44] district User -> Save Data | implemeneted ->kolar@pds| 195 - F12750 - FRice
[2026-01-20 13:26:44] district User -> Save Data | implemeneted ->kolar@pds| 195 - F12751 - FRice
[2026-01-20 13:26:45] district User -> Save Data | implemeneted ->kolar@pds| 195 - F12752 - FRice
[2026-01-20 13:26:45] district User -> Save Data | implemeneted ->kolar@pds| 195 - F12756 - FRice
[2026-01-20 13:26:45] district User -> Save Data | implemeneted ->kolar@pds| 195 - F12757 - FRice
[2026-01-20 13:26:45] district User -> Save Data | implemeneted ->kolar@pds| 195 - F12760 - FRice
[2026-01-20 13:26:45] district User -> Save Data | implemeneted ->kolar@pds| 195 - F12761 - FRice
[2026-01-20 13:26:45] district User -> Save Data | implemeneted ->kolar@pds| 195 - F12770 - FRice
[2026-01-20 13:26:45] district User -> Save Data | implemeneted ->kolar@pds| 195 - F12771 - FRice
[2026-01-20 13:26:45] district User -> Save Data | implemeneted ->kolar@pds| 195 - F12772 - FRice
[2026-01-20 13:26:45] district User -> Save Data | implemeneted ->kolar@pds| 195 - F12773 - FRice
[2026-01-20 13:26:45] district User -> Save Data | implemeneted ->kolar@pds| 195 - F12774 - FRice
[2026-01-20 13:26:45] district User -> Save Data | implemeneted ->kolar@pds| 195 - F12775 - FRice
[2026-01-20 13:26:45] district User -> Save Data | implemeneted ->kolar@pds| 195 - F12776 - FRice
[2026-01-20 13:26:45] district User -> Save Data | implemeneted ->kolar@pds| 195 - F12777 - FRice
[2026-01-20 13:26:45] district User -> Save Data | implemeneted ->kolar@pds| 195 - F12778 - FRice
[2026-01-20 13:32:00] district User -> Save Data | implemeneted ->Chamarajanagara@pds| 81 - F05828 - FRice
[2026-01-20 13:32:00] district User -> Save Data | implemeneted ->Chamarajanagara@pds| 81 - F05833 - FRice
[2026-01-20 13:32:00] district User -> Save Data | implemeneted ->Chamarajanagara@pds| 81 - F05834 - FRice
[2026-01-20 13:32:00] district User -> Save Data | implemeneted ->Chamarajanagara@pds| 81 - F05836 - FRice
[2026-01-20 13:32:00] district User -> Save Data | implemeneted ->Chamarajanagara@pds| 81 - F05838 - FRice
[2026-01-20 13:32:00] district User -> Save Data | implemeneted ->Chamarajanagara@pds| 81 - F05842 - FRice
[2026-01-20 13:32:00] district User -> Save Data | implemeneted ->Chamarajanagara@pds| 81 - F05847 - FRice
[2026-01-20 13:32:00] district User -> Save Data | implemeneted ->Chamarajanagara@pds| 81 - F05848 - FRice
[2026-01-20 13:32:00] district User -> Save Data | implemeneted ->Chamarajanagara@pds| 81 - F05841 - FRice
[2026-01-20 13:32:00] district User -> Save Data | implemeneted ->Chamarajanagara@pds| 81 - F05849 - FRice
[2026-01-20 13:32:00] district User -> Save Data | implemeneted ->Chamarajanagara@pds| 81 - F05844 - FRice
[2026-01-20 13:32:00] district User -> Save Data | implemeneted ->Chamarajanagara@pds| 81 - F05843 - FRice
[2026-01-20 13:32:00] district User -> Save Data | implemeneted ->Chamarajanagara@pds| 81 - F05839 - FRice
[2026-01-20 13:32:00] district User -> Save Data | implemeneted ->Chamarajanagara@pds| 81 - F05831 - FRice
[2026-01-20 13:32:00] district User -> Save Data | implemeneted ->Chamarajanagara@pds| 81 - F05830 - FRice
[2026-01-20 13:32:00] district User -> Save Data | implemeneted ->Chamarajanagara@pds| 81 - F05829 - FRice
[2026-01-20 15:07:46] User -> Save Data | district user change id ->Mandya@pds| 207 - F13585 - FRice| 208
[2026-01-20 15:08:06] district User -> Save Data | approve district change yes ->Mandya@pds| 208 - F13587 - FRice
[2026-01-20 15:08:24] district User -> Save Data | approve district change yes ->Mandya@pds| 208 - F13590 - FRice
[2026-01-20 15:08:49] User -> Save Data | district user change id ->Mandya@pds| 207 - F13591 - FRice| 208
[2026-01-20 15:09:11] User -> Save Data | district user change id ->Mandya@pds| 207 - F13596 - FRice| 208
[2026-01-20 15:09:39] User -> Save Data | district user change id ->Mandya@pds| 207 - F13602 - FRice| 208
[2026-01-20 15:10:02] User -> Save Data | district user change id ->Mandya@pds| 207 - F13605 - FRice| 208
[2026-01-20 15:11:25] User -> Save Data | district user change id ->Mandya@pds| 207 - F13611 - FRice| 208
[2026-01-20 15:11:52] User -> Save Data | district user change id ->Mandya@pds| 207 - F13612 - FRice| 208
[2026-01-20 15:12:14] User -> Save Data | district user change id ->Mandya@pds| 207 - F13618 - FRice| 208
[2026-01-20 15:12:36] User -> Save Data | district user change id ->Mandya@pds| 207 - F13619 - FRice| 208
[2026-01-20 15:12:52] district User -> Save Data | approve district change yes ->Mandya@pds| 208 - F13638 - FRice
[2026-01-20 15:13:04] district User -> Save Data | approve district change yes ->Mandya@pds| 208 - F13639 - FRice
[2026-01-20 15:13:16] district User -> Save Data | approve district change yes ->Mandya@pds| 208 - F13640 - FRice
[2026-01-20 15:13:39] district User -> Save Data | approve district change yes ->Mandya@pds| 208 - F13641 - FRice
[2026-01-20 15:13:52] district User -> Save Data | approve district change yes ->Mandya@pds| 208 - F13642 - FRice
[2026-01-20 15:14:02] district User -> Save Data | approve district change yes ->Mandya@pds| 208 - F13643 - FRice
[2026-01-20 15:14:15] district User -> Save Data | approve district change yes ->Mandya@pds| 208 - F13644 - FRice
[2026-01-20 15:14:29] district User -> Save Data | approve district change yes ->Mandya@pds| 208 - F13645 - FRice
[2026-01-20 15:14:41] district User -> Save Data | approve district change yes ->Mandya@pds| 208 - F13646 - FRice
[2026-01-20 15:14:54] district User -> Save Data | approve district change yes ->Mandya@pds| 208 - F13648 - FRice
[2026-01-20 15:15:05] district User -> Save Data | approve district change yes ->Mandya@pds| 208 - F13650 - FRice
[2026-01-20 15:15:15] district User -> Save Data | approve district change yes ->Mandya@pds| 208 - F13651 - FRice
[2026-01-20 15:15:31] district User -> Save Data | approve district change yes ->Mandya@pds| 208 - F13652 - FRice
[2026-01-20 15:15:43] district User -> Save Data | approve district change yes ->Mandya@pds| 208 - F13658 - FRice
[2026-01-20 15:16:01] district User -> Save Data | approve district change yes ->Mandya@pds| 208 - F13661 - FRice
[2026-01-20 15:16:14] district User -> Save Data | approve district change yes ->Mandya@pds| 208 - F13684 - FRice
[2026-01-20 15:16:24] district User -> Save Data | approve district change yes ->Mandya@pds| 208 - F13685 - FRice
[2026-01-20 15:16:36] district User -> Save Data | approve district change yes ->Mandya@pds| 208 - F13690 - FRice
[2026-01-20 15:16:47] district User -> Save Data | approve district change yes ->Mandya@pds| 208 - F13691 - FRice
[2026-01-20 15:16:58] district User -> Save Data | approve district change yes ->Mandya@pds| 208 - F13692 - FRice
[2026-01-20 15:17:22] User -> Save Data | district user change id ->Mandya@pds| 207 - F13625 - FRice| 208
[2026-01-20 15:28:13] User -> Save Data | district user change id ->Tumakuru@pds| 246 - F17836 - FRice| 255
[2026-01-20 15:31:01] User -> Save Data | district user change id ->Tumakuru@pds| 246 - F17871 - FRice| 255
[2026-01-20 15:31:39] User -> Save Data | district user change id ->Tumakuru@pds| 246 - F17876 - FRice| 255
[2026-01-20 15:34:39] User -> Save Data | district user change id ->Mandya@pds| 207 - F13585 - FRice| 208
[2026-01-20 15:34:39] district User -> Save Data | approve district change yes ->Mandya@pds| 208 - F13587 - FRice
[2026-01-20 15:34:39] district User -> Save Data | approve district change yes ->Mandya@pds| 208 - F13590 - FRice
[2026-01-20 15:34:39] User -> Save Data | district user change id ->Mandya@pds| 207 - F13591 - FRice| 208
[2026-01-20 15:34:39] User -> Save Data | district user change id ->Mandya@pds| 207 - F13596 - FRice| 208
[2026-01-20 15:34:39] User -> Save Data | district user change id ->Mandya@pds| 207 - F13602 - FRice| 208
[2026-01-20 15:34:39] User -> Save Data | district user change id ->Mandya@pds| 207 - F13605 - FRice| 208
[2026-01-20 15:34:39] User -> Save Data | district user change id ->Mandya@pds| 207 - F13611 - FRice| 208
[2026-01-20 15:34:39] User -> Save Data | district user change id ->Mandya@pds| 207 - F13612 - FRice| 208
[2026-01-20 15:34:39] User -> Save Data | district user change id ->Mandya@pds| 207 - F13618 - FRice| 208
[2026-01-20 15:34:39] User -> Save Data | district user change id ->Mandya@pds| 207 - F13619 - FRice| 208
[2026-01-20 15:34:39] district User -> Save Data | approve district change yes ->Mandya@pds| 208 - F13638 - FRice
[2026-01-20 15:34:39] district User -> Save Data | approve district change yes ->Mandya@pds| 208 - F13639 - FRice
[2026-01-20 15:34:39] district User -> Save Data | approve district change yes ->Mandya@pds| 208 - F13640 - FRice
[2026-01-20 15:34:39] district User -> Save Data | approve district change yes ->Mandya@pds| 208 - F13641 - FRice
[2026-01-20 15:34:39] district User -> Save Data | approve district change yes ->Mandya@pds| 208 - F13642 - FRice
[2026-01-20 15:34:39] district User -> Save Data | approve district change yes ->Mandya@pds| 208 - F13643 - FRice
[2026-01-20 15:34:39] district User -> Save Data | approve district change yes ->Mandya@pds| 208 - F13644 - FRice
[2026-01-20 15:34:39] district User -> Save Data | approve district change yes ->Mandya@pds| 208 - F13645 - FRice
[2026-01-20 15:34:39] district User -> Save Data | approve district change yes ->Mandya@pds| 208 - F13646 - FRice
[2026-01-20 15:34:39] district User -> Save Data | approve district change yes ->Mandya@pds| 208 - F13648 - FRice
[2026-01-20 15:34:39] district User -> Save Data | approve district change yes ->Mandya@pds| 208 - F13650 - FRice
[2026-01-20 15:34:39] district User -> Save Data | approve district change yes ->Mandya@pds| 208 - F13651 - FRice
[2026-01-20 15:34:39] district User -> Save Data | approve district change yes ->Mandya@pds| 208 - F13652 - FRice
[2026-01-20 15:34:40] district User -> Save Data | approve district change yes ->Mandya@pds| 208 - F13658 - FRice
[2026-01-20 15:34:40] district User -> Save Data | approve district change yes ->Mandya@pds| 208 - F13661 - FRice
[2026-01-20 15:34:40] district User -> Save Data | approve district change yes ->Mandya@pds| 208 - F13684 - FRice
[2026-01-20 15:34:40] district User -> Save Data | approve district change yes ->Mandya@pds| 208 - F13685 - FRice
[2026-01-20 15:34:40] district User -> Save Data | approve district change yes ->Mandya@pds| 208 - F13690 - FRice
[2026-01-20 15:34:40] district User -> Save Data | approve district change yes ->Mandya@pds| 208 - F13691 - FRice
[2026-01-20 15:34:40] district User -> Save Data | approve district change yes ->Mandya@pds| 208 - F13692 - FRice
[2026-01-20 15:34:40] User -> Save Data | district user change id ->Mandya@pds| 207 - F13625 - FRice| 208
[2026-01-20 15:34:40] district User -> Save Data | approve district change yes ->Mandya@pds| 207 - F13580 - FRice
[2026-01-20 15:34:40] district User -> Save Data | approve district change yes ->Mandya@pds| 207 - F13581 - FRice
[2026-01-20 15:34:40] district User -> Save Data | approve district change yes ->Mandya@pds| 207 - F13582 - FRice
[2026-01-20 15:34:40] district User -> Save Data | approve district change yes ->Mandya@pds| 207 - F13583 - FRice
[2026-01-20 15:34:40] district User -> Save Data | approve district change yes ->Mandya@pds| 207 - F13584 - FRice
[2026-01-20 15:34:40] district User -> Save Data | approve district change yes ->Mandya@pds| 207 - F13586 - FRice
[2026-01-20 15:34:40] district User -> Save Data | approve district change yes ->Mandya@pds| 207 - F13588 - FRice
[2026-01-20 15:34:40] district User -> Save Data | approve district change yes ->Mandya@pds| 207 - F13589 - FRice
[2026-01-20 15:34:40] district User -> Save Data | approve district change yes ->Mandya@pds| 207 - F13593 - FRice
[2026-01-20 15:34:40] district User -> Save Data | approve district change yes ->Mandya@pds| 207 - F13594 - FRice
[2026-01-20 15:34:40] district User -> Save Data | approve district change yes ->Mandya@pds| 207 - F13595 - FRice
[2026-01-20 15:34:40] district User -> Save Data | approve district change yes ->Mandya@pds| 207 - F13597 - FRice
[2026-01-20 15:34:40] district User -> Save Data | approve district change yes ->Mandya@pds| 207 - F13598 - FRice
[2026-01-20 15:34:40] district User -> Save Data | approve district change yes ->Mandya@pds| 207 - F13599 - FRice
[2026-01-20 15:34:40] district User -> Save Data | approve district change yes ->Mandya@pds| 207 - F13600 - FRice
[2026-01-20 15:34:40] district User -> Save Data | approve district change yes ->Mandya@pds| 207 - F13601 - FRice
[2026-01-20 15:34:40] district User -> Save Data | approve district change yes ->Mandya@pds| 207 - F13603 - FRice
[2026-01-20 15:34:40] district User -> Save Data | approve district change yes ->Mandya@pds| 207 - F13604 - FRice
[2026-01-20 15:34:40] district User -> Save Data | approve district change yes ->Mandya@pds| 207 - F13606 - FRice
[2026-01-20 15:34:40] district User -> Save Data | approve district change yes ->Mandya@pds| 207 - F13607 - FRice
[2026-01-20 15:41:53] district User -> Save Data | approve district change yes ->Mandya@pds| 207 - F13608 - FRice
[2026-01-20 15:41:53] district User -> Save Data | approve district change yes ->Mandya@pds| 207 - F13609 - FRice
[2026-01-20 15:41:53] district User -> Save Data | approve district change yes ->Mandya@pds| 207 - F13610 - FRice
[2026-01-20 15:42:42] district_user -> FPS Edit ->Chamarajanagara@pds| Requested JSON -> {"name":"MARDAAN FPS KOWDALLY","uniqueid":"FPS_69311486cb6","active":"1","type":"Model FPS","latitude":"12.0667098","longitude":"77.4445599","district":"Chamarajanagara","id":"F05697","demand":"159.45","demand_rice":0}
[2026-01-20 15:44:01] district User -> Save Data | approve district change yes ->Mandya@pds| 207 - F13617 - FRice
[2026-01-20 15:44:01] district User -> Save Data | approve district change yes ->Mandya@pds| 207 - F13616 - FRice
[2026-01-20 15:44:01] district User -> Save Data | approve district change yes ->Mandya@pds| 207 - F13615 - FRice
[2026-01-20 15:44:01] district User -> Save Data | approve district change yes ->Mandya@pds| 207 - F13614 - FRice
[2026-01-20 15:44:01] district User -> Save Data | approve district change yes ->Mandya@pds| 207 - F13613 - FRice
[2026-01-20 15:44:01] district User -> Save Data | approve district change yes ->Mandya@pds| 207 - F13620 - FRice
[2026-01-20 15:44:01] district User -> Save Data | approve district change yes ->Mandya@pds| 207 - F13621 - FRice
[2026-01-20 15:44:01] district User -> Save Data | approve district change yes ->Mandya@pds| 207 - F13622 - FRice
[2026-01-20 15:44:10] User -> Save Data | district user change id ->Chamarajanagara@pds| 84 - F05698 - FRice| 86
[2026-01-20 15:44:54] district User -> Save Data | approve district change yes ->Mandya@pds| 207 - F13629 - FRice
[2026-01-20 15:45:24] User -> Save Data | district user change id ->Mandya@pds| 208 - F13630 - FRice| 207
[2026-01-20 15:47:30] district User -> Save Data | approve district change yes ->Mandya@pds| 207 - F13629 - FRice
[2026-01-20 15:47:30] User -> Save Data | district user change id ->Mandya@pds| 208 - F13630 - FRice| 207
[2026-01-20 15:47:30] district User -> Save Data | approve district change yes ->Mandya@pds| 207 - F13631 - FRice
[2026-01-20 15:47:30] district User -> Save Data | approve district change yes ->Mandya@pds| 207 - F13632 - FRice
[2026-01-20 15:47:30] district User -> Save Data | approve district change yes ->Mandya@pds| 207 - F13633 - FRice
[2026-01-20 15:47:30] district User -> Save Data | approve district change yes ->Mandya@pds| 207 - F13634 - FRice
[2026-01-20 15:47:30] district User -> Save Data | approve district change yes ->Mandya@pds| 207 - F13635 - FRice
[2026-01-20 15:47:30] district User -> Save Data | approve district change yes ->Mandya@pds| 207 - F13636 - FRice
[2026-01-20 15:47:30] district User -> Save Data | approve district change yes ->Mandya@pds| 207 - F13637 - FRice
[2026-01-20 15:48:29] User -> Save Data | district user change id ->Koppal@pds| 201 - F13085 - FRice| 200
[2026-01-20 15:51:14] User -> Save Data | district user change id ->Mandya@pds| 204 - F13647 - FRice| 207
[2026-01-20 15:51:42] User -> Save Data | district user change id ->Mandya@pds| 204 - F13649 - FRice| 207
[2026-01-20 15:52:22] User -> Save Data | district user change id ->Mandya@pds| 204 - F13647 - FRice| 207
[2026-01-20 15:52:22] User -> Save Data | district user change id ->Mandya@pds| 204 - F13649 - FRice| 207
[2026-01-20 15:52:22] district User -> Save Data | approve district change yes ->Mandya@pds| 207 - F13656 - FRice
[2026-01-20 15:52:22] district User -> Save Data | approve district change yes ->Mandya@pds| 207 - F13655 - FRice
[2026-01-20 15:52:22] district User -> Save Data | approve district change yes ->Mandya@pds| 207 - F13654 - FRice
[2026-01-20 15:52:22] district User -> Save Data | approve district change yes ->Mandya@pds| 207 - F13653 - FRice
[2026-01-20 15:52:24] User -> Save Data | district user change id ->Tumakuru@pds| 246 - F17887 - FRice| 255
[2026-01-20 15:52:50] User -> Save Data | district user change id ->Mandya@pds| 208 - F13657 - FRice| 207
[2026-01-20 15:52:53] User -> Save Data | district user change id ->Chamarajanagara@pds| 83 - F05441 - FRice| 80
[2026-01-20 15:53:02] User -> Save Data | district user change id ->Tumakuru@pds| 246 - F17888 - FRice| 255
[2026-01-20 15:53:13] User -> Save Data | district user change id ->Gadag@pds| 143 - F09280 - FRice| 144
[2026-01-20 15:53:23] User -> Save Data | district user change id ->Tumakuru@pds| 246 - F17889 - FRice| 255
[2026-01-20 15:53:56] district User -> Save Data | implemeneted ->Gadag@pds| 143 - F09280 - FRice
[2026-01-20 15:54:41] User -> Save Data | district user change id ->Gadag@pds| 143 - F09281 - FRice| 144
[2026-01-20 15:54:48] User -> Save Data | district user change id ->Tumakuru@pds| 246 - F17890 - FRice| 255
[2026-01-20 15:55:01] User -> Save Data | district user change id ->Mandya@pds| 208 - F13657 - FRice| 207
[2026-01-20 15:55:01] district User -> Save Data | approve district change yes ->Mandya@pds| 207 - F13662 - FRice
[2026-01-20 15:55:01] district User -> Save Data | approve district change yes ->Mandya@pds| 207 - F13660 - FRice
[2026-01-20 15:55:02] district User -> Save Data | approve district change yes ->Mandya@pds| 207 - F13659 - FRice
[2026-01-20 15:55:02] district User -> Save Data | approve district change yes ->Mandya@pds| 207 - F13663 - FRice
[2026-01-20 15:55:02] district User -> Save Data | approve district change yes ->Mandya@pds| 207 - F13664 - FRice
[2026-01-20 15:55:02] district User -> Save Data | approve district change yes ->Mandya@pds| 207 - F13665 - FRice
[2026-01-20 15:55:02] district User -> Save Data | approve district change yes ->Mandya@pds| 207 - F13666 - FRice
[2026-01-20 15:55:02] district User -> Save Data | approve district change yes ->Mandya@pds| 207 - F13667 - FRice
[2026-01-20 15:55:02] district User -> Save Data | approve district change yes ->Mandya@pds| 207 - F13668 - FRice
[2026-01-20 15:55:02] district User -> Save Data | approve district change yes ->Mandya@pds| 207 - F13669 - FRice
[2026-01-20 15:55:02] district User -> Save Data | approve district change yes ->Mandya@pds| 207 - F13670 - FRice
[2026-01-20 15:55:02] district User -> Save Data | approve district change yes ->Mandya@pds| 207 - F13671 - FRice
[2026-01-20 15:55:02] district User -> Save Data | approve district change yes ->Mandya@pds| 207 - F13672 - FRice
[2026-01-20 15:55:02] district User -> Save Data | approve district change yes ->Mandya@pds| 207 - F13673 - FRice
[2026-01-20 15:55:02] district User -> Save Data | approve district change yes ->Mandya@pds| 207 - F13674 - FRice
[2026-01-20 15:55:15] User -> Save Data | district user change id ->Tumakuru@pds| 246 - F17891 - FRice| 255
[2026-01-20 15:55:32] User -> Save Data | district user change id ->Mandya@pds| 208 - F13675 - FRice| 207
[2026-01-20 15:55:32] User -> Save Data | district user change id ->Tumakuru@pds| 246 - F17892 - FRice| 255
[2026-01-20 15:55:53] User -> Save Data | district user change id ->Tumakuru@pds| 246 - F17893 - FRice| 255
[2026-01-20 15:55:53] User -> Save Data | district user change id ->Mandya@pds| 208 - F13676 - FRice| 207
[2026-01-20 15:56:14] User -> Save Data | district user change id ->Mandya@pds| 208 - F13677 - FRice| 207
[2026-01-20 15:56:20] User -> Save Data | district user change id ->Tumakuru@pds| 246 - F17900 - FRice| 255
[2026-01-20 15:56:44] User -> Save Data | district user change id ->Mandya@pds| 208 - F13678 - FRice| 207
[2026-01-20 15:57:00] district User -> Save Data | approve district change yes ->Mandya@pds| 207 - F13679 - FRice
[2026-01-20 15:57:13] district User -> Save Data | implemeneted ->Gadag@pds| 143 - F09281 - FRice
[2026-01-20 15:57:18] User -> Save Data | district user change id ->Mandya@pds| 208 - F13680 - FRice| 207
[2026-01-20 15:57:42] User -> Save Data | district user change id ->Mandya@pds| 208 - F13681 - FRice| 207
[2026-01-20 15:58:01] User -> Save Data | district user change id ->Mandya@pds| 208 - F13682 - FRice| 207
[2026-01-20 15:58:30] User -> Save Data | district user change id ->Mandya@pds| 208 - F13683 - FRice| 207
[2026-01-20 15:58:50] User -> Save Data | district user change id ->Mandya@pds| 208 - F13686 - FRice| 207
[2026-01-20 15:59:15] User -> Save Data | district user change id ->Mandya@pds| 208 - F13687 - FRice| 207
[2026-01-20 15:59:46] district User -> Save Data | approve district change yes ->Mandya@pds| 207 - F13688 - FRice
[2026-01-20 15:59:52] district User -> Save Data | approve district change yes ->Mandya@pds| 207 - F13689 - FRice
[2026-01-20 16:00:16] User -> Save Data | district user change id ->Gadag@pds| 143 - F09282 - FRice| 144
[2026-01-20 16:00:28] User -> Save Data | district user change id ->Mandya@pds| 204 - F13693 - FRice| 207
[2026-01-20 16:00:49] User -> Save Data | district user change id ->Mandya@pds| 208 - F13694 - FRice| 207
[2026-01-20 16:01:23] User -> Save Data | district user change id ->Gadag@pds| 143 - F09283 - FRice| 144
[2026-01-20 16:02:04] User -> Save Data | district user change id ->Tumakuru@pds| 248 - F17881 - FRice| 255
[2026-01-20 16:02:16] User -> Save Data | district user change id ->Mandya@pds| 208 - F13675 - FRice| 207
[2026-01-20 16:02:17] User -> Save Data | district user change id ->Mandya@pds| 208 - F13676 - FRice| 207
[2026-01-20 16:02:17] User -> Save Data | district user change id ->Mandya@pds| 208 - F13677 - FRice| 207
[2026-01-20 16:02:17] User -> Save Data | district user change id ->Mandya@pds| 208 - F13678 - FRice| 207
[2026-01-20 16:02:17] district User -> Save Data | approve district change yes ->Mandya@pds| 207 - F13679 - FRice
[2026-01-20 16:02:17] User -> Save Data | district user change id ->Mandya@pds| 208 - F13680 - FRice| 207
[2026-01-20 16:02:17] User -> Save Data | district user change id ->Mandya@pds| 208 - F13681 - FRice| 207
[2026-01-20 16:02:17] User -> Save Data | district user change id ->Mandya@pds| 208 - F13682 - FRice| 207
[2026-01-20 16:02:17] User -> Save Data | district user change id ->Mandya@pds| 208 - F13683 - FRice| 207
[2026-01-20 16:02:17] User -> Save Data | district user change id ->Mandya@pds| 208 - F13686 - FRice| 207
[2026-01-20 16:02:17] User -> Save Data | district user change id ->Mandya@pds| 208 - F13687 - FRice| 207
[2026-01-20 16:02:17] district User -> Save Data | approve district change yes ->Mandya@pds| 207 - F13688 - FRice
[2026-01-20 16:02:17] district User -> Save Data | approve district change yes ->Mandya@pds| 207 - F13689 - FRice
[2026-01-20 16:02:17] User -> Save Data | district user change id ->Mandya@pds| 204 - F13693 - FRice| 207
[2026-01-20 16:02:17] User -> Save Data | district user change id ->Mandya@pds| 208 - F13694 - FRice| 207
[2026-01-20 16:02:17] district User -> Save Data | approve district change yes ->Mandya@pds| 207 - F13695 - FRice
[2026-01-20 16:02:17] district User -> Save Data | approve district change yes ->Mandya@pds| 207 - F13696 - FRice
[2026-01-20 16:02:17] district User -> Save Data | approve district change yes ->Mandya@pds| 207 - F13697 - FRice
[2026-01-20 16:02:17] district User -> Save Data | approve district change yes ->Mandya@pds| 207 - F13698 - FRice
[2026-01-20 16:02:17] district User -> Save Data | approve district change yes ->Mandya@pds| 207 - F13699 - FRice
[2026-01-20 16:02:17] district User -> Save Data | approve district change yes ->Mandya@pds| 207 - F13701 - FRice
[2026-01-20 16:02:17] district User -> Save Data | approve district change yes ->Mandya@pds| 207 - F13702 - FRice
[2026-01-20 16:02:17] district User -> Save Data | approve district change yes ->Mandya@pds| 207 - F13703 - FRice
[2026-01-20 16:02:17] district User -> Save Data | approve district change yes ->Mandya@pds| 207 - F13704 - FRice
[2026-01-20 16:02:17] district User -> Save Data | approve district change yes ->Mandya@pds| 207 - F13705 - FRice
[2026-01-20 16:02:17] district User -> Save Data | approve district change yes ->Mandya@pds| 207 - F13706 - FRice
[2026-01-20 16:02:17] district User -> Save Data | approve district change yes ->Mandya@pds| 207 - F13707 - FRice
[2026-01-20 16:03:17] User -> Save Data | district user change id ->Tumakuru@pds| 248 - F17882 - FRice| 255
[2026-01-20 16:03:18] district User -> Save Data | approve district change yes ->Mandya@pds| 207 - F13709 - FRice
[2026-01-20 16:03:18] district User -> Save Data | approve district change yes ->Mandya@pds| 207 - F13710 - FRice
[2026-01-20 16:03:18] district User -> Save Data | approve district change yes ->Mandya@pds| 207 - F13711 - FRice
[2026-01-20 16:03:18] district User -> Save Data | approve district change yes ->Mandya@pds| 207 - F13713 - FRice
[2026-01-20 16:03:18] district User -> Save Data | approve district change yes ->Mandya@pds| 207 - F13714 - FRice
[2026-01-20 16:03:18] district User -> Save Data | approve district change yes ->Mandya@pds| 207 - F13715 - FRice
[2026-01-20 16:03:51] User -> Save Data | district user change id ->Gadag@pds| 143 - F09284 - FRice| 144
[2026-01-20 16:04:10] User -> Save Data | district user change id ->Tumakuru@pds| 248 - F17883 - FRice| 255
[2026-01-20 16:04:12] User -> Save Data | district user change id ->Gadag@pds| 143 - F09285 - FRice| 144
[2026-01-20 16:04:46] User -> Save Data | district user change id ->Tumakuru@pds| 248 - F17884 - FRice| 255
[2026-01-20 16:05:07] User -> Save Data | district user change id ->Gadag@pds| 143 - F09286 - FRice| 144
[2026-01-20 16:05:28] User -> Save Data | district user change id ->Mandya@pds| 209 - F13716 - FRice| 207
[2026-01-20 16:05:47] district User -> Save Data | approve district change yes ->Mandya@pds| 207 - F13718 - FRice
[2026-01-20 16:05:50] User -> Save Data | district user change id ->Tumakuru@pds| 248 - F17885 - FRice| 255
[2026-01-20 16:06:13] User -> Save Data | district user change id ->Mandya@pds| 210 - F13719 - FRice| 207
[2026-01-20 16:06:19] User -> Save Data | district user change id ->Tumakuru@pds| 248 - F17886 - FRice| 255
[2026-01-20 16:06:37] User -> Save Data | district user change id ->Mandya@pds| 209 - F13720 - FRice| 207
[2026-01-20 16:06:58] User -> Save Data | district user change id ->Mandya@pds| 209 - F13721 - FRice| 207
[2026-01-20 16:07:20] User -> Save Data | district user change id ->Mandya@pds| 209 - F13722 - FRice| 207
[2026-01-20 16:07:41] User -> Save Data | district user change id ->Mandya@pds| 209 - F13723 - FRice| 207
[2026-01-20 16:08:01] User -> Save Data | district user change id ->Tumakuru@pds| 249 - F17877 - FRice| 255
[2026-01-20 16:08:02] User -> Save Data | district user change id ->Mandya@pds| 209 - F13724 - FRice| 207
[2026-01-20 16:08:21] User -> Save Data | district user change id ->Mandya@pds| 209 - F13725 - FRice| 207
[2026-01-20 16:08:28] User -> Save Data | district user change id ->Tumakuru@pds| 249 - F17894 - FRice| 255
[2026-01-20 16:08:50] User -> Save Data | district user change id ->Mandya@pds| 208 - F13726 - FRice| 207
[2026-01-20 16:09:18] User -> Save Data | district user change id ->Tumakuru@pds| 249 - F17895 - FRice| 255
[2026-01-20 16:09:21] User -> Save Data | district user change id ->Mandya@pds| 209 - F13727 - FRice| 207
[2026-01-20 16:09:43] User -> Save Data | district user change id ->Mandya@pds| 208 - F13728 - FRice| 207
[2026-01-20 16:10:20] User -> Save Data | district user change id ->Tumakuru@pds| 249 - F17896 - FRice| 255
[2026-01-20 16:10:46] User -> Save Data | district user change id ->Gadag@pds| 143 - F09287 - FRice| 144
[2026-01-20 16:11:43] district User -> Save Data | implemeneted ->Gadag@pds| 143 - F09282 - FRice
[2026-01-20 16:11:43] district User -> Save Data | implemeneted ->Chamarajanagara@pds| 80 - F05519 - FRice
[2026-01-20 16:11:43] district User -> Save Data | implemeneted ->Chamarajanagara@pds| 80 - F05521 - FRice
[2026-01-20 16:11:43] district User -> Save Data | implemeneted ->Chamarajanagara@pds| 80 - F05522 - FRice
[2026-01-20 16:11:43] district User -> Save Data | implemeneted ->Chamarajanagara@pds| 80 - F05523 - FRice
[2026-01-20 16:11:43] district User -> Save Data | implemeneted ->Chamarajanagara@pds| 80 - F05524 - FRice
[2026-01-20 16:11:49] User -> Save Data | district user change id ->Tumakuru@pds| 254 - F17790 - FRice| 255
[2026-01-20 16:12:06] User -> Save Data | district user change id ->Mandya@pds| 208 - F13729 - FRice| 207
[2026-01-20 16:12:20] User -> Save Data | district user change id ->Tumakuru@pds| 254 - F17791 - FRice| 255
[2026-01-20 16:12:37] User -> Save Data | district user change id ->Mandya@pds| 208 - F13730 - FRice| 207
[2026-01-20 16:12:57] district User -> Save Data | implemeneted ->Gadag@pds| 143 - F09283 - FRice
[2026-01-20 16:12:59] User -> Save Data | district user change id ->Mandya@pds| 208 - F13731 - FRice| 207
[2026-01-20 16:13:00] district User -> Save Data | implemeneted ->Chamarajanagara@pds| 80 - F05437 - FRice
[2026-01-20 16:13:00] district User -> Save Data | implemeneted ->Chamarajanagara@pds| 80 - F05438 - FRice
[2026-01-20 16:13:00] district User -> Save Data | implemeneted ->Chamarajanagara@pds| 80 - F05526 - FRice
[2026-01-20 16:13:00] district User -> Save Data | implemeneted ->Chamarajanagara@pds| 80 - F05540 - FRice
[2026-01-20 16:13:14] district User -> Save Data | implemeneted ->Gadag@pds| 143 - F09284 - FRice
[2026-01-20 16:13:33] User -> Save Data | district user change id ->Mandya@pds| 208 - F13732 - FRice| 207
[2026-01-20 16:13:38] district User -> Save Data | implemeneted ->Gadag@pds| 143 - F09285 - FRice
[2026-01-20 16:13:42] User -> Save Data | district user change id ->Tumakuru@pds| 254 - F17792 - FRice| 255
[2026-01-20 16:13:59] district User -> Save Data | implemeneted ->Chamarajanagara@pds| 80 - F05538 - FRice
[2026-01-20 16:13:59] district User -> Save Data | implemeneted ->Chamarajanagara@pds| 80 - F05537 - FRice
[2026-01-20 16:13:59] district User -> Save Data | implemeneted ->Chamarajanagara@pds| 80 - F05536 - FRice
[2026-01-20 16:13:59] district User -> Save Data | implemeneted ->Chamarajanagara@pds| 80 - F05535 - FRice
[2026-01-20 16:13:59] district User -> Save Data | implemeneted ->Chamarajanagara@pds| 80 - F05534 - FRice
[2026-01-20 16:13:59] district User -> Save Data | implemeneted ->Chamarajanagara@pds| 80 - F05533 - FRice
[2026-01-20 16:13:59] district User -> Save Data | implemeneted ->Chamarajanagara@pds| 80 - F05532 - FRice
[2026-01-20 16:13:59] district User -> Save Data | implemeneted ->Chamarajanagara@pds| 80 - F05531 - FRice
[2026-01-20 16:13:59] district User -> Save Data | implemeneted ->Chamarajanagara@pds| 80 - F05530 - FRice
[2026-01-20 16:13:59] district User -> Save Data | implemeneted ->Chamarajanagara@pds| 80 - F05528 - FRice
[2026-01-20 16:13:59] district User -> Save Data | implemeneted ->Chamarajanagara@pds| 80 - F05527 - FRice
[2026-01-20 16:14:19] User -> Save Data | district user change id ->Mandya@pds| 208 - F13733 - FRice| 207
[2026-01-20 16:14:21] User -> Save Data | district user change id ->Tumakuru@pds| 254 - F17793 - FRice| 255
[2026-01-20 16:14:49] User -> Save Data | district user change id ->Mandya@pds| 208 - F13734 - FRice| 207
[2026-01-20 16:15:03] district User -> Save Data | approve district change yes ->Mandya@pds| 207 - F13735 - FRice
[2026-01-20 16:15:08] User -> Save Data | district user change id ->Tumakuru@pds| 254 - F17794 - FRice| 255
[2026-01-20 16:15:21] district User -> Save Data | implemeneted ->Gadag@pds| 143 - F09286 - FRice
[2026-01-20 16:15:25] User -> Save Data | district user change id ->Mandya@pds| 208 - F13736 - FRice| 207
[2026-01-20 16:15:56] district User -> Save Data | approve district change yes ->Mandya@pds| 207 - F13737 - FRice
[2026-01-20 16:15:57] User -> Save Data | district user change id ->Tumakuru@pds| 254 - F17795 - FRice| 255
[2026-01-20 16:16:01] district User -> Save Data | implemeneted ->Chamarajanagara@pds| 79 - F05434 - FRice
[2026-01-20 16:16:01] district User -> Save Data | implemeneted ->Chamarajanagara@pds| 79 - F05435 - FRice
[2026-01-20 16:16:01] district User -> Save Data | implemeneted ->Chamarajanagara@pds| 79 - F05440 - FRice
[2026-01-20 16:16:01] district User -> Save Data | implemeneted ->Chamarajanagara@pds| 79 - F05445 - FRice
[2026-01-20 16:16:01] district User -> Save Data | implemeneted ->Chamarajanagara@pds| 79 - F05446 - FRice
[2026-01-20 16:16:01] district User -> Save Data | implemeneted ->Chamarajanagara@pds| 79 - F05450 - FRice
[2026-01-20 16:16:01] district User -> Save Data | implemeneted ->Chamarajanagara@pds| 79 - F05451 - FRice
[2026-01-20 16:16:01] district User -> Save Data | implemeneted ->Chamarajanagara@pds| 79 - F05452 - FRice
[2026-01-20 16:16:01] district User -> Save Data | implemeneted ->Chamarajanagara@pds| 79 - F05506 - FRice
[2026-01-20 16:16:01] district User -> Save Data | implemeneted ->Chamarajanagara@pds| 79 - F05509 - FRice
[2026-01-20 16:16:01] district User -> Save Data | implemeneted ->Chamarajanagara@pds| 79 - F05512 - FRice
[2026-01-20 16:16:01] district User -> Save Data | implemeneted ->Chamarajanagara@pds| 79 - F05513 - FRice
[2026-01-20 16:16:01] district User -> Save Data | implemeneted ->Chamarajanagara@pds| 79 - F05514 - FRice
[2026-01-20 16:16:01] district User -> Save Data | implemeneted ->Chamarajanagara@pds| 79 - F05515 - FRice
[2026-01-20 16:16:01] district User -> Save Data | implemeneted ->Chamarajanagara@pds| 79 - F05518 - FRice
[2026-01-20 16:16:02] district User -> Save Data | implemeneted ->Chamarajanagara@pds| 79 - F05398 - FRice
[2026-01-20 16:16:02] district User -> Save Data | implemeneted ->Chamarajanagara@pds| 79 - F05428 - FRice
[2026-01-20 16:16:03] district User -> Save Data | approve district change yes ->Mandya@pds| 207 - F13738 - FRice
[2026-01-20 16:16:09] district User -> Save Data | implemeneted ->Gadag@pds| 143 - F09287 - FRice
[2026-01-20 16:16:26] User -> Save Data | district user change id ->Mandya@pds| 208 - F13739 - FRice| 207
[2026-01-20 16:16:32] User -> Save Data | district user change id ->Tumakuru@pds| 254 - F17796 - FRice| 255
[2026-01-20 16:16:37] district User -> Save Data | approve district change yes ->Mandya@pds| 207 - F13740 - FRice
[2026-01-20 16:16:49] district User -> Save Data | approve district change yes ->Mandya@pds| 207 - F13624 - FRice
[2026-01-20 16:17:14] User -> Save Data | district user change id ->Mandya@pds| 202 - F13741 - FRice| 207
[2026-01-20 16:17:14] district User -> Save Data | implemeneted ->Chamarajanagara@pds| 79 - F05422 - FRice
[2026-01-20 16:17:14] district User -> Save Data | implemeneted ->Chamarajanagara@pds| 79 - F05400 - FRice
[2026-01-20 16:17:14] district User -> Save Data | implemeneted ->Chamarajanagara@pds| 79 - F05401 - FRice
[2026-01-20 16:17:14] district User -> Save Data | implemeneted ->Chamarajanagara@pds| 79 - F05408 - FRice
[2026-01-20 16:17:14] district User -> Save Data | implemeneted ->Chamarajanagara@pds| 79 - F05411 - FRice
[2026-01-20 16:17:14] district User -> Save Data | implemeneted ->Chamarajanagara@pds| 79 - F05412 - FRice
[2026-01-20 16:17:14] district User -> Save Data | implemeneted ->Chamarajanagara@pds| 79 - F05413 - FRice
[2026-01-20 16:17:14] district User -> Save Data | implemeneted ->Chamarajanagara@pds| 79 - F05414 - FRice
[2026-01-20 16:17:14] district User -> Save Data | implemeneted ->Chamarajanagara@pds| 79 - F05416 - FRice
[2026-01-20 16:17:16] User -> Save Data | district user change id ->Tumakuru@pds| 254 - F17797 - FRice| 255
[2026-01-20 16:17:41] User -> Save Data | district user change id ->Mandya@pds| 202 - F13742 - FRice| 207
[2026-01-20 16:17:51] User -> Save Data | district user change id ->Gadag@pds| 143 - F09288 - FRice| 144
[2026-01-20 16:17:58] User -> Save Data | district user change id ->Mandya@pds| 202 - F13743 - FRice| 207
[2026-01-20 16:18:08] district User -> Save Data | implemeneted ->Gadag@pds| 143 - F09288 - FRice
[2026-01-20 16:18:22] User -> Save Data | district user change id ->Mandya@pds| 202 - F13626 - FRice| 207
[2026-01-20 16:18:31] User -> Save Data | district user change id ->Tumakuru@pds| 254 - F17850 - FRice| 255
[2026-01-20 16:18:37] district User -> Save Data | implemeneted ->Chamarajanagara@pds| 81 - F05749 - FRice
[2026-01-20 16:18:37] district User -> Save Data | implemeneted ->Chamarajanagara@pds| 81 - F05750 - FRice
[2026-01-20 16:18:37] district User -> Save Data | implemeneted ->Chamarajanagara@pds| 81 - F05751 - FRice
[2026-01-20 16:18:37] district User -> Save Data | implemeneted ->Chamarajanagara@pds| 81 - F05747 - FRice
[2026-01-20 16:18:39] district User -> Save Data | approve district change yes ->Mandya@pds| 207 - F13627 - FRice
[2026-01-20 16:18:51] district User -> Save Data | approve district change yes ->Mandya@pds| 207 - F13628 - FRice
[2026-01-20 16:19:02] district User -> Save Data | approve district change yes ->Mandya@pds| 207 - F20343 - FRice
[2026-01-20 16:19:14] district User -> Save Data | approve district change yes ->Mandya@pds| 207 - F20344 - FRice
[2026-01-20 16:19:26] district User -> Save Data | approve district change yes ->Mandya@pds| 207 - F20342 - FRice
[2026-01-20 16:19:29] User -> Save Data | district user change id ->Tumakuru@pds| 254 - F17851 - FRice| 255
[2026-01-20 16:19:38] district User -> Save Data | approve district change yes ->Mandya@pds| 207 - F20341 - FRice
[2026-01-20 16:20:15] User -> Save Data | district user change id ->Tumakuru@pds| 254 - F17852 - FRice| 255
[2026-01-20 16:20:59] User -> Save Data | district user change id ->Tumakuru@pds| 254 - F17853 - FRice| 255
[2026-01-20 16:21:11] User -> Save Data | district user change id ->Mandya@pds| 210 - F13712 - FRice| 207
[2026-01-20 16:21:29] User -> Save Data | district user change id ->Tumakuru@pds| 254 - F17856 - FRice| 255
[2026-01-20 16:22:01] User -> Save Data | district user change id ->Tumakuru@pds| 254 - F17857 - FRice| 255
[2026-01-20 16:22:35] User -> Save Data | district user change id ->Tumakuru@pds| 254 - F17858 - FRice| 255
[2026-01-20 16:23:07] User -> Save Data | district user change id ->Tumakuru@pds| 254 - F17872 - FRice| 255
[2026-01-20 16:23:38] district User -> Save Data | approve district change yes ->Mandya@pds| 207 - F13535 - FRice
[2026-01-20 16:25:11] User -> Save Data | district user change id ->Tumakuru@pds| 254 - F17873 - FRice| 255
[2026-01-20 16:25:58] User -> Save Data | district user change id ->Tumakuru@pds| 254 - F17874 - FRice| 255
[2026-01-20 16:26:36] User -> Save Data | district user change id ->Tumakuru@pds| 254 - F17875 - FRice| 255
[2026-01-20 16:27:13] User -> Save Data | district user change id ->Tumakuru@pds| 254 - F17878 - FRice| 255
[2026-01-20 16:27:41] User -> Save Data | district user change id ->Tumakuru@pds| 254 - F17879 - FRice| 255
[2026-01-20 16:28:37] User -> Save Data | district user change id ->Tumakuru@pds| 254 - F17880 - FRice| 255
[2026-01-20 16:31:14] User -> Save Data | district user change id ->Tumakuru@pds| 254 - F17899 - FRice| 255
[2026-01-20 16:44:28] User -> Save Data | district user change id ->Gadag@pds| 143 - F09289 - FRice| 144
[2026-01-20 16:44:42] district User -> Save Data | implemeneted ->Gadag@pds| 143 - F09289 - FRice
[2026-01-20 16:45:13] User -> Save Data | district user change id ->Gadag@pds| 143 - F09290 - FRice| 144
[2026-01-20 16:46:30] User -> Save Data | district user change id ->Gadag@pds| 143 - F09291 - FRice| 144
[2026-01-20 16:46:52] district User -> Save Data | implemeneted ->Gadag@pds| 143 - F09290 - FRice
[2026-01-20 16:47:09] district User -> Save Data | implemeneted ->Gadag@pds| 143 - F09291 - FRice
[2026-01-20 16:47:55] User -> Save Data | district user change id ->Gadag@pds| 143 - F09293 - FRice| 144
[2026-01-20 16:48:21] district User -> Save Data | approve district change no ->Gadag@pds| 143 - F09295 - FRice
[2026-01-20 16:49:05] User -> Save Data | district user change id ->Gadag@pds| 143 - F09295 - FRice| 144
[2026-01-20 16:51:01] district User -> Save Data | approve district change yes ->Belagavi@pds| 26 - F01905 - FRice
[2026-01-20 16:51:01] district User -> Save Data | approve district change yes ->Belagavi@pds| 26 - F01906 - FRice
[2026-01-20 16:51:01] district User -> Save Data | approve district change yes ->Belagavi@pds| 26 - F01907 - FRice
[2026-01-20 16:51:01] district User -> Save Data | approve district change yes ->Belagavi@pds| 26 - F01908 - FRice
[2026-01-20 16:51:01] district User -> Save Data | approve district change yes ->Belagavi@pds| 26 - F01909 - FRice
[2026-01-20 16:51:01] district User -> Save Data | approve district change yes ->Belagavi@pds| 26 - F01910 - FRice
[2026-01-20 16:51:01] district User -> Save Data | approve district change yes ->Belagavi@pds| 26 - F01911 - FRice
[2026-01-20 16:51:01] district User -> Save Data | approve district change yes ->Belagavi@pds| 26 - F01912 - FRice
[2026-01-20 16:51:01] district User -> Save Data | approve district change yes ->Belagavi@pds| 26 - F01913 - FRice
[2026-01-20 16:51:01] district User -> Save Data | approve district change yes ->Belagavi@pds| 26 - F01914 - FRice
[2026-01-20 16:51:01] district User -> Save Data | approve district change yes ->Belagavi@pds| 26 - F01915 - FRice
[2026-01-20 16:51:01] district User -> Save Data | approve district change yes ->Belagavi@pds| 26 - F01916 - FRice
[2026-01-20 16:51:01] district User -> Save Data | approve district change yes ->Belagavi@pds| 26 - F01917 - FRice
[2026-01-20 16:51:01] district User -> Save Data | approve district change yes ->Belagavi@pds| 26 - F01918 - FRice
[2026-01-20 16:51:01] district User -> Save Data | approve district change yes ->Belagavi@pds| 26 - F01919 - FRice
[2026-01-20 16:51:01] district User -> Save Data | approve district change yes ->Belagavi@pds| 26 - F01920 - FRice
[2026-01-20 16:51:01] district User -> Save Data | approve district change yes ->Belagavi@pds| 26 - F01921 - FRice
[2026-01-20 16:51:02] district User -> Save Data | approve district change yes ->Belagavi@pds| 26 - F01922 - FRice
[2026-01-20 16:51:02] district User -> Save Data | approve district change yes ->Belagavi@pds| 26 - F01923 - FRice
[2026-01-20 16:51:02] district User -> Save Data | approve district change yes ->Belagavi@pds| 26 - F01925 - FRice
[2026-01-20 16:51:02] district User -> Save Data | approve district change yes ->Belagavi@pds| 26 - F01926 - FRice
[2026-01-20 16:51:02] district User -> Save Data | approve district change yes ->Belagavi@pds| 26 - F01927 - FRice
[2026-01-20 16:51:02] district User -> Save Data | approve district change yes ->Belagavi@pds| 26 - F01928 - FRice
[2026-01-20 16:51:02] district User -> Save Data | approve district change yes ->Belagavi@pds| 26 - F01929 - FRice
[2026-01-20 16:51:02] district User -> Save Data | approve district change yes ->Belagavi@pds| 26 - F01930 - FRice
[2026-01-20 16:51:02] district User -> Save Data | approve district change yes ->Belagavi@pds| 26 - F01931 - FRice
[2026-01-20 16:51:02] district User -> Save Data | approve district change yes ->Belagavi@pds| 26 - F01932 - FRice
[2026-01-20 16:51:02] district User -> Save Data | approve district change yes ->Belagavi@pds| 26 - F01933 - FRice
[2026-01-20 16:51:02] district User -> Save Data | approve district change yes ->Belagavi@pds| 26 - F01934 - FRice
[2026-01-20 16:51:02] district User -> Save Data | approve district change yes ->Belagavi@pds| 26 - F01935 - FRice
[2026-01-20 16:51:02] district User -> Save Data | approve district change yes ->Belagavi@pds| 26 - F01936 - FRice
[2026-01-20 16:51:02] district User -> Save Data | approve district change yes ->Belagavi@pds| 26 - F01937 - FRice
[2026-01-20 16:51:02] district User -> Save Data | approve district change yes ->Belagavi@pds| 26 - F01938 - FRice
[2026-01-20 16:51:02] district User -> Save Data | approve district change yes ->Belagavi@pds| 26 - F01940 - FRice
[2026-01-20 16:51:02] district User -> Save Data | approve district change yes ->Belagavi@pds| 26 - F01941 - FRice
[2026-01-20 16:51:02] district User -> Save Data | approve district change yes ->Belagavi@pds| 26 - F01946 - FRice
[2026-01-20 16:51:02] district User -> Save Data | approve district change yes ->Belagavi@pds| 26 - F01948 - FRice
[2026-01-20 16:51:02] district User -> Save Data | approve district change yes ->Belagavi@pds| 26 - F01949 - FRice
[2026-01-20 16:51:02] district User -> Save Data | approve district change yes ->Belagavi@pds| 26 - F01950 - FRice
[2026-01-20 16:51:02] district User -> Save Data | approve district change yes ->Belagavi@pds| 26 - F01951 - FRice
[2026-01-20 16:51:02] district User -> Save Data | approve district change yes ->Belagavi@pds| 26 - F01953 - FRice
[2026-01-20 16:51:02] district User -> Save Data | approve district change yes ->Belagavi@pds| 26 - F01952 - FRice
[2026-01-20 16:51:02] district User -> Save Data | approve district change yes ->Belagavi@pds| 26 - F01954 - FRice
[2026-01-20 16:51:02] district User -> Save Data | approve district change yes ->Belagavi@pds| 26 - F01955 - FRice
[2026-01-20 16:51:02] district User -> Save Data | approve district change yes ->Belagavi@pds| 26 - F01956 - FRice
[2026-01-20 16:51:02] district User -> Save Data | approve district change yes ->Belagavi@pds| 26 - F01957 - FRice
[2026-01-20 16:51:02] district User -> Save Data | approve district change yes ->Belagavi@pds| 26 - F01958 - FRice
[2026-01-20 16:51:02] district User -> Save Data | approve district change yes ->Belagavi@pds| 26 - F01959 - FRice
[2026-01-20 16:51:02] district User -> Save Data | approve district change yes ->Belagavi@pds| 26 - F01960 - FRice
[2026-01-20 16:51:02] district User -> Save Data | approve district change yes ->Belagavi@pds| 26 - F01961 - FRice
[2026-01-20 16:51:02] district User -> Save Data | approve district change yes ->Belagavi@pds| 26 - F02838 - FRice
[2026-01-20 16:57:03] User -> Save Data | district user change id ->Gadag@pds| 143 - F09296 - FRice| 144
[2026-01-20 16:58:09] User -> Save Data | district user change id ->Gadag@pds| 143 - F09298 - FRice| 144
[2026-01-20 16:58:38] User -> Save Data | district user change id ->Gadag@pds| 143 - F09299 - FRice| 144
[2026-01-20 16:58:56] User -> Save Data | district user change id ->Gadag@pds| 143 - F09300 - FRice| 144
[2026-01-20 16:59:27] User -> Save Data | district user change id ->Gadag@pds| 143 - F09306 - FRice| 144
[2026-01-20 17:00:44] district User -> Save Data | approve district change no ->Gadag@pds| 143 - F09310 - FRice
[2026-01-20 17:02:07] User -> Save Data | district user change id ->Gadag@pds| 143 - F09310 - FRice| 144
[2026-01-20 17:02:49] User -> Save Data | district user change id ->Gadag@pds| 143 - F09311 - FRice| 144
[2026-01-20 17:04:04] User -> Save Data | district user change id ->Gadag@pds| 143 - F09403 - FRice| 144
[2026-01-20 17:07:20] district User -> Save Data | implemeneted ->Gadag@pds| 143 - F09293 - FRice
[2026-01-20 17:07:36] district User -> Save Data | implemeneted ->Gadag@pds| 143 - F09295 - FRice
[2026-01-20 17:07:50] district User -> Save Data | implemeneted ->Gadag@pds| 143 - F09296 - FRice
[2026-01-20 17:08:05] district User -> Save Data | implemeneted ->Gadag@pds| 143 - F09298 - FRice
[2026-01-20 17:08:20] district User -> Save Data | implemeneted ->Gadag@pds| 143 - F09299 - FRice
[2026-01-20 17:08:31] district User -> Save Data | implemeneted ->Gadag@pds| 143 - F09300 - FRice
[2026-01-20 17:08:39] district User -> Save Data | implemeneted ->Gadag@pds| 143 - F09306 - FRice
[2026-01-20 17:08:48] district User -> Save Data | implemeneted ->Gadag@pds| 143 - F09310 - FRice
[2026-01-20 17:08:59] district User -> Save Data | implemeneted ->Gadag@pds| 143 - F09311 - FRice
[2026-01-20 17:15:21] User -> Save Data | district user change id ->Gadag@pds| 143 - F09404 - FRice| 145
[2026-01-20 17:16:18] User -> Save Data | district user change id ->Gadag@pds| 143 - F09412 - FRice| 145
[2026-01-20 17:16:38] User -> Save Data | district user change id ->Gadag@pds| 143 - F09423 - FRice| 145
[2026-01-20 17:19:52] User -> Save Data | district user change id ->Gadag@pds| 143 - F09426 - FRice| 145
[2026-01-20 17:20:40] User -> Save Data | district user change id ->Gadag@pds| 143 - F09427 - FRice| 145
[2026-01-20 17:21:49] User -> Save Data | district user change id ->Gadag@pds| 143 - F09430 - FRice| 145
[2026-01-20 17:22:36] district User -> Save Data | implemeneted ->Gadag@pds| 143 - F09404 - FRice
[2026-01-20 17:22:51] district User -> Save Data | implemeneted ->Gadag@pds| 143 - F09412 - FRice
[2026-01-20 17:22:59] district User -> Save Data | implemeneted ->Gadag@pds| 143 - F09403 - FRice
[2026-01-20 17:23:08] district User -> Save Data | implemeneted ->Gadag@pds| 143 - F09423 - FRice
[2026-01-20 17:23:16] district User -> Save Data | implemeneted ->Gadag@pds| 143 - F09426 - FRice
[2026-01-20 17:23:27] district User -> Save Data | implemeneted ->Gadag@pds| 143 - F09427 - FRice
[2026-01-20 17:23:38] district User -> Save Data | implemeneted ->Gadag@pds| 143 - F09430 - FRice
[2026-01-20 17:32:13] district User -> Save Data | approve district change yes ->Gadag@pds| 144 - F09218 - FRice
[2026-01-20 17:32:38] district User -> Save Data | approve district change yes ->Gadag@pds| 144 - F09219 - FRice
[2026-01-20 17:33:00] district User -> Save Data | approve district change yes ->Gadag@pds| 144 - F09221 - FRice
[2026-01-20 17:35:32] district User -> Save Data | approve district change yes ->Gadag@pds| 144 - F09222 - FRice
[2026-01-20 17:37:06] district User -> Save Data | approve district change yes ->Gadag@pds| 144 - F09223 - FRice
[2026-01-20 17:37:28] district User -> Save Data | approve district change yes ->Gadag@pds| 144 - F09224 - FRice
[2026-01-20 17:38:48] district User -> Save Data | approve district change yes ->Gadag@pds| 144 - F09227 - FRice
[2026-01-20 17:40:52] User -> Save Data | district user change id ->Gadag@pds| 144 - F09228 - FRice| 143
[2026-01-20 17:43:06] district User -> Save Data | approve district change yes ->Gadag@pds| 144 - F09229 - FRice
[2026-01-20 17:56:49] district User -> Save Data | implemeneted ->Gadag@pds| 144 - F09218 - FRice
[2026-01-20 17:56:59] district User -> Save Data | implemeneted ->Gadag@pds| 144 - F09219 - FRice
[2026-01-20 17:57:08] district User -> Save Data | implemeneted ->Gadag@pds| 144 - F09221 - FRice
[2026-01-20 17:57:18] district User -> Save Data | implemeneted ->Gadag@pds| 144 - F09222 - FRice
[2026-01-20 17:57:29] district User -> Save Data | implemeneted ->Gadag@pds| 144 - F09223 - FRice
[2026-01-20 17:57:41] district User -> Save Data | implemeneted ->Gadag@pds| 144 - F09224 - FRice
[2026-01-20 17:57:51] district User -> Save Data | implemeneted ->Gadag@pds| 144 - F09227 - FRice
[2026-01-20 17:58:06] district User -> Save Data | implemeneted ->Gadag@pds| 144 - F09228 - FRice
[2026-01-20 17:58:26] district User -> Save Data | implemeneted ->Gadag@pds| 144 - F09229 - FRice
