[2026-01-21 10:51:27] district User -> Save Data | implemeneted ->vijayanagar@pds| 312 - F18686 - FRice
[2026-01-21 10:51:27] district User -> Save Data | implemeneted ->vijayanagar@pds| 312 - F18688 - FRice
[2026-01-21 10:51:27] district User -> Save Data | implemeneted ->vijayanagar@pds| 312 - F18689 - FRice
[2026-01-21 10:51:27] district User -> Save Data | implemeneted ->vijayanagar@pds| 312 - F18690 - FRice
[2026-01-21 10:51:27] district User -> Save Data | implemeneted ->vijayanagar@pds| 312 - F18691 - FRice
[2026-01-21 10:51:27] district User -> Save Data | implemeneted ->vijayanagar@pds| 312 - F18759 - FRice
[2026-01-21 10:51:27] district User -> Save Data | implemeneted ->vijayanagar@pds| 312 - F18739 - FRice
[2026-01-21 10:51:27] district User -> Save Data | implemeneted ->vijayanagar@pds| 312 - F18738 - FRice
[2026-01-21 10:51:27] district User -> Save Data | implemeneted ->vijayanagar@pds| 312 - F18737 - FRice
[2026-01-21 10:51:27] district User -> Save Data | implemeneted ->vijayanagar@pds| 312 - F18736 - FRice
[2026-01-21 10:51:27] district User -> Save Data | implemeneted ->vijayanagar@pds| 312 - F18735 - FRice
[2026-01-21 10:51:27] district User -> Save Data | implemeneted ->vijayanagar@pds| 312 - F18734 - FRice
[2026-01-21 10:51:27] district User -> Save Data | implemeneted ->vijayanagar@pds| 312 - F18733 - FRice
[2026-01-21 10:51:27] district User -> Save Data | implemeneted ->vijayanagar@pds| 312 - F18731 - FRice
[2026-01-21 10:51:27] district User -> Save Data | implemeneted ->vijayanagar@pds| 312 - F18730 - FRice
[2026-01-21 10:51:27] district User -> Save Data | implemeneted ->vijayanagar@pds| 312 - F18729 - FRice
[2026-01-21 10:51:27] district User -> Save Data | implemeneted ->vijayanagar@pds| 312 - F18728 - FRice
[2026-01-21 10:51:27] district User -> Save Data | implemeneted ->vijayanagar@pds| 312 - F18727 - FRice
[2026-01-21 10:51:27] district User -> Save Data | implemeneted ->vijayanagar@pds| 312 - F18726 - FRice
[2026-01-21 10:51:27] district User -> Save Data | implemeneted ->vijayanagar@pds| 312 - F18724 - FRice
[2026-01-21 10:51:27] district User -> Save Data | implemeneted ->vijayanagar@pds| 312 - F18722 - FRice
[2026-01-21 10:51:28] district User -> Save Data | implemeneted ->vijayanagar@pds| 312 - F18721 - FRice
[2026-01-21 10:51:28] district User -> Save Data | implemeneted ->vijayanagar@pds| 312 - F18720 - FRice
[2026-01-21 10:51:28] district User -> Save Data | implemeneted ->vijayanagar@pds| 312 - F18719 - FRice
[2026-01-21 10:51:28] district User -> Save Data | implemeneted ->vijayanagar@pds| 312 - F18718 - FRice
[2026-01-21 10:51:28] district User -> Save Data | implemeneted ->vijayanagar@pds| 312 - F18717 - FRice
[2026-01-21 10:51:28] district User -> Save Data | implemeneted ->vijayanagar@pds| 312 - F18716 - FRice
[2026-01-21 10:51:28] district User -> Save Data | implemeneted ->vijayanagar@pds| 312 - F18715 - FRice
[2026-01-21 10:51:28] district User -> Save Data | implemeneted ->vijayanagar@pds| 312 - F18714 - FRice
[2026-01-21 10:51:28] district User -> Save Data | implemeneted ->vijayanagar@pds| 312 - F18713 - FRice
[2026-01-21 10:51:28] district User -> Save Data | implemeneted ->vijayanagar@pds| 312 - F18709 - FRice
[2026-01-21 10:51:28] district User -> Save Data | implemeneted ->vijayanagar@pds| 312 - F18708 - FRice
[2026-01-21 10:51:28] district User -> Save Data | implemeneted ->vijayanagar@pds| 312 - F18706 - FRice
[2026-01-21 10:51:28] district User -> Save Data | implemeneted ->vijayanagar@pds| 312 - F18705 - FRice
[2026-01-21 10:51:28] district User -> Save Data | implemeneted ->vijayanagar@pds| 312 - F18702 - FRice
[2026-01-21 10:51:28] district User -> Save Data | implemeneted ->vijayanagar@pds| 312 - F18701 - FRice
[2026-01-21 10:51:28] district User -> Save Data | implemeneted ->vijayanagar@pds| 312 - F18699 - FRice
[2026-01-21 10:51:28] district User -> Save Data | implemeneted ->vijayanagar@pds| 312 - F18698 - FRice
[2026-01-21 10:51:28] district User -> Save Data | implemeneted ->vijayanagar@pds| 312 - F18697 - FRice
[2026-01-21 10:51:28] district User -> Save Data | implemeneted ->vijayanagar@pds| 312 - F18695 - FRice
[2026-01-21 10:51:28] district User -> Save Data | implemeneted ->vijayanagar@pds| 313 - F18741 - FRice
[2026-01-21 10:51:28] district User -> Save Data | implemeneted ->vijayanagar@pds| 313 - F18743 - FRice
[2026-01-21 10:51:28] district User -> Save Data | implemeneted ->vijayanagar@pds| 320 - F18881 - FRice
[2026-01-21 10:51:28] district User -> Save Data | implemeneted ->vijayanagar@pds| 313 - F18745 - FRice
[2026-01-21 10:51:28] district User -> Save Data | implemeneted ->vijayanagar@pds| 313 - F18746 - FRice
[2026-01-21 10:51:28] district User -> Save Data | implemeneted ->vijayanagar@pds| 313 - F18747 - FRice
[2026-01-21 10:51:29] district User -> Save Data | implemeneted ->vijayanagar@pds| 313 - F18748 - FRice
[2026-01-21 10:51:29] district User -> Save Data | implemeneted ->vijayanagar@pds| 313 - F18749 - FRice
[2026-01-21 10:51:29] district User -> Save Data | implemeneted ->vijayanagar@pds| 313 - F18751 - FRice
[2026-01-21 10:51:29] district User -> Save Data | implemeneted ->vijayanagar@pds| 313 - F18752 - FRice
[2026-01-21 10:51:29] district User -> Save Data | implemeneted ->vijayanagar@pds| 313 - F18753 - FRice
[2026-01-21 10:51:29] district User -> Save Data | implemeneted ->vijayanagar@pds| 313 - F18754 - FRice
[2026-01-21 10:51:29] district User -> Save Data | implemeneted ->vijayanagar@pds| 313 - F18755 - FRice
[2026-01-21 10:51:29] district User -> Save Data | implemeneted ->vijayanagar@pds| 313 - F18756 - FRice
[2026-01-21 10:51:29] district User -> Save Data | implemeneted ->vijayanagar@pds| 313 - F18757 - FRice
[2026-01-21 10:51:29] district User -> Save Data | implemeneted ->vijayanagar@pds| 313 - F18758 - FRice
[2026-01-21 10:51:29] district User -> Save Data | implemeneted ->vijayanagar@pds| 313 - F18760 - FRice
[2026-01-21 10:51:29] district User -> Save Data | implemeneted ->vijayanagar@pds| 313 - F18761 - FRice
[2026-01-21 10:51:29] district User -> Save Data | implemeneted ->vijayanagar@pds| 313 - F18762 - FRice
[2026-01-21 10:51:29] district User -> Save Data | implemeneted ->vijayanagar@pds| 313 - F18763 - FRice
[2026-01-21 10:51:29] district User -> Save Data | implemeneted ->vijayanagar@pds| 313 - F18764 - FRice
[2026-01-21 10:51:29] district User -> Save Data | implemeneted ->vijayanagar@pds| 313 - F18765 - FRice
[2026-01-21 10:51:29] district User -> Save Data | implemeneted ->vijayanagar@pds| 313 - F18766 - FRice
[2026-01-21 10:51:29] district User -> Save Data | implemeneted ->vijayanagar@pds| 313 - F18767 - FRice
[2026-01-21 10:51:29] district User -> Save Data | implemeneted ->vijayanagar@pds| 313 - F18768 - FRice
[2026-01-21 10:51:29] district User -> Save Data | implemeneted ->vijayanagar@pds| 313 - F18769 - FRice
[2026-01-21 10:51:29] district User -> Save Data | implemeneted ->vijayanagar@pds| 313 - F18770 - FRice
[2026-01-21 10:51:29] district User -> Save Data | implemeneted ->vijayanagar@pds| 313 - F18771 - FRice
[2026-01-21 10:51:29] district User -> Save Data | implemeneted ->vijayanagar@pds| 313 - F18772 - FRice
[2026-01-21 10:51:30] district User -> Save Data | implemeneted ->vijayanagar@pds| 313 - F18773 - FRice
[2026-01-21 10:51:30] district User -> Save Data | implemeneted ->vijayanagar@pds| 313 - F18776 - FRice
[2026-01-21 10:51:30] district User -> Save Data | implemeneted ->vijayanagar@pds| 313 - F18777 - FRice
[2026-01-21 10:51:30] district User -> Save Data | implemeneted ->vijayanagar@pds| 313 - F18778 - FRice
[2026-01-21 10:51:30] district User -> Save Data | implemeneted ->vijayanagar@pds| 313 - F18779 - FRice
[2026-01-21 10:51:30] district User -> Save Data | implemeneted ->vijayanagar@pds| 313 - F18780 - FRice
[2026-01-21 10:51:30] district User -> Save Data | implemeneted ->vijayanagar@pds| 313 - F18781 - FRice
[2026-01-21 10:51:30] district User -> Save Data | implemeneted ->vijayanagar@pds| 314 - F18882 - FRice
[2026-01-21 10:51:30] district User -> Save Data | implemeneted ->vijayanagar@pds| 314 - F18883 - FRice
[2026-01-21 10:51:30] district User -> Save Data | implemeneted ->vijayanagar@pds| 314 - F18884 - FRice
[2026-01-21 10:51:30] district User -> Save Data | implemeneted ->vijayanagar@pds| 314 - F18885 - FRice
[2026-01-21 10:51:30] district User -> Save Data | implemeneted ->vijayanagar@pds| 314 - F18886 - FRice
[2026-01-21 10:51:30] district User -> Save Data | implemeneted ->vijayanagar@pds| 314 - F18887 - FRice
[2026-01-21 10:51:30] district User -> Save Data | implemeneted ->vijayanagar@pds| 314 - F18888 - FRice
[2026-01-21 10:51:30] district User -> Save Data | implemeneted ->vijayanagar@pds| 314 - F18889 - FRice
[2026-01-21 10:51:30] district User -> Save Data | implemeneted ->vijayanagar@pds| 314 - F18890 - FRice
[2026-01-21 10:51:30] district User -> Save Data | implemeneted ->vijayanagar@pds| 314 - F18891 - FRice
[2026-01-21 10:51:30] district User -> Save Data | implemeneted ->vijayanagar@pds| 314 - F18892 - FRice
[2026-01-21 10:51:30] district User -> Save Data | implemeneted ->vijayanagar@pds| 314 - F18893 - FRice
[2026-01-21 10:51:30] district User -> Save Data | implemeneted ->vijayanagar@pds| 314 - F18894 - FRice
[2026-01-21 10:51:30] district User -> Save Data | implemeneted ->vijayanagar@pds| 314 - F18895 - FRice
[2026-01-21 10:51:30] district User -> Save Data | implemeneted ->vijayanagar@pds| 314 - F18896 - FRice
[2026-01-21 10:51:30] district User -> Save Data | implemeneted ->vijayanagar@pds| 314 - F18897 - FRice
[2026-01-21 10:51:30] district User -> Save Data | implemeneted ->vijayanagar@pds| 314 - F18898 - FRice
[2026-01-21 10:51:31] district User -> Save Data | implemeneted ->vijayanagar@pds| 314 - F18899 - FRice
[2026-01-21 10:51:31] district User -> Save Data | implemeneted ->vijayanagar@pds| 314 - F18900 - FRice
[2026-01-21 10:51:31] district User -> Save Data | implemeneted ->vijayanagar@pds| 314 - F18901 - FRice
[2026-01-21 10:51:31] district User -> Save Data | implemeneted ->vijayanagar@pds| 314 - F18902 - FRice
[2026-01-21 10:51:31] district User -> Save Data | implemeneted ->vijayanagar@pds| 314 - F18903 - FRice
[2026-01-21 10:51:31] district User -> Save Data | implemeneted ->vijayanagar@pds| 314 - F18904 - FRice
[2026-01-21 10:51:31] district User -> Save Data | implemeneted ->vijayanagar@pds| 314 - F18905 - FRice
[2026-01-21 10:51:31] district User -> Save Data | implemeneted ->vijayanagar@pds| 314 - F18906 - FRice
[2026-01-21 10:51:31] district User -> Save Data | implemeneted ->vijayanagar@pds| 314 - F18907 - FRice
[2026-01-21 10:51:31] district User -> Save Data | implemeneted ->vijayanagar@pds| 314 - F18908 - FRice
[2026-01-21 10:51:31] district User -> Save Data | implemeneted ->vijayanagar@pds| 314 - F18911 - FRice
[2026-01-21 10:51:31] district User -> Save Data | implemeneted ->vijayanagar@pds| 314 - F18912 - FRice
[2026-01-21 10:51:31] district User -> Save Data | implemeneted ->vijayanagar@pds| 314 - F18913 - FRice
[2026-01-21 10:51:31] district User -> Save Data | implemeneted ->vijayanagar@pds| 314 - F18914 - FRice
[2026-01-21 10:51:31] district User -> Save Data | implemeneted ->vijayanagar@pds| 314 - F18915 - FRice
[2026-01-21 10:51:31] district User -> Save Data | implemeneted ->vijayanagar@pds| 314 - F18916 - FRice
[2026-01-21 10:51:31] district User -> Save Data | implemeneted ->vijayanagar@pds| 314 - F18917 - FRice
[2026-01-21 10:51:31] district User -> Save Data | implemeneted ->vijayanagar@pds| 314 - F18918 - FRice
[2026-01-21 10:51:31] district User -> Save Data | implemeneted ->vijayanagar@pds| 314 - F18919 - FRice
[2026-01-21 10:51:31] district User -> Save Data | implemeneted ->vijayanagar@pds| 314 - F18920 - FRice
[2026-01-21 10:51:31] district User -> Save Data | implemeneted ->vijayanagar@pds| 314 - F18921 - FRice
[2026-01-21 10:51:31] district User -> Save Data | implemeneted ->vijayanagar@pds| 314 - F18922 - FRice
[2026-01-21 10:51:31] district User -> Save Data | implemeneted ->vijayanagar@pds| 314 - F18923 - FRice
[2026-01-21 10:51:31] district User -> Save Data | implemeneted ->vijayanagar@pds| 314 - F18924 - FRice
[2026-01-21 10:51:32] district User -> Save Data | implemeneted ->vijayanagar@pds| 314 - F18925 - FRice
[2026-01-21 10:51:32] district User -> Save Data | implemeneted ->vijayanagar@pds| 314 - F18926 - FRice
[2026-01-21 10:51:32] district User -> Save Data | implemeneted ->vijayanagar@pds| 314 - F18927 - FRice
[2026-01-21 10:51:32] district User -> Save Data | implemeneted ->vijayanagar@pds| 314 - F18928 - FRice
[2026-01-21 10:51:32] district User -> Save Data | implemeneted ->vijayanagar@pds| 314 - F18931 - FRice
[2026-01-21 10:51:32] district User -> Save Data | implemeneted ->vijayanagar@pds| 314 - F18934 - FRice
[2026-01-21 10:51:32] district User -> Save Data | implemeneted ->vijayanagar@pds| 314 - F18935 - FRice
[2026-01-21 10:51:32] district User -> Save Data | implemeneted ->vijayanagar@pds| 314 - F18936 - FRice
[2026-01-21 10:51:32] district User -> Save Data | implemeneted ->vijayanagar@pds| 314 - F18937 - FRice
[2026-01-21 10:51:32] district User -> Save Data | implemeneted ->vijayanagar@pds| 314 - F18938 - FRice
[2026-01-21 10:51:32] district User -> Save Data | implemeneted ->vijayanagar@pds| 314 - F18939 - FRice
[2026-01-21 10:51:32] district User -> Save Data | implemeneted ->vijayanagar@pds| 314 - F18940 - FRice
[2026-01-21 10:51:32] district User -> Save Data | implemeneted ->vijayanagar@pds| 318 - F18955 - FRice
[2026-01-21 10:51:32] district User -> Save Data | implemeneted ->vijayanagar@pds| 318 - F18987 - FRice
[2026-01-21 11:33:43] User -> Save Data | district user change id ->shivamogga@pds| 242 - F16649 - FRice| 241
[2026-01-21 11:41:53] district User -> Save Data | approve district change yes ->Mysuru@pds| 216 - F14082 - FRice
[2026-01-21 11:43:02] district User -> Save Data | approve district change yes ->Mysuru@pds| 216 - F14074 - FRice
[2026-01-21 11:44:14] district User -> Save Data | approve district change yes ->Mysuru@pds| 216 - F14048 - FRice
[2026-01-21 11:58:18] User -> Save Data | district user change id ->Tumakuru@pds| 246 - F17930 - FRice| 256
[2026-01-21 12:01:45] User -> Warehouse InActive -> Mysuru@pds| KFCSC H.D.KOTE
[2026-01-21 12:02:16] User -> Save Data | district user change id ->Tumakuru@pds| 249 - F17939 - FRice| 256
[2026-01-21 12:03:05] User -> Save Data | district user change id ->Tumakuru@pds| 249 - F17947 - FRice| 256
[2026-01-21 12:03:37] User -> Save Data | district user change id ->Mysuru@pds| 213 - F13957 - FRice| 214
[2026-01-21 12:03:57] User -> Save Data | district user change id ->Mysuru@pds| 213 - F13960 - FRice| 214
[2026-01-21 12:04:02] User -> Save Data | district user change id ->Tumakuru@pds| 249 - F17948 - FRice| 256
[2026-01-21 12:05:34] User -> Save Data | district user change id ->Tumakuru@pds| 253 - F17907 - FRice| 256
[2026-01-21 12:10:27] User -> Save Data | district user change id ->Tumakuru@pds| 247 - F17294 - FRice| 250
[2026-01-21 12:11:24] User -> Save Data | district user change id ->Tumakuru@pds| 247 - F17295 - FRice| 250
[2026-01-21 12:12:10] User -> Save Data | district user change id ->Tumakuru@pds| 247 - F17296 - FRice| 250
[2026-01-21 12:13:31] User -> Save Data | district user change id ->Tumakuru@pds| 247 - F17332 - FRice| 250
[2026-01-21 12:14:03] User -> Save Data | district user change id ->Tumakuru@pds| 247 - F17333 - FRice| 250
[2026-01-21 12:14:44] User -> Save Data | district user change id ->Tumakuru@pds| 247 - F17337 - FRice| 250
[2026-01-21 12:16:25] User -> Save Data | district user change id ->Tumakuru@pds| 247 - F17338 - FRice| 250
[2026-01-21 12:17:10] User -> Save Data | district user change id ->Tumakuru@pds| 247 - F17342 - FRice| 250
[2026-01-21 12:17:31] User -> Save Data | district user change id ->shivamogga@pds| 242 - F16615 - FRice| 241
[2026-01-21 12:17:59] User -> Save Data | district user change id ->Tumakuru@pds| 247 - F17350 - FRice| 250
[2026-01-21 12:18:44] User -> Save Data | district user change id ->Tumakuru@pds| 247 - F17352 - FRice| 250
[2026-01-21 12:19:34] User -> Save Data | district user change id ->shivamogga@pds| 241 - F16696 - FRice| 242
[2026-01-21 12:20:29] User -> Save Data | district user change id ->Tumakuru@pds| 252 - F17306 - FRice| 250
[2026-01-21 12:21:08] User -> Save Data | district user change id ->Tumakuru@pds| 252 - F17320 - FRice| 250
[2026-01-21 12:21:41] User -> Save Data | district user change id ->Tumakuru@pds| 252 - F17321 - FRice| 250
[2026-01-21 12:23:36] User -> Save Data | district user change id ->shivamogga@pds| 240 - F16559 - FRice| 240
[2026-01-21 12:26:50] User -> Save Data | district user change id ->shivamogga@pds| 240 - F16547 - FRice| 240
[2026-01-21 12:28:48] User -> Save Data | district user change id ->Tumakuru@pds| 249 - F16959 - FRice| 246
[2026-01-21 12:28:52] User -> Save Data | district user change id ->shivamogga@pds| 240 - F16562 - FRice| 240
[2026-01-21 12:30:49] User -> Save Data | district user change id ->shivamogga@pds| 242 - F16663 - FRice| 241
[2026-01-21 12:31:16] User -> Save Data | district user change id ->Tumakuru@pds| 249 - F16962 - FRice| 246
[2026-01-21 12:31:55] User -> Save Data | district user change id ->shivamogga@pds| 240 - F16550 - FRice| 240
[2026-01-21 12:32:08] User -> Save Data | district user change id ->Tumakuru@pds| 249 - F16964 - FRice| 246
[2026-01-21 12:32:53] User -> Save Data | district user change id ->Tumakuru@pds| 249 - F16965 - FRice| 246
[2026-01-21 12:34:30] district User -> Save Data | approve district change no ->Mysuru@pds| 213 - F13962 - FRice
[2026-01-21 12:34:55] User -> Save Data | district user change id ->Mysuru@pds| 213 - F13962 - FRice| 214
[2026-01-21 12:34:55] district User -> Save Data | approve district change yes ->Belagavi@pds| 37 - F03479 - FRice
[2026-01-21 12:34:55] district User -> Save Data | approve district change yes ->Belagavi@pds| 37 - F03480 - FRice
[2026-01-21 12:34:55] district User -> Save Data | approve district change yes ->Belagavi@pds| 37 - F03481 - FRice
[2026-01-21 12:34:55] district User -> Save Data | approve district change yes ->Belagavi@pds| 37 - F03484 - FRice
[2026-01-21 12:34:55] district User -> Save Data | approve district change yes ->Belagavi@pds| 37 - F03488 - FRice
[2026-01-21 12:34:55] district User -> Save Data | approve district change yes ->Belagavi@pds| 37 - F03489 - FRice
[2026-01-21 12:34:55] district User -> Save Data | approve district change yes ->Belagavi@pds| 37 - F03490 - FRice
[2026-01-21 12:34:55] district User -> Save Data | approve district change yes ->Belagavi@pds| 37 - F03491 - FRice
[2026-01-21 12:34:55] district User -> Save Data | approve district change yes ->Belagavi@pds| 37 - F03492 - FRice
[2026-01-21 12:34:55] district User -> Save Data | approve district change yes ->Belagavi@pds| 37 - F03493 - FRice
[2026-01-21 12:34:55] district User -> Save Data | approve district change yes ->Belagavi@pds| 37 - F03494 - FRice
[2026-01-21 12:34:55] district User -> Save Data | approve district change yes ->Belagavi@pds| 37 - F03495 - FRice
[2026-01-21 12:34:55] district User -> Save Data | approve district change yes ->Belagavi@pds| 37 - F03496 - FRice
[2026-01-21 12:34:55] district User -> Save Data | approve district change yes ->Belagavi@pds| 37 - F03497 - FRice
[2026-01-21 12:34:55] district User -> Save Data | approve district change yes ->Belagavi@pds| 37 - F03498 - FRice
[2026-01-21 12:34:55] district User -> Save Data | approve district change yes ->Belagavi@pds| 37 - F03504 - FRice
[2026-01-21 12:34:55] district User -> Save Data | approve district change yes ->Belagavi@pds| 37 - F03505 - FRice
[2026-01-21 12:34:55] district User -> Save Data | approve district change yes ->Belagavi@pds| 37 - F03499 - FRice
[2026-01-21 12:34:55] district User -> Save Data | approve district change yes ->Belagavi@pds| 37 - F03500 - FRice
[2026-01-21 12:34:55] district User -> Save Data | approve district change yes ->Belagavi@pds| 37 - F03501 - FRice
[2026-01-21 12:34:55] district User -> Save Data | approve district change yes ->Belagavi@pds| 37 - F03516 - FRice
[2026-01-21 12:34:56] district User -> Save Data | approve district change yes ->Belagavi@pds| 37 - F03517 - FRice
[2026-01-21 12:34:56] district User -> Save Data | approve district change yes ->Belagavi@pds| 37 - F03520 - FRice
[2026-01-21 12:34:56] district User -> Save Data | approve district change yes ->Belagavi@pds| 37 - F03521 - FRice
[2026-01-21 12:34:56] district User -> Save Data | approve district change yes ->Belagavi@pds| 37 - F03522 - FRice
[2026-01-21 12:34:56] district User -> Save Data | approve district change yes ->Belagavi@pds| 37 - F03525 - FRice
[2026-01-21 12:34:56] district User -> Save Data | approve district change yes ->Belagavi@pds| 37 - F03527 - FRice
[2026-01-21 12:34:56] district User -> Save Data | approve district change yes ->Belagavi@pds| 37 - F03528 - FRice
[2026-01-21 12:34:56] district User -> Save Data | approve district change yes ->Belagavi@pds| 37 - F03533 - FRice
[2026-01-21 12:34:56] district User -> Save Data | approve district change yes ->Belagavi@pds| 37 - F02831 - FRice
[2026-01-21 12:34:56] district User -> Save Data | approve district change yes ->Belagavi@pds| 37 - F02823 - FRice
[2026-01-21 12:34:56] district User -> Save Data | approve district change yes ->Belagavi@pds| 37 - F02824 - FRice
[2026-01-21 12:34:56] district User -> Save Data | approve district change yes ->Belagavi@pds| 37 - F02825 - FRice
[2026-01-21 12:34:56] district User -> Save Data | approve district change yes ->Belagavi@pds| 37 - F02845 - FRice
[2026-01-21 12:34:56] district User -> Save Data | approve district change yes ->Belagavi@pds| 37 - F02846 - FRice
[2026-01-21 12:34:56] district User -> Save Data | approve district change yes ->Belagavi@pds| 37 - F02847 - FRice
[2026-01-21 12:34:56] district User -> Save Data | approve district change yes ->Belagavi@pds| 37 - F02848 - FRice
[2026-01-21 12:34:56] district User -> Save Data | approve district change yes ->Belagavi@pds| 37 - F02826 - FRice
[2026-01-21 12:34:56] district User -> Save Data | approve district change yes ->Belagavi@pds| 37 - F02828 - FRice
[2026-01-21 12:34:56] district User -> Save Data | approve district change yes ->Belagavi@pds| 37 - F02827 - FRice
[2026-01-21 12:34:56] district User -> Save Data | approve district change yes ->Belagavi@pds| 37 - F02849 - FRice
[2026-01-21 12:34:56] district User -> Save Data | approve district change yes ->Belagavi@pds| 37 - F02850 - FRice
[2026-01-21 12:34:56] district User -> Save Data | approve district change yes ->Belagavi@pds| 37 - F02834 - FRice
[2026-01-21 12:34:56] district User -> Save Data | approve district change yes ->Belagavi@pds| 37 - F02836 - FRice
[2026-01-21 12:35:30] User -> Save Data | district user change id ->Mysuru@pds| 213 - F13963 - FRice| 214
[2026-01-21 12:35:54] User -> Save Data | district user change id ->Mysuru@pds| 213 - F13975 - FRice| 214
[2026-01-21 12:35:58] User -> Save Data | district user change id ->Tumakuru@pds| 252 - F16900 - FRice| 245
[2026-01-21 12:36:15] User -> Save Data | district user change id ->Mysuru@pds| 213 - F13974 - FRice| 214
[2026-01-21 12:36:46] User -> Save Data | district user change id ->Tumakuru@pds| 252 - F16908 - FRice| 245
[2026-01-21 12:36:46] User -> Save Data | district user change id ->Mysuru@pds| 213 - F13976 - FRice| 214
[2026-01-21 12:37:13] User -> Save Data | district user change id ->Mysuru@pds| 213 - F13977 - FRice| 214
[2026-01-21 12:37:35] User -> Save Data | district user change id ->Mysuru@pds| 213 - F13978 - FRice| 214
[2026-01-21 12:37:36] User -> Save Data | district user change id ->Tumakuru@pds| 253 - F16918 - FRice| 245
[2026-01-21 12:38:01] User -> Save Data | district user change id ->Mysuru@pds| 213 - F13985 - FRice| 214
[2026-01-21 12:38:23] User -> Save Data | district user change id ->Mysuru@pds| 213 - F13986 - FRice| 214
[2026-01-21 12:39:12] User -> Save Data | district user change id ->shivamogga@pds| 241 - F16704 - FRice| 242
[2026-01-21 12:40:45] district User -> Save Data | implemeneted ->Chikkamagaluru@pds| 87 - F06445 - FRice
[2026-01-21 12:40:45] district User -> Save Data | implemeneted ->Chikkamagaluru@pds| 87 - F06447 - FRice
[2026-01-21 12:40:45] district User -> Save Data | implemeneted ->Chikkamagaluru@pds| 87 - F06448 - FRice
[2026-01-21 12:40:45] district User -> Save Data | implemeneted ->Chikkamagaluru@pds| 87 - F06450 - FRice
[2026-01-21 12:40:45] district User -> Save Data | implemeneted ->Chikkamagaluru@pds| 87 - F06451 - FRice
[2026-01-21 12:40:45] district User -> Save Data | implemeneted ->Chikkamagaluru@pds| 87 - F06452 - FRice
[2026-01-21 12:40:45] district User -> Save Data | implemeneted ->Chikkamagaluru@pds| 87 - F06454 - FRice
[2026-01-21 12:40:45] district User -> Save Data | implemeneted ->Chikkamagaluru@pds| 87 - F06455 - FRice
[2026-01-21 12:40:45] district User -> Save Data | implemeneted ->Chikkamagaluru@pds| 87 - F06456 - FRice
[2026-01-21 12:40:45] district User -> Save Data | implemeneted ->Chikkamagaluru@pds| 87 - F06457 - FRice
[2026-01-21 12:40:45] district User -> Save Data | implemeneted ->Chikkamagaluru@pds| 87 - F06458 - FRice
[2026-01-21 12:40:45] district User -> Save Data | implemeneted ->Chikkamagaluru@pds| 87 - F06459 - FRice
[2026-01-21 12:40:45] district User -> Save Data | implemeneted ->Chikkamagaluru@pds| 87 - F06460 - FRice
[2026-01-21 12:40:45] district User -> Save Data | implemeneted ->Chikkamagaluru@pds| 87 - F06461 - FRice
[2026-01-21 12:40:45] district User -> Save Data | implemeneted ->Chikkamagaluru@pds| 87 - F06462 - FRice
[2026-01-21 12:40:45] district User -> Save Data | implemeneted ->Chikkamagaluru@pds| 87 - F06463 - FRice
[2026-01-21 12:40:45] district User -> Save Data | implemeneted ->Chikkamagaluru@pds| 87 - F06464 - FRice
[2026-01-21 12:40:45] district User -> Save Data | implemeneted ->Chikkamagaluru@pds| 87 - F06465 - FRice
[2026-01-21 12:40:45] district User -> Save Data | implemeneted ->Chikkamagaluru@pds| 88 - F06446 - FRice
[2026-01-21 12:40:45] district User -> Save Data | implemeneted ->Chikkamagaluru@pds| 88 - F06449 - FRice
[2026-01-21 12:40:45] district User -> Save Data | implemeneted ->Chikkamagaluru@pds| 88 - F06453 - FRice
[2026-01-21 12:40:45] district User -> Save Data | implemeneted ->Chikkamagaluru@pds| 87 - F06466 - FRice
[2026-01-21 12:40:45] district User -> Save Data | implemeneted ->Chikkamagaluru@pds| 87 - F06467 - FRice
[2026-01-21 12:40:46] district User -> Save Data | implemeneted ->Chikkamagaluru@pds| 87 - F06468 - FRice
[2026-01-21 12:40:46] district User -> Save Data | implemeneted ->Chikkamagaluru@pds| 87 - F06469 - FRice
[2026-01-21 12:40:46] district User -> Save Data | implemeneted ->Chikkamagaluru@pds| 87 - F06470 - FRice
[2026-01-21 12:40:46] district User -> Save Data | implemeneted ->Chikkamagaluru@pds| 87 - F06471 - FRice
[2026-01-21 12:40:46] district User -> Save Data | implemeneted ->Chikkamagaluru@pds| 87 - F06473 - FRice
[2026-01-21 12:40:46] district User -> Save Data | implemeneted ->Chikkamagaluru@pds| 87 - F06474 - FRice
[2026-01-21 12:40:46] district User -> Save Data | implemeneted ->Chikkamagaluru@pds| 87 - F06479 - FRice
[2026-01-21 12:40:46] district User -> Save Data | implemeneted ->Chikkamagaluru@pds| 87 - F06481 - FRice
[2026-01-21 12:40:46] district User -> Save Data | implemeneted ->Chikkamagaluru@pds| 87 - F06491 - FRice
[2026-01-21 12:40:46] district User -> Save Data | implemeneted ->Chikkamagaluru@pds| 87 - F06493 - FRice
[2026-01-21 12:40:46] district User -> Save Data | implemeneted ->Chikkamagaluru@pds| 87 - F06492 - FRice
[2026-01-21 12:40:46] district User -> Save Data | implemeneted ->Chikkamagaluru@pds| 87 - F06483 - FRice
[2026-01-21 12:40:46] district User -> Save Data | implemeneted ->Chikkamagaluru@pds| 92 - F06718 - FRice
[2026-01-21 12:40:46] district User -> Save Data | implemeneted ->Chikkamagaluru@pds| 92 - F06719 - FRice
[2026-01-21 12:40:46] district User -> Save Data | implemeneted ->Chikkamagaluru@pds| 92 - F06720 - FRice
[2026-01-21 12:40:46] district User -> Save Data | implemeneted ->Chikkamagaluru@pds| 92 - F06721 - FRice
[2026-01-21 12:40:46] district User -> Save Data | implemeneted ->Chikkamagaluru@pds| 92 - F06722 - FRice
[2026-01-21 12:40:46] district User -> Save Data | implemeneted ->Chikkamagaluru@pds| 92 - F06723 - FRice
[2026-01-21 12:40:46] district User -> Save Data | implemeneted ->Chikkamagaluru@pds| 92 - F06724 - FRice
[2026-01-21 12:40:46] district User -> Save Data | implemeneted ->Chikkamagaluru@pds| 92 - F06725 - FRice
[2026-01-21 12:40:46] district User -> Save Data | implemeneted ->Chikkamagaluru@pds| 92 - F06726 - FRice
[2026-01-21 12:40:46] district User -> Save Data | implemeneted ->Chikkamagaluru@pds| 92 - F06728 - FRice
[2026-01-21 12:40:46] district User -> Save Data | implemeneted ->Chikkamagaluru@pds| 92 - F06729 - FRice
[2026-01-21 12:40:46] district User -> Save Data | implemeneted ->Chikkamagaluru@pds| 92 - F06734 - FRice
[2026-01-21 12:40:46] district User -> Save Data | implemeneted ->Chikkamagaluru@pds| 92 - F06735 - FRice
[2026-01-21 12:40:47] district User -> Save Data | implemeneted ->Chikkamagaluru@pds| 92 - F06736 - FRice
[2026-01-21 12:40:47] district User -> Save Data | implemeneted ->Chikkamagaluru@pds| 92 - F06739 - FRice
[2026-01-21 12:40:47] district User -> Save Data | implemeneted ->Chikkamagaluru@pds| 92 - F06752 - FRice
[2026-01-21 12:40:47] district User -> Save Data | implemeneted ->Chikkamagaluru@pds| 92 - F06754 - FRice
[2026-01-21 12:40:47] district User -> Save Data | implemeneted ->Chikkamagaluru@pds| 92 - F06755 - FRice
[2026-01-21 12:40:47] district User -> Save Data | implemeneted ->Chikkamagaluru@pds| 92 - F06756 - FRice
[2026-01-21 12:40:47] district User -> Save Data | implemeneted ->Chikkamagaluru@pds| 92 - F06757 - FRice
[2026-01-21 12:40:47] district User -> Save Data | implemeneted ->Chikkamagaluru@pds| 92 - F06758 - FRice
[2026-01-21 12:40:47] district User -> Save Data | implemeneted ->Chikkamagaluru@pds| 92 - F06760 - FRice
[2026-01-21 12:40:47] district User -> Save Data | implemeneted ->Chikkamagaluru@pds| 92 - F06761 - FRice
[2026-01-21 12:40:47] district User -> Save Data | implemeneted ->Chikkamagaluru@pds| 92 - F06762 - FRice
[2026-01-21 12:40:47] district User -> Save Data | implemeneted ->Chikkamagaluru@pds| 92 - F06763 - FRice
[2026-01-21 12:40:47] district User -> Save Data | implemeneted ->Chikkamagaluru@pds| 88 - F06472 - FRice
[2026-01-21 12:41:21] User -> Save Data | district user change id ->shivamogga@pds| 242 - F16607 - FRice| 241
[2026-01-21 12:42:20] User -> Save Data | district user change id ->shivamogga@pds| 240 - F16561 - FRice| 240
[2026-01-21 12:42:34] district User -> Save Data | implemeneted ->Chikkamagaluru@pds| 95 - F06861 - FRice
[2026-01-21 12:42:34] district User -> Save Data | implemeneted ->Chikkamagaluru@pds| 95 - F06862 - FRice
[2026-01-21 12:42:34] district User -> Save Data | implemeneted ->Chikkamagaluru@pds| 95 - F06863 - FRice
[2026-01-21 12:42:34] district User -> Save Data | implemeneted ->Chikkamagaluru@pds| 95 - F06864 - FRice
[2026-01-21 12:42:34] district User -> Save Data | implemeneted ->Chikkamagaluru@pds| 95 - F06865 - FRice
[2026-01-21 12:42:35] district User -> Save Data | implemeneted ->Chikkamagaluru@pds| 95 - F06866 - FRice
[2026-01-21 12:42:35] district User -> Save Data | implemeneted ->Chikkamagaluru@pds| 95 - F06867 - FRice
[2026-01-21 12:42:35] district User -> Save Data | implemeneted ->Chikkamagaluru@pds| 95 - F06868 - FRice
[2026-01-21 12:42:35] district User -> Save Data | implemeneted ->Chikkamagaluru@pds| 95 - F06869 - FRice
[2026-01-21 12:42:35] district User -> Save Data | implemeneted ->Chikkamagaluru@pds| 95 - F06870 - FRice
[2026-01-21 12:42:35] district User -> Save Data | implemeneted ->Chikkamagaluru@pds| 95 - F06871 - FRice
[2026-01-21 12:42:35] district User -> Save Data | implemeneted ->Chikkamagaluru@pds| 95 - F06872 - FRice
[2026-01-21 12:42:35] district User -> Save Data | implemeneted ->Chikkamagaluru@pds| 95 - F06873 - FRice
[2026-01-21 12:42:35] district User -> Save Data | implemeneted ->Chikkamagaluru@pds| 95 - F06874 - FRice
[2026-01-21 12:42:35] district User -> Save Data | implemeneted ->Chikkamagaluru@pds| 95 - F06875 - FRice
[2026-01-21 12:42:35] district User -> Save Data | implemeneted ->Chikkamagaluru@pds| 95 - F06876 - FRice
[2026-01-21 12:42:35] district User -> Save Data | implemeneted ->Chikkamagaluru@pds| 95 - F06877 - FRice
[2026-01-21 12:42:35] district User -> Save Data | implemeneted ->Chikkamagaluru@pds| 95 - F06878 - FRice
[2026-01-21 12:42:35] district User -> Save Data | implemeneted ->Chikkamagaluru@pds| 95 - F06879 - FRice
[2026-01-21 12:42:35] district User -> Save Data | implemeneted ->Chikkamagaluru@pds| 95 - F06880 - FRice
[2026-01-21 12:42:35] district User -> Save Data | implemeneted ->Chikkamagaluru@pds| 95 - F06881 - FRice
[2026-01-21 12:42:35] district User -> Save Data | implemeneted ->Chikkamagaluru@pds| 95 - F06882 - FRice
[2026-01-21 12:42:40] User -> Save Data | district user change id ->Tumakuru@pds| 250 - F17113 - FRice| 247
[2026-01-21 12:44:07] User -> Save Data | district user change id ->shivamogga@pds| 240 - F16479 - FRice| 239
[2026-01-21 12:44:30] district User -> Save Data | implemeneted ->Chikkamagaluru@pds| 94 - F06831 - FRice
[2026-01-21 12:44:30] district User -> Save Data | implemeneted ->Chikkamagaluru@pds| 94 - F06832 - FRice
[2026-01-21 12:44:30] district User -> Save Data | implemeneted ->Chikkamagaluru@pds| 94 - F06833 - FRice
[2026-01-21 12:44:30] district User -> Save Data | implemeneted ->Chikkamagaluru@pds| 94 - F06834 - FRice
[2026-01-21 12:44:30] district User -> Save Data | implemeneted ->Chikkamagaluru@pds| 94 - F06835 - FRice
[2026-01-21 12:44:30] district User -> Save Data | implemeneted ->Chikkamagaluru@pds| 94 - F06836 - FRice
[2026-01-21 12:44:30] district User -> Save Data | implemeneted ->Chikkamagaluru@pds| 94 - F06840 - FRice
[2026-01-21 12:44:30] district User -> Save Data | implemeneted ->Chikkamagaluru@pds| 94 - F06843 - FRice
[2026-01-21 12:44:30] district User -> Save Data | implemeneted ->Chikkamagaluru@pds| 94 - F06851 - FRice
[2026-01-21 12:44:30] district User -> Save Data | implemeneted ->Chikkamagaluru@pds| 94 - F06855 - FRice
[2026-01-21 12:44:30] district User -> Save Data | implemeneted ->Chikkamagaluru@pds| 94 - F06856 - FRice
[2026-01-21 12:44:30] district User -> Save Data | implemeneted ->Chikkamagaluru@pds| 94 - F06857 - FRice
[2026-01-21 12:44:31] district User -> Save Data | implemeneted ->Chikkamagaluru@pds| 94 - F06858 - FRice
[2026-01-21 12:44:31] district User -> Save Data | implemeneted ->Chikkamagaluru@pds| 94 - F06859 - FRice
[2026-01-21 12:44:31] district User -> Save Data | implemeneted ->Chikkamagaluru@pds| 94 - F06860 - FRice
[2026-01-21 12:44:39] User -> Save Data | district user change id ->Tumakuru@pds| 250 - F17115 - FRice| 247
[2026-01-21 12:45:34] User -> Save Data | district user change id ->Tumakuru@pds| 250 - F17116 - FRice| 247
[2026-01-21 12:45:35] User -> Save Data | district user change id ->shivamogga@pds| 241 - F16729 - FRice| 242
[2026-01-21 12:46:21] User -> Save Data | district user change id ->Tumakuru@pds| 250 - F17117 - FRice| 247
[2026-01-21 12:46:52] User -> Save Data | district user change id ->shivamogga@pds| 241 - F16735 - FRice| 242
[2026-01-21 12:47:14] User -> Save Data | district user change id ->Tumakuru@pds| 250 - F17118 - FRice| 247
[2026-01-21 12:47:47] User -> Save Data | district user change id ->shivamogga@pds| 241 - F16731 - FRice| 242
[2026-01-21 12:47:56] User -> Save Data | district user change id ->Tumakuru@pds| 250 - F17119 - FRice| 247
[2026-01-21 12:48:22] User -> Save Data | district user change id ->shivamogga@pds| 242 - F16614 - FRice| 241
[2026-01-21 12:49:00] User -> Save Data | district user change id ->Tumakuru@pds| 254 - F17066 - FRice| 247
[2026-01-21 12:49:35] User -> Save Data | district user change id ->shivamogga@pds| 242 - F16613 - FRice| 241
[2026-01-21 12:50:37] User -> Save Data | district user change id ->Tumakuru@pds| 254 - F17067 - FRice| 247
[2026-01-21 12:52:35] User -> Save Data | district user change id ->shivamogga@pds| 240 - F16551 - FRice| 240
[2026-01-21 12:53:15] User -> Save Data | district user change id ->Tumakuru@pds| 254 - F17074 - FRice| 247
[2026-01-21 12:54:10] User -> Save Data | district user change id ->Tumakuru@pds| 254 - F17075 - FRice| 247
[2026-01-21 12:54:55] User -> Save Data | district user change id ->Tumakuru@pds| 254 - F17077 - FRice| 247
[2026-01-21 12:56:15] User -> Save Data | district user change id ->Tumakuru@pds| 254 - F17078 - FRice| 247
[2026-01-21 12:58:14] district User -> Save Data | approve district change yes ->Hassan@pds| 164 - F09562 - FRice
[2026-01-21 12:58:25] district User -> Save Data | approve district change yes ->Hassan@pds| 164 - F09563 - FRice
[2026-01-21 12:58:36] district User -> Save Data | approve district change yes ->Hassan@pds| 164 - F09564 - FRice
[2026-01-21 12:58:56] district User -> Save Data | approve district change yes ->Hassan@pds| 164 - F09565 - FRice
[2026-01-21 12:59:07] district User -> Save Data | approve district change yes ->Hassan@pds| 164 - F09566 - FRice
[2026-01-21 12:59:15] district User -> Save Data | approve district change yes ->Hassan@pds| 164 - F09567 - FRice
[2026-01-21 12:59:21] district User -> Save Data | approve district change yes ->Hassan@pds| 164 - F09568 - FRice
[2026-01-21 12:59:28] district User -> Save Data | approve district change yes ->Hassan@pds| 164 - F09569 - FRice
[2026-01-21 12:59:40] district User -> Save Data | approve district change yes ->Hassan@pds| 164 - F09570 - FRice
[2026-01-21 12:59:54] district User -> Save Data | approve district change yes ->Hassan@pds| 164 - F09571 - FRice
[2026-01-21 13:00:13] district User -> Save Data | approve district change yes ->Hassan@pds| 164 - F09572 - FRice
[2026-01-21 13:00:23] district User -> Save Data | approve district change yes ->Hassan@pds| 164 - F09573 - FRice
[2026-01-21 13:00:43] district User -> Save Data | approve district change yes ->Hassan@pds| 164 - F09958 - FRice
[2026-01-21 13:00:54] district User -> Save Data | approve district change yes ->Hassan@pds| 164 - F09951 - FRice
[2026-01-21 13:01:32] district User -> Save Data | implemeneted ->Chikkamagaluru@pds| 88 - F06478 - FRice
[2026-01-21 13:01:32] district User -> Save Data | implemeneted ->Chikkamagaluru@pds| 88 - F06480 - FRice
[2026-01-21 13:01:32] district User -> Save Data | implemeneted ->Chikkamagaluru@pds| 88 - F06482 - FRice
[2026-01-21 13:01:32] district User -> Save Data | implemeneted ->Chikkamagaluru@pds| 88 - F06484 - FRice
[2026-01-21 13:01:32] district User -> Save Data | implemeneted ->Chikkamagaluru@pds| 88 - F06485 - FRice
[2026-01-21 13:01:33] district User -> Save Data | implemeneted ->Chikkamagaluru@pds| 88 - F06486 - FRice
[2026-01-21 13:01:33] district User -> Save Data | implemeneted ->Chikkamagaluru@pds| 88 - F06487 - FRice
[2026-01-21 13:01:33] district User -> Save Data | implemeneted ->Chikkamagaluru@pds| 88 - F06497 - FRice
[2026-01-21 13:01:33] district User -> Save Data | implemeneted ->Chikkamagaluru@pds| 88 - F06494 - FRice
[2026-01-21 13:01:33] district User -> Save Data | implemeneted ->Chikkamagaluru@pds| 88 - F06498 - FRice
[2026-01-21 13:01:33] district User -> Save Data | implemeneted ->Chikkamagaluru@pds| 88 - F06503 - FRice
[2026-01-21 13:01:33] district User -> Save Data | implemeneted ->Chikkamagaluru@pds| 88 - F06545 - FRice
[2026-01-21 13:01:33] district User -> Save Data | implemeneted ->Chikkamagaluru@pds| 88 - F06549 - FRice
[2026-01-21 13:01:33] district User -> Save Data | implemeneted ->Chikkamagaluru@pds| 88 - F06558 - FRice
[2026-01-21 13:01:33] district User -> Save Data | implemeneted ->Chikkamagaluru@pds| 88 - F06499 - FRice
[2026-01-21 13:01:33] district User -> Save Data | implemeneted ->Chikkamagaluru@pds| 88 - F06501 - FRice
[2026-01-21 13:01:33] district User -> Save Data | implemeneted ->Chikkamagaluru@pds| 88 - F06500 - FRice
[2026-01-21 13:01:33] district User -> Save Data | implemeneted ->Chikkamagaluru@pds| 88 - F06502 - FRice
[2026-01-21 13:01:33] district User -> Save Data | implemeneted ->Chikkamagaluru@pds| 88 - F06553 - FRice
[2026-01-21 13:01:33] district User -> Save Data | implemeneted ->Chikkamagaluru@pds| 88 - F06554 - FRice
[2026-01-21 13:01:33] district User -> Save Data | implemeneted ->Chikkamagaluru@pds| 88 - F06504 - FRice
[2026-01-21 13:01:33] district User -> Save Data | implemeneted ->Chikkamagaluru@pds| 88 - F06505 - FRice
[2026-01-21 13:01:33] district User -> Save Data | implemeneted ->Chikkamagaluru@pds| 88 - F06539 - FRice
[2026-01-21 13:01:33] district User -> Save Data | implemeneted ->Chikkamagaluru@pds| 88 - F06544 - FRice
[2026-01-21 13:05:19] district User -> Save Data | approve district change yes ->Hassan@pds| 164 - F09574 - FRice
[2026-01-21 13:05:35] district User -> Save Data | approve district change yes ->Hassan@pds| 164 - F09575 - FRice
[2026-01-21 13:05:41] district User -> Save Data | approve district change yes ->Hassan@pds| 164 - F09576 - FRice
[2026-01-21 13:05:48] district User -> Save Data | approve district change yes ->Hassan@pds| 164 - F09577 - FRice
[2026-01-21 13:05:56] district User -> Save Data | approve district change yes ->Hassan@pds| 164 - F09578 - FRice
[2026-01-21 13:06:02] district User -> Save Data | approve district change yes ->Hassan@pds| 164 - F09579 - FRice
[2026-01-21 13:06:17] district User -> Save Data | approve district change yes ->Hassan@pds| 164 - F09580 - FRice
[2026-01-21 13:06:22] district User -> Save Data | implemeneted ->Chikkamagaluru@pds| 87 - F06495 - FRice
[2026-01-21 13:06:22] district User -> Save Data | implemeneted ->Chikkamagaluru@pds| 87 - F06496 - FRice
[2026-01-21 13:06:22] district User -> Save Data | implemeneted ->Chikkamagaluru@pds| 87 - F06506 - FRice
[2026-01-21 13:06:22] district User -> Save Data | implemeneted ->Chikkamagaluru@pds| 87 - F06507 - FRice
[2026-01-21 13:06:22] district User -> Save Data | implemeneted ->Chikkamagaluru@pds| 87 - F06509 - FRice
[2026-01-21 13:06:22] district User -> Save Data | implemeneted ->Chikkamagaluru@pds| 87 - F06510 - FRice
[2026-01-21 13:06:22] district User -> Save Data | implemeneted ->Chikkamagaluru@pds| 87 - F06511 - FRice
[2026-01-21 13:06:22] district User -> Save Data | implemeneted ->Chikkamagaluru@pds| 87 - F06512 - FRice
[2026-01-21 13:06:22] district User -> Save Data | implemeneted ->Chikkamagaluru@pds| 87 - F06513 - FRice
[2026-01-21 13:06:22] district User -> Save Data | implemeneted ->Chikkamagaluru@pds| 87 - F06514 - FRice
[2026-01-21 13:06:22] district User -> Save Data | implemeneted ->Chikkamagaluru@pds| 87 - F06515 - FRice
[2026-01-21 13:06:22] district User -> Save Data | implemeneted ->Chikkamagaluru@pds| 87 - F06516 - FRice
[2026-01-21 13:06:22] district User -> Save Data | implemeneted ->Chikkamagaluru@pds| 87 - F06517 - FRice
[2026-01-21 13:06:22] district User -> Save Data | implemeneted ->Chikkamagaluru@pds| 87 - F06518 - FRice
[2026-01-21 13:06:22] district User -> Save Data | implemeneted ->Chikkamagaluru@pds| 87 - F06519 - FRice
[2026-01-21 13:06:23] district User -> Save Data | approve district change yes ->Hassan@pds| 164 - F09581 - FRice
[2026-01-21 13:06:29] district User -> Save Data | approve district change yes ->Hassan@pds| 164 - F09582 - FRice
[2026-01-21 13:06:37] district User -> Save Data | approve district change yes ->Hassan@pds| 164 - F09583 - FRice
[2026-01-21 13:06:42] district User -> Save Data | approve district change yes ->Hassan@pds| 164 - F09584 - FRice
[2026-01-21 13:06:50] district User -> Save Data | approve district change yes ->Hassan@pds| 164 - F09587 - FRice
[2026-01-21 13:06:56] district User -> Save Data | approve district change yes ->Hassan@pds| 164 - F09588 - FRice
[2026-01-21 13:07:02] district User -> Save Data | approve district change yes ->Hassan@pds| 164 - F09592 - FRice
[2026-01-21 13:07:08] district User -> Save Data | approve district change yes ->Hassan@pds| 164 - F09594 - FRice
[2026-01-21 13:07:13] district User -> Save Data | approve district change yes ->Hassan@pds| 164 - F09595 - FRice
[2026-01-21 13:07:20] district User -> Save Data | approve district change yes ->Hassan@pds| 164 - F09596 - FRice
[2026-01-21 13:07:27] district User -> Save Data | approve district change yes ->Hassan@pds| 164 - F09597 - FRice
[2026-01-21 13:07:33] district User -> Save Data | approve district change yes ->Hassan@pds| 164 - F09599 - FRice
[2026-01-21 13:07:39] district User -> Save Data | approve district change yes ->Hassan@pds| 164 - F09600 - FRice
[2026-01-21 13:07:44] district User -> Save Data | approve district change yes ->Hassan@pds| 164 - F09601 - FRice
[2026-01-21 13:07:49] district User -> Save Data | approve district change yes ->Hassan@pds| 164 - F09602 - FRice
[2026-01-21 13:07:54] district User -> Save Data | approve district change yes ->Hassan@pds| 164 - F09603 - FRice
[2026-01-21 13:07:59] district User -> Save Data | approve district change yes ->Hassan@pds| 164 - F09604 - FRice
[2026-01-21 13:08:03] district User -> Save Data | approve district change yes ->Hassan@pds| 164 - F09605 - FRice
[2026-01-21 13:09:28] User -> Save Data | district user change id ->Tumakuru@pds| 254 - F17098 - FRice| 247
[2026-01-21 13:09:53] User -> Save Data | district user change id ->Koppal@pds| 201 - F13021 - FRice| 200
[2026-01-21 13:11:12] district User -> Save Data | approve district change yes ->shivamogga@pds| 244 - F16865 - FRice
[2026-01-21 13:12:02] district User -> Save Data | approve district change yes ->shivamogga@pds| 244 - F16864 - FRice
[2026-01-21 13:12:56] User -> Save Data | district user change id ->Koppal@pds| 201 - F13020 - FRice| 200
[2026-01-21 13:13:43] district User -> Save Data | approve district change yes ->Koppal@pds| 201 - F13019 - FRice
[2026-01-21 13:14:09] district User -> Save Data | approve district change yes ->Belagavi@pds| 42 - F02830 - FRice
[2026-01-21 13:14:09] district User -> Save Data | approve district change yes ->Belagavi@pds| 42 - F02832 - FRice
[2026-01-21 13:14:09] district User -> Save Data | approve district change yes ->Belagavi@pds| 42 - F02817 - FRice
[2026-01-21 13:14:09] district User -> Save Data | approve district change yes ->Belagavi@pds| 42 - F02818 - FRice
[2026-01-21 13:14:09] district User -> Save Data | approve district change yes ->Belagavi@pds| 42 - F02819 - FRice
[2026-01-21 13:14:09] district User -> Save Data | approve district change yes ->Belagavi@pds| 42 - F02820 - FRice
[2026-01-21 13:14:09] district User -> Save Data | approve district change yes ->Belagavi@pds| 42 - F02841 - FRice
[2026-01-21 13:14:19] User -> Save Data | district user change id ->Koppal@pds| 201 - F13018 - FRice| 200
[2026-01-21 13:15:06] User -> Save Data | district user change id ->Koppal@pds| 201 - F13017 - FRice| 200
[2026-01-21 13:16:35] district User -> Save Data | approve district change yes ->Koppal@pds| 201 - F13016 - FRice
[2026-01-21 13:17:47] district User -> Save Data | approve district change yes ->Koppal@pds| 201 - F13011 - FRice
[2026-01-21 13:18:09] district User -> Save Data | approve district change yes ->Koppal@pds| 201 - F13010 - FRice
[2026-01-21 13:19:02] User -> Save Data | district user change id ->Koppal@pds| 201 - F13009 - FRice| 200
[2026-01-21 13:19:28] district User -> Save Data | approve district change yes ->Koppal@pds| 201 - F13008 - FRice
[2026-01-21 13:19:55] User -> Save Data | district user change id ->Tumakuru@pds| 255 - F17064 - FRice| 247
[2026-01-21 13:19:58] district User -> Save Data | approve district change yes ->Koppal@pds| 201 - F13007 - FRice
[2026-01-21 13:20:35] User -> Save Data | district user change id ->Koppal@pds| 201 - F13006 - FRice| 200
[2026-01-21 13:22:10] User -> Save Data | district user change id ->Tumakuru@pds| 255 - F17065 - FRice| 247
[2026-01-21 13:23:06] district User -> Save Data | implemeneted ->Chikkamagaluru@pds| 93 - F06765 - FRice
[2026-01-21 13:23:06] district User -> Save Data | implemeneted ->Chikkamagaluru@pds| 93 - F06766 - FRice
[2026-01-21 13:23:06] district User -> Save Data | implemeneted ->Chikkamagaluru@pds| 93 - F06767 - FRice
[2026-01-21 13:23:06] district User -> Save Data | implemeneted ->Chikkamagaluru@pds| 93 - F06768 - FRice
[2026-01-21 13:23:06] district User -> Save Data | implemeneted ->Chikkamagaluru@pds| 93 - F06769 - FRice
[2026-01-21 13:23:07] district User -> Save Data | implemeneted ->Chikkamagaluru@pds| 93 - F06770 - FRice
[2026-01-21 13:23:07] district User -> Save Data | implemeneted ->Chikkamagaluru@pds| 93 - F06771 - FRice
[2026-01-21 13:23:07] district User -> Save Data | implemeneted ->Chikkamagaluru@pds| 93 - F06772 - FRice
[2026-01-21 13:23:07] district User -> Save Data | implemeneted ->Chikkamagaluru@pds| 93 - F06773 - FRice
[2026-01-21 13:23:07] district User -> Save Data | implemeneted ->Chikkamagaluru@pds| 93 - F06774 - FRice
[2026-01-21 13:23:07] district User -> Save Data | implemeneted ->Chikkamagaluru@pds| 93 - F06775 - FRice
[2026-01-21 13:23:07] district User -> Save Data | implemeneted ->Chikkamagaluru@pds| 93 - F06776 - FRice
[2026-01-21 13:23:07] district User -> Save Data | implemeneted ->Chikkamagaluru@pds| 93 - F06777 - FRice
[2026-01-21 13:23:07] district User -> Save Data | implemeneted ->Chikkamagaluru@pds| 93 - F06778 - FRice
[2026-01-21 13:23:07] district User -> Save Data | implemeneted ->Chikkamagaluru@pds| 93 - F06779 - FRice
[2026-01-21 13:23:07] district User -> Save Data | implemeneted ->Chikkamagaluru@pds| 93 - F06780 - FRice
[2026-01-21 13:23:07] district User -> Save Data | implemeneted ->Chikkamagaluru@pds| 93 - F06781 - FRice
[2026-01-21 13:23:07] district User -> Save Data | implemeneted ->Chikkamagaluru@pds| 93 - F06782 - FRice
[2026-01-21 13:23:07] district User -> Save Data | implemeneted ->Chikkamagaluru@pds| 93 - F06783 - FRice
[2026-01-21 13:23:07] district User -> Save Data | implemeneted ->Chikkamagaluru@pds| 93 - F06784 - FRice
[2026-01-21 13:23:07] district User -> Save Data | implemeneted ->Chikkamagaluru@pds| 93 - F06785 - FRice
[2026-01-21 13:23:07] district User -> Save Data | implemeneted ->Chikkamagaluru@pds| 93 - F06786 - FRice
[2026-01-21 13:23:07] district User -> Save Data | implemeneted ->Chikkamagaluru@pds| 93 - F06787 - FRice
[2026-01-21 13:23:07] district User -> Save Data | implemeneted ->Chikkamagaluru@pds| 93 - F06788 - FRice
[2026-01-21 13:23:07] district User -> Save Data | implemeneted ->Chikkamagaluru@pds| 93 - F06789 - FRice
[2026-01-21 13:23:07] district User -> Save Data | implemeneted ->Chikkamagaluru@pds| 93 - F06790 - FRice
[2026-01-21 13:23:07] district User -> Save Data | implemeneted ->Chikkamagaluru@pds| 93 - F06791 - FRice
[2026-01-21 13:23:07] district User -> Save Data | implemeneted ->Chikkamagaluru@pds| 93 - F06792 - FRice
[2026-01-21 13:23:07] district User -> Save Data | implemeneted ->Chikkamagaluru@pds| 93 - F06793 - FRice
[2026-01-21 13:23:07] district User -> Save Data | implemeneted ->Chikkamagaluru@pds| 93 - F06794 - FRice
[2026-01-21 13:23:07] district User -> Save Data | implemeneted ->Chikkamagaluru@pds| 93 - F06795 - FRice
[2026-01-21 13:23:08] district User -> Save Data | implemeneted ->Chikkamagaluru@pds| 93 - F06796 - FRice
[2026-01-21 13:23:08] district User -> Save Data | implemeneted ->Chikkamagaluru@pds| 93 - F06797 - FRice
[2026-01-21 13:23:08] district User -> Save Data | implemeneted ->Chikkamagaluru@pds| 93 - F06798 - FRice
[2026-01-21 13:23:08] district User -> Save Data | implemeneted ->Chikkamagaluru@pds| 93 - F06799 - FRice
[2026-01-21 13:23:08] district User -> Save Data | implemeneted ->Chikkamagaluru@pds| 93 - F06800 - FRice
[2026-01-21 13:23:08] district User -> Save Data | implemeneted ->Chikkamagaluru@pds| 93 - F06801 - FRice
[2026-01-21 13:23:08] district User -> Save Data | implemeneted ->Chikkamagaluru@pds| 93 - F06802 - FRice
[2026-01-21 13:23:08] district User -> Save Data | implemeneted ->Chikkamagaluru@pds| 93 - F06803 - FRice
[2026-01-21 13:23:08] district User -> Save Data | implemeneted ->Chikkamagaluru@pds| 93 - F06804 - FRice
[2026-01-21 13:23:08] district User -> Save Data | implemeneted ->Chikkamagaluru@pds| 93 - F06805 - FRice
[2026-01-21 13:23:08] district User -> Save Data | implemeneted ->Chikkamagaluru@pds| 93 - F06806 - FRice
[2026-01-21 13:23:08] district User -> Save Data | implemeneted ->Chikkamagaluru@pds| 93 - F06807 - FRice
[2026-01-21 13:23:08] district User -> Save Data | implemeneted ->Chikkamagaluru@pds| 93 - F06814 - FRice
[2026-01-21 13:23:08] district User -> Save Data | implemeneted ->Chikkamagaluru@pds| 93 - F06818 - FRice
[2026-01-21 13:23:08] district User -> Save Data | implemeneted ->Chikkamagaluru@pds| 93 - F06819 - FRice
[2026-01-21 13:23:08] district User -> Save Data | implemeneted ->Chikkamagaluru@pds| 93 - F06820 - FRice
[2026-01-21 13:23:08] district User -> Save Data | implemeneted ->Chikkamagaluru@pds| 93 - F06822 - FRice
[2026-01-21 13:23:08] district User -> Save Data | implemeneted ->Chikkamagaluru@pds| 93 - F06823 - FRice
[2026-01-21 13:23:08] district User -> Save Data | implemeneted ->Chikkamagaluru@pds| 93 - F06824 - FRice
[2026-01-21 13:23:08] district User -> Save Data | implemeneted ->Chikkamagaluru@pds| 93 - F06825 - FRice
[2026-01-21 13:23:08] district User -> Save Data | implemeneted ->Chikkamagaluru@pds| 93 - F06826 - FRice
[2026-01-21 13:23:08] district User -> Save Data | implemeneted ->Chikkamagaluru@pds| 93 - F06827 - FRice
[2026-01-21 13:23:08] district User -> Save Data | implemeneted ->Chikkamagaluru@pds| 93 - F06828 - FRice
[2026-01-21 13:23:08] district User -> Save Data | implemeneted ->Chikkamagaluru@pds| 93 - F06829 - FRice
[2026-01-21 13:23:14] User -> Save Data | district user change id ->Tumakuru@pds| 255 - F17102 - FRice| 247
[2026-01-21 13:23:23] User -> Save Data | district user change id ->Koppal@pds| 201 - F13098 - FRice| 200
[2026-01-21 13:24:29] User -> Save Data | district user change id ->Tumakuru@pds| 255 - F17108 - FRice| 247
[2026-01-21 13:24:57] district User -> Save Data | approve district change yes ->Koppal@pds| 200 - F13214 - FRice
[2026-01-21 13:25:27] User -> Save Data | district user change id ->Tumakuru@pds| 255 - F17109 - FRice| 247
[2026-01-21 13:25:48] district User -> Save Data | approve district change yes ->Koppal@pds| 200 - F13211 - FRice
[2026-01-21 13:26:29] district User -> Save Data | approve district change yes ->Koppal@pds| 200 - F13195 - FRice
[2026-01-21 13:26:31] User -> Save Data | district user change id ->Tumakuru@pds| 255 - F17110 - FRice| 247
[2026-01-21 13:27:14] district User -> Save Data | approve district change yes ->Koppal@pds| 200 - F13192 - FRice
[2026-01-21 13:28:19] User -> Save Data | district user change id ->Koppal@pds| 200 - F13141 - FRice| 201
[2026-01-21 13:28:38] district User -> Save Data | approve district change yes ->Belagavi@pds| 42 - F02839 - FRice
[2026-01-21 13:28:38] district User -> Save Data | approve district change yes ->Belagavi@pds| 42 - F02840 - FRice
[2026-01-21 13:28:38] district User -> Save Data | approve district change yes ->Belagavi@pds| 42 - F02842 - FRice
[2026-01-21 13:28:38] district User -> Save Data | approve district change yes ->Belagavi@pds| 42 - F02843 - FRice
[2026-01-21 13:28:38] district User -> Save Data | approve district change yes ->Belagavi@pds| 42 - F02833 - FRice
[2026-01-21 13:28:38] district User -> Save Data | approve district change yes ->Belagavi@pds| 42 - F02835 - FRice
[2026-01-21 13:28:38] district User -> Save Data | approve district change yes ->Belagavi@pds| 42 - F02851 - FRice
[2026-01-21 13:28:38] district User -> Save Data | approve district change yes ->Belagavi@pds| 42 - F02852 - FRice
[2026-01-21 13:29:27] User -> Save Data | district user change id ->Tumakuru@pds| 255 - F17111 - FRice| 247
[2026-01-21 13:29:44] district User -> Save Data | approve district change yes ->Belagavi@pds| 26 - F01896 - FRice
[2026-01-21 13:30:15] User -> Save Data | district user change id ->Tumakuru@pds| 255 - F17112 - FRice| 247
[2026-01-21 13:32:25] district User -> Save Data | approve district change yes ->Koppal@pds| 200 - F13139 - FRice
[2026-01-21 13:33:28] district User -> Save Data | approve district change yes ->Koppal@pds| 200 - F13138 - FRice
[2026-01-21 13:33:40] district User -> Save Data | approve district change yes ->Belagavi@pds| 26 - F01945 - FRice
[2026-01-21 13:34:16] district User -> Save Data | approve district change yes ->Koppal@pds| 200 - F13137 - FRice
[2026-01-21 13:35:00] district User -> Save Data | approve district change yes ->Koppal@pds| 199 - F13187 - FRice
[2026-01-21 13:35:31] district User -> Save Data | approve district change yes ->Koppal@pds| 199 - F13207 - FRice
[2026-01-21 13:35:56] User -> Save Data | district user change id ->Tumakuru@pds| 255 - F17114 - FRice| 247
[2026-01-21 13:36:49] district User -> Save Data | approve district change yes ->Koppal@pds| 199 - F13208 - FRice
[2026-01-21 13:37:05] district User -> Save Data | approve district change yes ->Koppal@pds| 199 - F13215 - FRice
[2026-01-21 13:37:22] district User -> Save Data | approve district change yes ->Koppal@pds| 200 - F13128 - FRice
[2026-01-21 13:38:19] district User -> Save Data | approve district change yes ->Koppal@pds| 200 - F13129 - FRice
[2026-01-21 13:38:45] district User -> Save Data | approve district change yes ->Koppal@pds| 200 - F13131 - FRice
[2026-01-21 13:39:09] district User -> Save Data | approve district change yes ->Koppal@pds| 200 - F13132 - FRice
[2026-01-21 13:39:27] district User -> Save Data | approve district change yes ->Koppal@pds| 200 - F13133 - FRice
[2026-01-21 13:39:50] district User -> Save Data | approve district change yes ->Koppal@pds| 200 - F13134 - FRice
[2026-01-21 13:40:04] district User -> Save Data | approve district change yes ->Koppal@pds| 200 - F13135 - FRice
[2026-01-21 13:40:19] district User -> Save Data | approve district change yes ->Koppal@pds| 200 - F13136 - FRice
[2026-01-21 13:41:06] User -> Save Data | district user change id ->Koppal@pds| 198 - F12998 - FRice| 199
[2026-01-21 13:42:05] User -> Save Data | district user change id ->Koppal@pds| 199 - F12801 - FRice| 198
[2026-01-21 13:49:06] district User -> Save Data | approve district change yes ->Belagavi@pds| 27 - F02054 - FRice
[2026-01-21 13:49:06] district User -> Save Data | approve district change yes ->Belagavi@pds| 27 - F02055 - FRice
[2026-01-21 13:49:06] district User -> Save Data | approve district change yes ->Belagavi@pds| 27 - F02056 - FRice
[2026-01-21 13:49:06] district User -> Save Data | approve district change yes ->Belagavi@pds| 27 - F02057 - FRice
[2026-01-21 13:49:06] district User -> Save Data | approve district change yes ->Belagavi@pds| 27 - F02058 - FRice
[2026-01-21 13:49:06] district User -> Save Data | approve district change yes ->Belagavi@pds| 27 - F02059 - FRice
[2026-01-21 13:49:06] district User -> Save Data | approve district change yes ->Belagavi@pds| 27 - F02060 - FRice
[2026-01-21 13:49:07] district User -> Save Data | approve district change yes ->Belagavi@pds| 27 - F02061 - FRice
[2026-01-21 13:49:07] district User -> Save Data | approve district change yes ->Belagavi@pds| 27 - F02062 - FRice
[2026-01-21 13:49:07] district User -> Save Data | approve district change yes ->Belagavi@pds| 27 - F02063 - FRice
[2026-01-21 13:49:07] district User -> Save Data | approve district change yes ->Belagavi@pds| 27 - F02064 - FRice
[2026-01-21 15:47:07] district User -> Save Data | approve district change yes ->shivamogga@pds| 244 - F16863 - FRice
[2026-01-21 15:47:55] district User -> Save Data | approve district change yes ->shivamogga@pds| 244 - F16862 - FRice
[2026-01-21 16:03:42] district User -> Save Data | approve district change yes ->Haveri@pds| 174 - F10445 - FRice
[2026-01-21 16:04:38] district User -> Save Data | implemeneted ->Haveri@pds| 174 - F10445 - FRice
[2026-01-21 16:08:02] district User -> Save Data | approve district change yes ->shivamogga@pds| 244 - F16860 - FRice
[2026-01-21 16:08:02] district User -> Save Data | approve district change yes ->shivamogga@pds| 244 - F16859 - FRice
[2026-01-21 16:08:02] district User -> Save Data | approve district change yes ->shivamogga@pds| 244 - F16858 - FRice
[2026-01-21 16:08:02] district User -> Save Data | approve district change yes ->shivamogga@pds| 244 - F16856 - FRice
[2026-01-21 16:08:02] district User -> Save Data | approve district change yes ->shivamogga@pds| 244 - F16855 - FRice
[2026-01-21 16:08:02] district User -> Save Data | approve district change yes ->shivamogga@pds| 244 - F16854 - FRice
[2026-01-21 16:08:03] district User -> Save Data | approve district change yes ->shivamogga@pds| 244 - F16853 - FRice
[2026-01-21 16:08:03] district User -> Save Data | approve district change yes ->shivamogga@pds| 244 - F16851 - FRice
[2026-01-21 16:08:03] district User -> Save Data | approve district change yes ->shivamogga@pds| 244 - F16848 - FRice
[2026-01-21 16:08:03] district User -> Save Data | approve district change yes ->shivamogga@pds| 244 - F16847 - FRice
[2026-01-21 16:08:03] district User -> Save Data | approve district change yes ->shivamogga@pds| 244 - F16845 - FRice
[2026-01-21 16:08:03] district User -> Save Data | approve district change yes ->shivamogga@pds| 244 - F16844 - FRice
[2026-01-21 16:08:03] district User -> Save Data | approve district change yes ->shivamogga@pds| 244 - F16843 - FRice
[2026-01-21 16:08:03] district User -> Save Data | approve district change yes ->shivamogga@pds| 244 - F16842 - FRice
[2026-01-21 16:08:03] district User -> Save Data | approve district change yes ->shivamogga@pds| 244 - F16841 - FRice
[2026-01-21 16:08:03] district User -> Save Data | approve district change yes ->shivamogga@pds| 244 - F16840 - FRice
[2026-01-21 16:08:03] district User -> Save Data | approve district change yes ->shivamogga@pds| 244 - F16839 - FRice
[2026-01-21 16:08:03] district User -> Save Data | approve district change yes ->shivamogga@pds| 244 - F16838 - FRice
[2026-01-21 16:08:03] district User -> Save Data | approve district change yes ->shivamogga@pds| 244 - F16837 - FRice
[2026-01-21 16:08:03] district User -> Save Data | approve district change yes ->shivamogga@pds| 244 - F16836 - FRice
[2026-01-21 16:08:03] district User -> Save Data | approve district change yes ->shivamogga@pds| 244 - F16835 - FRice
[2026-01-21 16:08:03] district User -> Save Data | approve district change yes ->shivamogga@pds| 244 - F16834 - FRice
[2026-01-21 16:08:03] district User -> Save Data | approve district change yes ->shivamogga@pds| 244 - F16833 - FRice
[2026-01-21 16:08:03] district User -> Save Data | approve district change yes ->shivamogga@pds| 244 - F16832 - FRice
[2026-01-21 16:08:03] district User -> Save Data | approve district change yes ->shivamogga@pds| 244 - F16831 - FRice
[2026-01-21 16:08:03] district User -> Save Data | approve district change yes ->shivamogga@pds| 244 - F16830 - FRice
[2026-01-21 16:08:03] district User -> Save Data | approve district change yes ->shivamogga@pds| 244 - F16829 - FRice
[2026-01-21 16:08:03] district User -> Save Data | approve district change yes ->shivamogga@pds| 244 - F16827 - FRice
[2026-01-21 16:08:03] district User -> Save Data | approve district change yes ->shivamogga@pds| 244 - F16828 - FRice
[2026-01-21 16:08:03] district User -> Save Data | approve district change yes ->shivamogga@pds| 244 - F16826 - FRice
[2026-01-21 16:08:03] district User -> Save Data | approve district change yes ->shivamogga@pds| 244 - F16825 - FRice
[2026-01-21 16:08:03] district User -> Save Data | approve district change yes ->shivamogga@pds| 244 - F16824 - FRice
[2026-01-21 16:08:03] User -> Save Data | district user change id ->shivamogga@pds| 244 - F16823 - FRice| same
[2026-01-21 16:08:03] district User -> Save Data | approve district change yes ->shivamogga@pds| 244 - F16822 - FRice
[2026-01-21 16:08:03] User -> Save Data | district user change id ->shivamogga@pds| 244 - F16821 - FRice| same
[2026-01-21 16:08:03] district User -> Save Data | approve district change yes ->shivamogga@pds| 244 - F16820 - FRice
[2026-01-21 16:08:03] district User -> Save Data | approve district change yes ->shivamogga@pds| 244 - F16818 - FRice
[2026-01-21 16:08:03] district User -> Save Data | approve district change yes ->shivamogga@pds| 244 - F16816 - FRice
[2026-01-21 16:08:03] district User -> Save Data | approve district change yes ->shivamogga@pds| 244 - F16815 - FRice
[2026-01-21 16:08:03] district User -> Save Data | approve district change yes ->shivamogga@pds| 244 - F16814 - FRice
[2026-01-21 16:08:03] district User -> Save Data | approve district change yes ->shivamogga@pds| 244 - F16813 - FRice
[2026-01-21 16:08:03] district User -> Save Data | approve district change yes ->shivamogga@pds| 244 - F16812 - FRice
[2026-01-21 16:08:03] district User -> Save Data | approve district change yes ->shivamogga@pds| 244 - F16811 - FRice
[2026-01-21 16:08:03] district User -> Save Data | approve district change yes ->shivamogga@pds| 244 - F16810 - FRice
[2026-01-21 16:08:03] User -> Save Data | district user change id ->shivamogga@pds| 244 - F16448 - FRice| same
[2026-01-21 16:08:04] User -> Save Data | district user change id ->shivamogga@pds| 244 - F16446 - FRice| same
[2026-01-21 16:08:04] User -> Save Data | district user change id ->shivamogga@pds| 244 - F16440 - FRice| same
[2026-01-21 16:09:17] district User -> Save Data | approve district change yes ->Haveri@pds| 174 - F10446 - FRice
[2026-01-21 16:09:50] district User -> Save Data | approve district change yes ->Haveri@pds| 174 - F10447 - FRice
[2026-01-21 16:10:01] district User -> Save Data | approve district change yes ->Haveri@pds| 174 - F10448 - FRice
[2026-01-21 16:10:17] district User -> Save Data | approve district change yes ->Haveri@pds| 174 - F10449 - FRice
[2026-01-21 16:10:27] district User -> Save Data | approve district change yes ->Haveri@pds| 174 - F10450 - FRice
[2026-01-21 16:10:38] district User -> Save Data | approve district change yes ->Haveri@pds| 174 - F10451 - FRice
[2026-01-21 16:10:49] district User -> Save Data | approve district change yes ->Haveri@pds| 174 - F10452 - FRice
[2026-01-21 16:11:03] district User -> Save Data | approve district change yes ->Haveri@pds| 174 - F10453 - FRice
[2026-01-21 16:11:24] district User -> Save Data | approve district change yes ->Haveri@pds| 174 - F10454 - FRice
[2026-01-21 16:18:33] district User -> Save Data | approve district change yes ->Haveri@pds| 174 - F10455 - FRice
[2026-01-21 16:18:44] district User -> Save Data | approve district change yes ->Haveri@pds| 174 - F10456 - FRice
[2026-01-21 16:19:12] district User -> Save Data | approve district change yes ->Haveri@pds| 174 - F10457 - FRice
[2026-01-21 16:19:22] district User -> Save Data | approve district change yes ->Haveri@pds| 174 - F10458 - FRice
[2026-01-21 16:19:31] district User -> Save Data | approve district change yes ->Haveri@pds| 174 - F10459 - FRice
[2026-01-21 16:19:43] district User -> Save Data | approve district change yes ->Haveri@pds| 174 - F10460 - FRice
[2026-01-21 16:20:08] district User -> Save Data | approve district change yes ->Haveri@pds| 174 - F10463 - FRice
[2026-01-21 16:21:03] district User -> Save Data | approve district change yes ->Haveri@pds| 174 - F10464 - FRice
[2026-01-21 16:21:14] district User -> Save Data | approve district change yes ->Haveri@pds| 174 - F10465 - FRice
[2026-01-21 16:21:21] district User -> Save Data | approve district change yes ->Haveri@pds| 174 - F10466 - FRice
[2026-01-21 16:21:28] district User -> Save Data | approve district change yes ->Haveri@pds| 174 - F10467 - FRice
[2026-01-21 16:21:45] district User -> Save Data | approve district change yes ->Haveri@pds| 174 - F10470 - FRice
[2026-01-21 16:21:55] district User -> Save Data | approve district change yes ->Haveri@pds| 174 - F10471 - FRice
[2026-01-21 16:22:02] district User -> Save Data | approve district change yes ->Haveri@pds| 174 - F10472 - FRice
[2026-01-21 16:22:14] district User -> Save Data | approve district change yes ->Haveri@pds| 174 - F10473 - FRice
[2026-01-21 16:22:24] district User -> Save Data | approve district change yes ->Haveri@pds| 174 - F10474 - FRice
[2026-01-21 16:22:35] district User -> Save Data | approve district change yes ->Haveri@pds| 174 - F10475 - FRice
[2026-01-21 16:22:43] district User -> Save Data | approve district change yes ->Haveri@pds| 174 - F10476 - FRice
[2026-01-21 16:22:55] district User -> Save Data | approve district change yes ->Haveri@pds| 174 - F10477 - FRice
[2026-01-21 16:23:04] district User -> Save Data | approve district change yes ->Haveri@pds| 174 - F10478 - FRice
[2026-01-21 16:23:14] district User -> Save Data | approve district change yes ->Haveri@pds| 174 - F10479 - FRice
[2026-01-21 16:23:23] district User -> Save Data | approve district change yes ->Haveri@pds| 174 - F10480 - FRice
[2026-01-21 16:23:34] district User -> Save Data | approve district change yes ->Haveri@pds| 174 - F10481 - FRice
[2026-01-21 16:23:41] district User -> Save Data | approve district change yes ->Haveri@pds| 174 - F10482 - FRice
[2026-01-21 16:23:49] district User -> Save Data | approve district change yes ->Haveri@pds| 174 - F10483 - FRice
[2026-01-21 16:23:57] district User -> Save Data | approve district change yes ->Haveri@pds| 174 - F10484 - FRice
[2026-01-21 16:24:03] district User -> Save Data | approve district change yes ->Haveri@pds| 174 - F10485 - FRice
[2026-01-21 16:24:16] district User -> Save Data | approve district change yes ->Haveri@pds| 174 - F10486 - FRice
[2026-01-21 16:24:30] district User -> Save Data | approve district change yes ->Haveri@pds| 174 - F10487 - FRice
[2026-01-21 16:24:37] district User -> Save Data | approve district change yes ->Haveri@pds| 174 - F10488 - FRice
[2026-01-21 16:24:43] district User -> Save Data | approve district change yes ->Haveri@pds| 174 - F10489 - FRice
[2026-01-21 16:24:55] district User -> Save Data | approve district change yes ->Haveri@pds| 174 - F10490 - FRice
[2026-01-21 16:25:40] district User -> Save Data | approve district change yes ->Haveri@pds| 174 - F10633 - FRice
[2026-01-21 16:25:47] district User -> Save Data | approve district change yes ->Haveri@pds| 174 - F10636 - FRice
[2026-01-21 16:25:54] district User -> Save Data | approve district change yes ->Haveri@pds| 174 - F10641 - FRice
[2026-01-21 16:26:11] district User -> Save Data | approve district change yes ->Haveri@pds| 174 - F10703 - FRice
[2026-01-21 16:26:20] district User -> Save Data | approve district change yes ->Haveri@pds| 174 - F10731 - FRice
[2026-01-21 16:26:27] district User -> Save Data | approve district change yes ->Haveri@pds| 174 - F10752 - FRice
[2026-01-21 16:26:40] district User -> Save Data | approve district change yes ->Haveri@pds| 174 - F10759 - FRice
[2026-01-21 16:32:59] district User -> Save Data | implemeneted ->Haveri@pds| 174 - F10446 - FRice
[2026-01-21 16:32:59] district User -> Save Data | implemeneted ->Haveri@pds| 174 - F10447 - FRice
[2026-01-21 16:32:59] district User -> Save Data | implemeneted ->Haveri@pds| 174 - F10448 - FRice
[2026-01-21 16:32:59] district User -> Save Data | implemeneted ->Haveri@pds| 174 - F10449 - FRice
[2026-01-21 16:32:59] district User -> Save Data | implemeneted ->Haveri@pds| 174 - F10450 - FRice
[2026-01-21 16:32:59] district User -> Save Data | implemeneted ->Haveri@pds| 174 - F10451 - FRice
[2026-01-21 16:32:59] district User -> Save Data | implemeneted ->Haveri@pds| 174 - F10452 - FRice
[2026-01-21 16:32:59] district User -> Save Data | implemeneted ->Haveri@pds| 174 - F10453 - FRice
[2026-01-21 16:32:59] district User -> Save Data | implemeneted ->Haveri@pds| 174 - F10454 - FRice
[2026-01-21 16:32:59] district User -> Save Data | implemeneted ->Haveri@pds| 174 - F10455 - FRice
[2026-01-21 16:32:59] district User -> Save Data | implemeneted ->Haveri@pds| 174 - F10456 - FRice
[2026-01-21 16:33:00] district User -> Save Data | implemeneted ->Haveri@pds| 174 - F10457 - FRice
[2026-01-21 16:33:00] district User -> Save Data | implemeneted ->Haveri@pds| 174 - F10458 - FRice
[2026-01-21 16:33:00] district User -> Save Data | implemeneted ->Haveri@pds| 174 - F10459 - FRice
[2026-01-21 16:33:00] district User -> Save Data | implemeneted ->Haveri@pds| 174 - F10460 - FRice
[2026-01-21 16:33:00] district User -> Save Data | implemeneted ->Haveri@pds| 174 - F10463 - FRice
[2026-01-21 16:33:00] district User -> Save Data | implemeneted ->Haveri@pds| 174 - F10464 - FRice
[2026-01-21 16:33:00] district User -> Save Data | implemeneted ->Haveri@pds| 174 - F10465 - FRice
[2026-01-21 16:33:00] district User -> Save Data | implemeneted ->Haveri@pds| 174 - F10466 - FRice
[2026-01-21 16:33:00] district User -> Save Data | implemeneted ->Haveri@pds| 174 - F10467 - FRice
[2026-01-21 16:33:00] district User -> Save Data | implemeneted ->Haveri@pds| 174 - F10470 - FRice
[2026-01-21 16:33:00] district User -> Save Data | implemeneted ->Haveri@pds| 174 - F10471 - FRice
[2026-01-21 16:33:00] district User -> Save Data | implemeneted ->Haveri@pds| 174 - F10472 - FRice
[2026-01-21 16:33:00] district User -> Save Data | implemeneted ->Haveri@pds| 174 - F10473 - FRice
[2026-01-21 16:33:00] district User -> Save Data | implemeneted ->Haveri@pds| 174 - F10474 - FRice
[2026-01-21 16:33:00] district User -> Save Data | implemeneted ->Haveri@pds| 174 - F10475 - FRice
[2026-01-21 16:33:00] district User -> Save Data | implemeneted ->Haveri@pds| 174 - F10476 - FRice
[2026-01-21 16:33:00] district User -> Save Data | implemeneted ->Haveri@pds| 174 - F10477 - FRice
[2026-01-21 16:33:00] district User -> Save Data | implemeneted ->Haveri@pds| 174 - F10478 - FRice
[2026-01-21 16:33:00] district User -> Save Data | implemeneted ->Haveri@pds| 174 - F10479 - FRice
[2026-01-21 16:33:00] district User -> Save Data | implemeneted ->Haveri@pds| 174 - F10480 - FRice
[2026-01-21 16:33:00] district User -> Save Data | implemeneted ->Haveri@pds| 174 - F10481 - FRice
[2026-01-21 16:33:00] district User -> Save Data | implemeneted ->Haveri@pds| 174 - F10482 - FRice
[2026-01-21 16:33:00] district User -> Save Data | implemeneted ->Haveri@pds| 174 - F10483 - FRice
[2026-01-21 16:33:00] district User -> Save Data | implemeneted ->Haveri@pds| 174 - F10484 - FRice
[2026-01-21 16:33:00] district User -> Save Data | implemeneted ->Haveri@pds| 174 - F10485 - FRice
[2026-01-21 16:33:01] district User -> Save Data | implemeneted ->Haveri@pds| 174 - F10486 - FRice
[2026-01-21 16:33:01] district User -> Save Data | implemeneted ->Haveri@pds| 174 - F10487 - FRice
[2026-01-21 16:33:01] district User -> Save Data | implemeneted ->Haveri@pds| 174 - F10488 - FRice
[2026-01-21 16:33:01] district User -> Save Data | implemeneted ->Haveri@pds| 174 - F10489 - FRice
[2026-01-21 16:33:01] district User -> Save Data | implemeneted ->Haveri@pds| 174 - F10490 - FRice
[2026-01-21 16:33:01] district User -> Save Data | implemeneted ->Haveri@pds| 174 - F10633 - FRice
[2026-01-21 16:33:01] district User -> Save Data | implemeneted ->Haveri@pds| 174 - F10636 - FRice
[2026-01-21 16:33:01] district User -> Save Data | implemeneted ->Haveri@pds| 174 - F10641 - FRice
[2026-01-21 16:33:01] district User -> Save Data | implemeneted ->Haveri@pds| 174 - F10703 - FRice
[2026-01-21 16:33:01] district User -> Save Data | implemeneted ->Haveri@pds| 174 - F10731 - FRice
[2026-01-21 16:33:01] district User -> Save Data | implemeneted ->Haveri@pds| 174 - F10752 - FRice
[2026-01-21 16:33:01] district User -> Save Data | implemeneted ->Haveri@pds| 174 - F10759 - FRice
[2026-01-21 16:51:35] district User -> Save Data | approve district change yes ->Chitradurga@pds| 100 - F07004 - FRice
[2026-01-21 16:52:08] district User -> Save Data | approve district change yes ->Chitradurga@pds| 100 - F07005 - FRice
[2026-01-21 16:52:12] district User -> Save Data | approve district change yes ->Chitradurga@pds| 100 - F07007 - FRice
[2026-01-21 16:53:18] district User -> Save Data | approve district change yes ->Chitradurga@pds| 100 - F07033 - FRice
[2026-01-21 16:53:22] district User -> Save Data | approve district change yes ->Chitradurga@pds| 100 - F07038 - FRice
[2026-01-21 16:53:26] district User -> Save Data | approve district change yes ->Chitradurga@pds| 100 - F07040 - FRice
[2026-01-21 16:53:31] district User -> Save Data | approve district change yes ->Chitradurga@pds| 100 - F07041 - FRice
[2026-01-21 16:53:41] district User -> Save Data | approve district change yes ->Chitradurga@pds| 100 - F07044 - FRice
[2026-01-21 16:54:14] district User -> Save Data | approve district change yes ->Chitradurga@pds| 100 - F07045 - FRice
[2026-01-21 16:54:20] district User -> Save Data | approve district change yes ->Chitradurga@pds| 100 - F07046 - FRice
[2026-01-21 16:54:26] district User -> Save Data | approve district change yes ->Chitradurga@pds| 100 - F07047 - FRice
[2026-01-21 16:55:01] district User -> Save Data | approve district change yes ->Chitradurga@pds| 100 - F07048 - FRice
[2026-01-21 16:55:05] district User -> Save Data | approve district change yes ->Chitradurga@pds| 100 - F07049 - FRice
[2026-01-21 16:55:10] district User -> Save Data | approve district change yes ->Chitradurga@pds| 100 - F07050 - FRice
[2026-01-21 16:55:17] district User -> Save Data | approve district change yes ->Chitradurga@pds| 100 - F07051 - FRice
[2026-01-21 16:55:24] district User -> Save Data | approve district change yes ->Chitradurga@pds| 100 - F07052 - FRice
[2026-01-21 16:55:31] district User -> Save Data | approve district change yes ->Chitradurga@pds| 100 - F07053 - FRice
[2026-01-21 16:55:38] district User -> Save Data | approve district change yes ->Chitradurga@pds| 100 - F07053 - FRice
[2026-01-21 16:55:42] district User -> Save Data | approve district change yes ->Chitradurga@pds| 100 - F07054 - FRice
[2026-01-21 16:55:50] district User -> Save Data | approve district change yes ->Chitradurga@pds| 100 - F07054 - FRice
[2026-01-21 16:55:57] district User -> Save Data | approve district change yes ->Chitradurga@pds| 100 - F07055 - FRice
[2026-01-21 16:56:21] district User -> Save Data | approve district change yes ->Chitradurga@pds| 100 - F07056 - FRice
[2026-01-21 16:57:04] district User -> Save Data | approve district change yes ->Chitradurga@pds| 100 - F07057 - FRice
[2026-01-21 16:57:08] district User -> Save Data | approve district change yes ->Chitradurga@pds| 100 - F07058 - FRice
[2026-01-21 16:57:16] district User -> Save Data | approve district change yes ->Chitradurga@pds| 100 - F07059 - FRice
[2026-01-21 16:57:22] district User -> Save Data | approve district change yes ->Chitradurga@pds| 100 - F07060 - FRice
[2026-01-21 16:57:27] district User -> Save Data | approve district change yes ->Chitradurga@pds| 100 - F07061 - FRice
[2026-01-21 16:57:34] district User -> Save Data | approve district change yes ->Chitradurga@pds| 100 - F07062 - FRice
[2026-01-21 16:57:38] district User -> Save Data | approve district change yes ->Chitradurga@pds| 100 - F07063 - FRice
[2026-01-21 16:58:46] district User -> Save Data | approve district change yes ->Chitradurga@pds| 100 - F07120 - FRice
[2026-01-21 16:58:53] district User -> Save Data | approve district change yes ->Chitradurga@pds| 100 - F07142 - FRice
[2026-01-21 17:02:55] district User -> Save Data | approve district change yes ->Chitradurga@pds| 101 - F07064 - FRice
[2026-01-21 17:03:01] district User -> Save Data | approve district change yes ->Chitradurga@pds| 101 - F07066 - FRice
[2026-01-21 17:03:05] district User -> Save Data | approve district change yes ->Chitradurga@pds| 101 - F07067 - FRice
[2026-01-21 17:03:09] district User -> Save Data | approve district change yes ->Chitradurga@pds| 101 - F07069 - FRice
[2026-01-21 17:03:19] district User -> Save Data | approve district change yes ->Chitradurga@pds| 101 - F07070 - FRice
[2026-01-21 17:03:24] district User -> Save Data | approve district change yes ->Chitradurga@pds| 101 - F07071 - FRice
[2026-01-21 17:03:29] district User -> Save Data | approve district change yes ->Chitradurga@pds| 101 - F07072 - FRice
[2026-01-21 17:03:34] district User -> Save Data | approve district change yes ->Chitradurga@pds| 101 - F07073 - FRice
[2026-01-21 17:03:37] district User -> Save Data | approve district change yes ->Chitradurga@pds| 101 - F07074 - FRice
[2026-01-21 17:03:42] district User -> Save Data | approve district change yes ->Chitradurga@pds| 101 - F07075 - FRice
[2026-01-21 17:03:48] district User -> Save Data | approve district change yes ->Chitradurga@pds| 101 - F07076 - FRice
[2026-01-21 17:04:17] district User -> Save Data | approve district change yes ->Chitradurga@pds| 101 - F07077 - FRice
[2026-01-21 17:04:31] district User -> Save Data | approve district change yes ->Chitradurga@pds| 101 - F07078 - FRice
[2026-01-21 17:04:35] district User -> Save Data | approve district change yes ->Chitradurga@pds| 101 - F07082 - FRice
[2026-01-21 17:05:08] district User -> Save Data | approve district change yes ->Chitradurga@pds| 101 - F07083 - FRice
[2026-01-21 17:05:13] district User -> Save Data | approve district change yes ->Chitradurga@pds| 101 - F07084 - FRice
[2026-01-21 17:05:34] district User -> Save Data | approve district change yes ->Chitradurga@pds| 101 - F07085 - FRice
[2026-01-21 17:05:53] district User -> Save Data | approve district change yes ->Chitradurga@pds| 101 - F07087 - FRice
[2026-01-21 17:06:00] district User -> Save Data | approve district change yes ->Chitradurga@pds| 101 - F07088 - FRice
[2026-01-21 17:06:05] district User -> Save Data | approve district change yes ->Chitradurga@pds| 101 - F07089 - FRice
[2026-01-21 17:06:11] district User -> Save Data | approve district change yes ->Chitradurga@pds| 101 - F07090 - FRice
[2026-01-21 17:06:36] district User -> Save Data | approve district change yes ->Chitradurga@pds| 101 - F07091 - FRice
[2026-01-21 17:06:41] district User -> Save Data | approve district change yes ->Chitradurga@pds| 101 - F07092 - FRice
[2026-01-21 17:06:44] district User -> Save Data | approve district change yes ->Chitradurga@pds| 101 - F07093 - FRice
[2026-01-21 17:13:46] district User -> Save Data | approve district change yes ->Chitradurga@pds| 101 - F07097 - FRice
[2026-01-21 17:14:20] district User -> Save Data | approve district change yes ->Chitradurga@pds| 101 - F07098 - FRice
[2026-01-21 17:14:36] district User -> Save Data | approve district change yes ->Chitradurga@pds| 101 - F07099 - FRice
[2026-01-21 17:14:42] district User -> Save Data | approve district change yes ->Chitradurga@pds| 101 - F07100 - FRice
[2026-01-21 17:15:05] district User -> Save Data | approve district change yes ->Chitradurga@pds| 101 - F07101 - FRice
[2026-01-21 17:15:09] district User -> Save Data | approve district change yes ->Chitradurga@pds| 101 - F07102 - FRice
[2026-01-21 17:15:14] district User -> Save Data | approve district change yes ->Chitradurga@pds| 101 - F07103 - FRice
[2026-01-21 17:15:47] district User -> Save Data | approve district change yes ->Chitradurga@pds| 101 - F07104 - FRice
[2026-01-21 17:15:51] district User -> Save Data | approve district change yes ->Chitradurga@pds| 101 - F07105 - FRice
[2026-01-21 17:15:56] district User -> Save Data | approve district change yes ->Chitradurga@pds| 101 - F07106 - FRice
[2026-01-21 17:16:00] district User -> Save Data | approve district change yes ->Chitradurga@pds| 101 - F07107 - FRice
[2026-01-21 17:16:04] district User -> Save Data | approve district change yes ->Chitradurga@pds| 101 - F07108 - FRice
[2026-01-21 17:16:08] district User -> Save Data | approve district change yes ->Chitradurga@pds| 101 - F07110 - FRice
[2026-01-21 17:16:15] district User -> Save Data | approve district change yes ->Chitradurga@pds| 101 - F07116 - FRice
[2026-01-21 17:16:20] district User -> Save Data | approve district change yes ->Chitradurga@pds| 101 - F07117 - FRice
[2026-01-21 17:16:28] district User -> Save Data | approve district change yes ->Chitradurga@pds| 101 - F07118 - FRice
[2026-01-21 17:16:37] User -> Save Data | district user change id ->Hassan@pds| 164 - F10082 - FRice| 169
[2026-01-21 17:16:55] district User -> Save Data | approve district change yes ->Chitradurga@pds| 101 - F07126 - FRice
[2026-01-21 17:16:59] district User -> Save Data | approve district change yes ->Chitradurga@pds| 101 - F07128 - FRice
[2026-01-21 17:17:03] district User -> Save Data | approve district change yes ->Chitradurga@pds| 101 - F07163 - FRice
[2026-01-21 17:17:07] district User -> Save Data | approve district change yes ->Chitradurga@pds| 101 - F07175 - FRice
[2026-01-21 17:17:11] district User -> Save Data | approve district change yes ->Chitradurga@pds| 101 - F07176 - FRice
[2026-01-21 17:17:16] district User -> Save Data | approve district change yes ->Chitradurga@pds| 101 - F07179 - FRice
[2026-01-21 17:17:24] district User -> Save Data | approve district change yes ->Chitradurga@pds| 101 - F07180 - FRice
[2026-01-21 17:18:17] district User -> Save Data | approve district change yes ->Chitradurga@pds| 101 - F07195 - FRice
[2026-01-21 17:19:06] district User -> Save Data | approve district change yes ->Chitradurga@pds| 101 - F07195 - FRice
[2026-01-21 17:20:21] User -> Save Data | district user change id ->Hassan@pds| 164 - F10147 - FRice| 171
[2026-01-21 17:21:20] User -> Save Data | district user change id ->Hassan@pds| 164 - F10158 - FRice| 171
[2026-01-21 17:22:07] User -> Save Data | district user change id ->Hassan@pds| 164 - F10170 - FRice| 166
[2026-01-21 17:22:28] district User -> Save Data | approve district change yes ->Hassan@pds| 164 - F10179 - FRice
[2026-01-21 17:22:36] district User -> Save Data | approve district change yes ->Hassan@pds| 164 - F10210 - FRice
[2026-01-21 17:22:44] district User -> Save Data | approve district change yes ->Hassan@pds| 164 - F10211 - FRice
[2026-01-21 17:23:33] User -> Save Data | district user change id ->Hassan@pds| 164 - F10214 - FRice| 171
[2026-01-21 17:23:55] district User -> Save Data | approve district change yes ->Hassan@pds| 164 - F10217 - FRice
[2026-01-21 17:24:59] district User -> Save Data | approve district change yes ->Hassan@pds| 165 - F09693 - FRice
[2026-01-21 17:25:05] district User -> Save Data | approve district change yes ->Hassan@pds| 165 - F09694 - FRice
[2026-01-21 17:25:09] district User -> Save Data | approve district change yes ->Hassan@pds| 165 - F09695 - FRice
[2026-01-21 17:25:14] district User -> Save Data | approve district change yes ->Hassan@pds| 165 - F09695 - FRice
[2026-01-21 17:25:16] district User -> Save Data | approve district change yes ->Hassan@pds| 165 - F09696 - FRice
[2026-01-21 17:25:23] district User -> Save Data | approve district change yes ->Hassan@pds| 165 - F09697 - FRice
[2026-01-21 17:25:27] district User -> Save Data | approve district change yes ->Hassan@pds| 165 - F09698 - FRice
[2026-01-21 17:25:32] district User -> Save Data | approve district change yes ->Hassan@pds| 165 - F09700 - FRice
[2026-01-21 17:25:37] district User -> Save Data | approve district change yes ->Hassan@pds| 165 - F09701 - FRice
[2026-01-21 17:25:43] district User -> Save Data | approve district change yes ->Hassan@pds| 165 - F09702 - FRice
[2026-01-21 17:25:48] district User -> Save Data | approve district change yes ->Hassan@pds| 165 - F09703 - FRice
[2026-01-21 17:25:54] district User -> Save Data | approve district change yes ->Hassan@pds| 165 - F09704 - FRice
[2026-01-21 17:25:59] district User -> Save Data | approve district change yes ->Hassan@pds| 165 - F09705 - FRice
[2026-01-21 17:26:08] district User -> Save Data | approve district change yes ->Hassan@pds| 165 - F09706 - FRice
[2026-01-21 17:26:13] district User -> Save Data | approve district change yes ->Hassan@pds| 165 - F09707 - FRice
[2026-01-21 17:26:18] district User -> Save Data | approve district change yes ->Hassan@pds| 165 - F09708 - FRice
[2026-01-21 17:26:24] district User -> Save Data | approve district change yes ->Hassan@pds| 165 - F09709 - FRice
[2026-01-21 17:26:30] district User -> Save Data | approve district change yes ->Hassan@pds| 165 - F09710 - FRice
[2026-01-21 17:26:35] district User -> Save Data | approve district change yes ->Hassan@pds| 165 - F09711 - FRice
[2026-01-21 17:26:40] district User -> Save Data | approve district change yes ->Hassan@pds| 165 - F09712 - FRice
[2026-01-21 17:26:45] district User -> Save Data | approve district change yes ->Hassan@pds| 165 - F09713 - FRice
[2026-01-21 17:26:51] district User -> Save Data | approve district change yes ->Hassan@pds| 165 - F09714 - FRice
[2026-01-21 17:26:57] district User -> Save Data | approve district change yes ->Hassan@pds| 165 - F09715 - FRice
[2026-01-21 17:27:02] district User -> Save Data | approve district change yes ->Hassan@pds| 165 - F09716 - FRice
[2026-01-21 17:27:07] district User -> Save Data | approve district change yes ->Hassan@pds| 165 - F09717 - FRice
[2026-01-21 17:27:13] district User -> Save Data | approve district change yes ->Hassan@pds| 165 - F09718 - FRice
[2026-01-21 17:27:18] district User -> Save Data | approve district change yes ->Hassan@pds| 165 - F09719 - FRice
[2026-01-21 17:27:32] district User -> Save Data | approve district change yes ->Hassan@pds| 165 - F09720 - FRice
[2026-01-21 17:27:37] district User -> Save Data | approve district change yes ->Hassan@pds| 165 - F09721 - FRice
[2026-01-21 17:27:41] district User -> Save Data | approve district change yes ->Hassan@pds| 165 - F09722 - FRice
[2026-01-21 17:27:46] district User -> Save Data | approve district change yes ->Hassan@pds| 165 - F09723 - FRice
[2026-01-21 17:27:51] district User -> Save Data | approve district change yes ->Hassan@pds| 165 - F09724 - FRice
[2026-01-21 17:27:56] district User -> Save Data | approve district change yes ->Hassan@pds| 165 - F09725 - FRice
[2026-01-21 17:28:00] district User -> Save Data | approve district change yes ->Hassan@pds| 165 - F09726 - FRice
[2026-01-21 17:28:05] district User -> Save Data | approve district change yes ->Hassan@pds| 165 - F09727 - FRice
[2026-01-21 17:28:10] district User -> Save Data | approve district change yes ->Hassan@pds| 165 - F09728 - FRice
[2026-01-21 17:28:15] district User -> Save Data | approve district change yes ->Hassan@pds| 165 - F09729 - FRice
[2026-01-21 17:28:20] district User -> Save Data | approve district change yes ->Hassan@pds| 165 - F09730 - FRice
[2026-01-21 17:28:26] district User -> Save Data | approve district change yes ->Hassan@pds| 165 - F09731 - FRice
[2026-01-21 17:28:31] district User -> Save Data | approve district change yes ->Hassan@pds| 165 - F09732 - FRice
[2026-01-21 17:28:36] district User -> Save Data | approve district change yes ->Hassan@pds| 165 - F09733 - FRice
[2026-01-21 17:28:41] district User -> Save Data | approve district change yes ->Hassan@pds| 165 - F09734 - FRice
[2026-01-21 17:28:47] district User -> Save Data | approve district change yes ->Hassan@pds| 165 - F09735 - FRice
[2026-01-21 17:28:51] district User -> Save Data | approve district change yes ->Hassan@pds| 165 - F09736 - FRice
[2026-01-21 17:28:56] district User -> Save Data | approve district change yes ->Hassan@pds| 165 - F09737 - FRice
[2026-01-21 17:29:01] district User -> Save Data | approve district change yes ->Hassan@pds| 165 - F09738 - FRice
[2026-01-21 17:29:06] district User -> Save Data | approve district change yes ->Hassan@pds| 165 - F09739 - FRice
[2026-01-21 17:29:12] district User -> Save Data | approve district change yes ->Hassan@pds| 165 - F09740 - FRice
[2026-01-21 17:29:19] district User -> Save Data | approve district change yes ->Hassan@pds| 165 - F09741 - FRice
[2026-01-21 17:29:25] district User -> Save Data | approve district change yes ->Hassan@pds| 165 - F09742 - FRice
[2026-01-21 17:29:32] district User -> Save Data | approve district change yes ->Hassan@pds| 165 - F09743 - FRice
[2026-01-21 17:29:37] district User -> Save Data | approve district change yes ->Hassan@pds| 165 - F09744 - FRice
[2026-01-21 17:29:42] district User -> Save Data | approve district change yes ->Hassan@pds| 165 - F09745 - FRice
[2026-01-21 17:29:47] district User -> Save Data | approve district change yes ->Hassan@pds| 165 - F09746 - FRice
[2026-01-21 17:29:52] district User -> Save Data | approve district change yes ->Hassan@pds| 165 - F09747 - FRice
[2026-01-21 17:30:36] User -> Save Data | district user change id ->Hassan@pds| 165 - F09807 - FRice| 170
[2026-01-21 17:31:00] district User -> Save Data | approve district change yes ->Hassan@pds| 165 - F09748 - FRice
[2026-01-21 17:31:05] district User -> Save Data | approve district change yes ->Hassan@pds| 165 - F09749 - FRice
[2026-01-21 17:31:10] district User -> Save Data | approve district change yes ->Hassan@pds| 165 - F09750 - FRice
[2026-01-21 17:31:21] district User -> Save Data | approve district change yes ->Hassan@pds| 165 - F09751 - FRice
[2026-01-21 17:31:50] User -> Save Data | district user change id ->Hassan@pds| 165 - F09808 - FRice| 170
[2026-01-21 17:32:13] district User -> Save Data | approve district change yes ->Hassan@pds| 165 - F09752 - FRice
[2026-01-21 17:32:18] district User -> Save Data | approve district change yes ->Hassan@pds| 165 - F09753 - FRice
[2026-01-21 17:32:22] district User -> Save Data | approve district change yes ->Hassan@pds| 165 - F09754 - FRice
[2026-01-21 17:32:28] district User -> Save Data | approve district change yes ->Hassan@pds| 165 - F09755 - FRice
[2026-01-21 17:32:33] district User -> Save Data | approve district change yes ->Hassan@pds| 165 - F09757 - FRice
[2026-01-21 17:32:38] district User -> Save Data | approve district change yes ->Hassan@pds| 165 - F09758 - FRice
[2026-01-21 17:32:42] district User -> Save Data | approve district change yes ->Hassan@pds| 165 - F09759 - FRice
[2026-01-21 17:32:47] district User -> Save Data | approve district change yes ->Hassan@pds| 165 - F09760 - FRice
[2026-01-21 17:32:51] district User -> Save Data | approve district change yes ->Hassan@pds| 165 - F09761 - FRice
[2026-01-21 17:32:56] district User -> Save Data | approve district change yes ->Hassan@pds| 165 - F09762 - FRice
[2026-01-21 17:33:00] district User -> Save Data | approve district change yes ->Hassan@pds| 165 - F09763 - FRice
[2026-01-21 17:33:05] district User -> Save Data | approve district change yes ->Hassan@pds| 165 - F09764 - FRice
[2026-01-21 17:33:09] district User -> Save Data | approve district change yes ->Hassan@pds| 165 - F09765 - FRice
[2026-01-21 17:33:09] district User -> Save Data | approve district change yes ->Chitradurga@pds| 101 - F07181 - FRice
[2026-01-21 17:33:14] district User -> Save Data | approve district change yes ->Hassan@pds| 165 - F09766 - FRice
[2026-01-21 17:33:19] district User -> Save Data | approve district change yes ->Hassan@pds| 165 - F09767 - FRice
[2026-01-21 17:33:23] district User -> Save Data | approve district change yes ->Hassan@pds| 165 - F09768 - FRice
[2026-01-21 17:33:27] district User -> Save Data | approve district change yes ->Chitradurga@pds| 101 - F07182 - FRice
[2026-01-21 17:33:27] district User -> Save Data | approve district change yes ->Hassan@pds| 165 - F09769 - FRice
[2026-01-21 17:33:32] district User -> Save Data | approve district change yes ->Hassan@pds| 165 - F09770 - FRice
[2026-01-21 17:33:36] district User -> Save Data | approve district change yes ->Hassan@pds| 165 - F09771 - FRice
[2026-01-21 17:33:41] district User -> Save Data | approve district change yes ->Hassan@pds| 165 - F09772 - FRice
[2026-01-21 17:33:45] district User -> Save Data | approve district change yes ->Hassan@pds| 165 - F09773 - FRice
[2026-01-21 17:33:49] district User -> Save Data | approve district change yes ->Hassan@pds| 165 - F09774 - FRice
[2026-01-21 17:33:54] district User -> Save Data | approve district change yes ->Hassan@pds| 165 - F09775 - FRice
[2026-01-21 17:33:56] district User -> Save Data | approve district change yes ->Chitradurga@pds| 101 - F07183 - FRice
[2026-01-21 17:33:58] district User -> Save Data | approve district change yes ->Hassan@pds| 165 - F09776 - FRice
[2026-01-21 17:34:05] district User -> Save Data | approve district change yes ->Hassan@pds| 165 - F09777 - FRice
[2026-01-21 17:34:09] district User -> Save Data | approve district change yes ->Chitradurga@pds| 101 - F07184 - FRice
[2026-01-21 17:34:09] district User -> Save Data | approve district change yes ->Hassan@pds| 165 - F09778 - FRice
[2026-01-21 17:34:14] district User -> Save Data | approve district change yes ->Hassan@pds| 165 - F09779 - FRice
[2026-01-21 17:34:18] district User -> Save Data | approve district change yes ->Hassan@pds| 165 - F09780 - FRice
[2026-01-21 17:34:19] district User -> Save Data | approve district change yes ->Chitradurga@pds| 101 - F07185 - FRice
[2026-01-21 17:34:23] district User -> Save Data | approve district change yes ->Hassan@pds| 165 - F09781 - FRice
[2026-01-21 17:34:23] district User -> Save Data | approve district change yes ->Chitradurga@pds| 101 - F07186 - FRice
[2026-01-21 17:34:27] district User -> Save Data | approve district change yes ->Hassan@pds| 165 - F09782 - FRice
[2026-01-21 17:34:31] district User -> Save Data | approve district change yes ->Hassan@pds| 165 - F09783 - FRice
[2026-01-21 17:34:36] district User -> Save Data | approve district change yes ->Hassan@pds| 165 - F09784 - FRice
[2026-01-21 17:34:40] district User -> Save Data | approve district change yes ->Hassan@pds| 165 - F09785 - FRice
[2026-01-21 17:34:45] district User -> Save Data | approve district change yes ->Hassan@pds| 165 - F09786 - FRice
[2026-01-21 17:34:49] district User -> Save Data | approve district change yes ->Chitradurga@pds| 101 - F07187 - FRice
[2026-01-21 17:34:51] district User -> Save Data | approve district change yes ->Hassan@pds| 165 - F09787 - FRice
[2026-01-21 17:34:56] district User -> Save Data | approve district change yes ->Hassan@pds| 165 - F09788 - FRice
[2026-01-21 17:35:00] district User -> Save Data | approve district change yes ->Chitradurga@pds| 101 - F07188 - FRice
[2026-01-21 17:35:01] district User -> Save Data | approve district change yes ->Hassan@pds| 165 - F09789 - FRice
[2026-01-21 17:35:05] district User -> Save Data | approve district change yes ->Hassan@pds| 165 - F09790 - FRice
[2026-01-21 17:35:10] district User -> Save Data | approve district change yes ->Hassan@pds| 165 - F09791 - FRice
[2026-01-21 17:35:14] district User -> Save Data | approve district change yes ->Hassan@pds| 165 - F09792 - FRice
[2026-01-21 17:35:19] district User -> Save Data | approve district change yes ->Hassan@pds| 165 - F09793 - FRice
[2026-01-21 17:35:26] district User -> Save Data | approve district change yes ->Hassan@pds| 165 - F09794 - FRice
[2026-01-21 17:35:30] district User -> Save Data | approve district change yes ->Hassan@pds| 165 - F09796 - FRice
[2026-01-21 17:35:36] district User -> Save Data | approve district change yes ->Hassan@pds| 165 - F09797 - FRice
[2026-01-21 17:35:40] district User -> Save Data | approve district change yes ->Hassan@pds| 165 - F09798 - FRice
[2026-01-21 17:35:45] district User -> Save Data | approve district change yes ->Hassan@pds| 165 - F09799 - FRice
[2026-01-21 17:35:50] district User -> Save Data | approve district change yes ->Hassan@pds| 165 - F09800 - FRice
[2026-01-21 17:35:54] district User -> Save Data | approve district change yes ->Hassan@pds| 165 - F09802 - FRice
[2026-01-21 17:35:59] district User -> Save Data | approve district change yes ->Hassan@pds| 165 - F09804 - FRice
[2026-01-21 17:36:04] district User -> Save Data | approve district change yes ->Hassan@pds| 165 - F09806 - FRice
[2026-01-21 17:36:06] district User -> Save Data | approve district change yes ->Chitradurga@pds| 101 - F07197 - FRice
[2026-01-21 17:36:21] district User -> Save Data | approve district change yes ->Chitradurga@pds| 101 - F07198 - FRice
[2026-01-21 17:36:34] district User -> Save Data | approve district change yes ->Chitradurga@pds| 101 - F07203 - FRice
[2026-01-21 17:37:25] district User -> Save Data | approve district change yes ->Chitradurga@pds| 101 - F07267 - FRice
[2026-01-21 17:37:45] district User -> Save Data | approve district change yes ->Chitradurga@pds| 101 - F07268 - FRice
[2026-01-21 17:37:49] district User -> Save Data | approve district change yes ->Chitradurga@pds| 101 - F07269 - FRice
[2026-01-21 17:38:00] district User -> Save Data | approve district change yes ->Chitradurga@pds| 101 - F07270 - FRice
[2026-01-21 17:38:32] district User -> Save Data | approve district change yes ->Chitradurga@pds| 101 - F07389 - FRice
[2026-01-21 17:39:14] district User -> Save Data | approve district change yes ->Chitradurga@pds| 102 - F07065 - FRice
[2026-01-21 17:39:18] district User -> Save Data | approve district change yes ->Chitradurga@pds| 102 - F07079 - FRice
[2026-01-21 17:39:23] district User -> Save Data | approve district change yes ->Chitradurga@pds| 102 - F07080 - FRice
[2026-01-21 17:39:41] district User -> Save Data | approve district change yes ->Chitradurga@pds| 102 - F07081 - FRice
[2026-01-21 17:40:13] district User -> Save Data | approve district change yes ->Chitradurga@pds| 102 - F07094 - FRice
[2026-01-21 17:40:31] district User -> Save Data | approve district change yes ->Chitradurga@pds| 102 - F07095 - FRice
[2026-01-21 17:40:43] district User -> Save Data | approve district change yes ->Chitradurga@pds| 102 - F07109 - FRice
[2026-01-21 17:41:13] district User -> Save Data | approve district change yes ->Chitradurga@pds| 102 - F07111 - FRice
[2026-01-21 17:41:19] district User -> Save Data | approve district change yes ->Chitradurga@pds| 102 - F07112 - FRice
[2026-01-21 17:41:38] district User -> Save Data | approve district change yes ->Chitradurga@pds| 102 - F07113 - FRice
[2026-01-21 17:41:42] district User -> Save Data | approve district change yes ->Chitradurga@pds| 102 - F07114 - FRice
[2026-01-21 17:41:46] district User -> Save Data | approve district change yes ->Chitradurga@pds| 102 - F07115 - FRice
[2026-01-21 17:42:00] district User -> Save Data | approve district change yes ->Chitradurga@pds| 102 - F07121 - FRice
[2026-01-21 17:42:48] district User -> Save Data | approve district change yes ->Chitradurga@pds| 102 - F07122 - FRice
[2026-01-21 17:43:04] district User -> Save Data | approve district change yes ->Chitradurga@pds| 102 - F07123 - FRice
[2026-01-21 17:43:07] district User -> Save Data | approve district change yes ->Chitradurga@pds| 102 - F07124 - FRice
[2026-01-21 17:43:18] district User -> Save Data | approve district change yes ->Chitradurga@pds| 102 - F07125 - FRice
[2026-01-21 17:43:29] district User -> Save Data | approve district change yes ->Chitradurga@pds| 102 - F07127 - FRice
[2026-01-21 17:43:32] district User -> Save Data | approve district change yes ->Chitradurga@pds| 102 - F07129 - FRice
[2026-01-21 17:43:36] district User -> Save Data | approve district change yes ->Chitradurga@pds| 102 - F07130 - FRice
[2026-01-21 17:44:08] district User -> Save Data | approve district change yes ->Chitradurga@pds| 102 - F07131 - FRice
[2026-01-21 17:44:12] district User -> Save Data | approve district change yes ->Chitradurga@pds| 102 - F07132 - FRice
[2026-01-21 17:44:25] district User -> Save Data | approve district change yes ->Chitradurga@pds| 102 - F07133 - FRice
[2026-01-21 17:44:42] district User -> Save Data | approve district change yes ->Chitradurga@pds| 102 - F07134 - FRice
[2026-01-21 17:44:43] district User -> Save Data | approve district change yes ->Hassan@pds| 165 - F09810 - FRice
[2026-01-21 17:44:46] district User -> Save Data | approve district change yes ->Chitradurga@pds| 102 - F07135 - FRice
[2026-01-21 17:44:49] district User -> Save Data | approve district change yes ->Chitradurga@pds| 102 - F07136 - FRice
[2026-01-21 17:45:11] district User -> Save Data | approve district change yes ->Chitradurga@pds| 102 - F07137 - FRice
[2026-01-21 17:45:28] district User -> Save Data | approve district change yes ->Chitradurga@pds| 102 - F07138 - FRice
[2026-01-21 17:45:28] User -> Save Data | district user change id ->Hassan@pds| 165 - F09811 - FRice| 170
[2026-01-21 17:45:40] district User -> Save Data | approve district change yes ->Chitradurga@pds| 102 - F07139 - FRice
[2026-01-21 17:45:50] district User -> Save Data | approve district change yes ->Hassan@pds| 165 - F09812 - FRice
[2026-01-21 17:45:52] district User -> Save Data | approve district change yes ->Chitradurga@pds| 102 - F07140 - FRice
[2026-01-21 17:45:55] district User -> Save Data | approve district change yes ->Hassan@pds| 165 - F09813 - FRice
[2026-01-21 17:46:04] district User -> Save Data | approve district change yes ->Chitradurga@pds| 102 - F07141 - FRice
[2026-01-21 17:46:14] district User -> Save Data | approve district change yes ->Chitradurga@pds| 102 - F07145 - FRice
[2026-01-21 17:46:34] User -> Save Data | district user change id ->Hassan@pds| 165 - F09814 - FRice| 170
[2026-01-21 17:46:38] district User -> Save Data | approve district change yes ->Chitradurga@pds| 102 - F07146 - FRice
[2026-01-21 17:46:56] district User -> Save Data | approve district change yes ->Hassan@pds| 165 - F09817 - FRice
[2026-01-21 17:47:01] district User -> Save Data | approve district change yes ->Hassan@pds| 165 - F09818 - FRice
[2026-01-21 17:47:05] district User -> Save Data | approve district change yes ->Hassan@pds| 165 - F09819 - FRice
[2026-01-21 17:47:11] district User -> Save Data | approve district change yes ->Hassan@pds| 165 - F09820 - FRice
[2026-01-21 17:47:15] district User -> Save Data | approve district change yes ->Hassan@pds| 165 - F09821 - FRice
[2026-01-21 17:47:29] district User -> Save Data | approve district change yes ->Chitradurga@pds| 102 - F07147 - FRice
[2026-01-21 17:47:33] district User -> Save Data | approve district change yes ->Chitradurga@pds| 102 - F07148 - FRice
[2026-01-21 17:47:36] district User -> Save Data | approve district change yes ->Chitradurga@pds| 102 - F07149 - FRice
[2026-01-21 17:47:40] district User -> Save Data | approve district change yes ->Chitradurga@pds| 102 - F07151 - FRice
[2026-01-21 17:47:49] User -> Save Data | district user change id ->Hassan@pds| 165 - F09822 - FRice| 167
[2026-01-21 17:47:51] district User -> Save Data | approve district change yes ->Chitradurga@pds| 102 - F07152 - FRice
[2026-01-21 17:48:00] district User -> Save Data | approve district change yes ->Chitradurga@pds| 102 - F07154 - FRice
[2026-01-21 17:48:04] User -> Save Data | district user change id ->Hassan@pds| 165 - F09823 - FRice| 167
[2026-01-21 17:48:09] district User -> Save Data | approve district change yes ->Chitradurga@pds| 102 - F07155 - FRice
[2026-01-21 17:48:25] district User -> Save Data | approve district change yes ->Chitradurga@pds| 102 - F07156 - FRice
[2026-01-21 17:48:28] User -> Save Data | district user change id ->Hassan@pds| 165 - F09824 - FRice| 167
[2026-01-21 17:48:42] district User -> Save Data | approve district change yes ->Chitradurga@pds| 102 - F07157 - FRice
[2026-01-21 17:48:45] User -> Save Data | district user change id ->Hassan@pds| 165 - F09825 - FRice| 167
[2026-01-21 17:48:45] district User -> Save Data | approve district change yes ->Chitradurga@pds| 102 - F07158 - FRice
[2026-01-21 17:49:01] district User -> Save Data | approve district change yes ->Chitradurga@pds| 102 - F07159 - FRice
[2026-01-21 17:49:06] User -> Save Data | district user change id ->Hassan@pds| 165 - F09826 - FRice| 167
[2026-01-21 17:49:15] district User -> Save Data | approve district change yes ->Chitradurga@pds| 102 - F07162 - FRice
[2026-01-21 17:49:19] district User -> Save Data | approve district change yes ->Chitradurga@pds| 102 - F07161 - FRice
[2026-01-21 17:49:22] district User -> Save Data | approve district change yes ->Chitradurga@pds| 102 - F07160 - FRice
[2026-01-21 17:49:22] User -> Save Data | district user change id ->Hassan@pds| 165 - F09827 - FRice| 167
[2026-01-21 17:49:35] district User -> Save Data | approve district change yes ->Chitradurga@pds| 102 - F07173 - FRice
[2026-01-21 17:49:37] User -> Save Data | district user change id ->Hassan@pds| 165 - F09828 - FRice| 167
[2026-01-21 17:49:45] district User -> Save Data | approve district change yes ->Chitradurga@pds| 102 - F07174 - FRice
[2026-01-21 17:49:53] district User -> Save Data | approve district change yes ->Hassan@pds| 165 - F09829 - FRice
[2026-01-21 17:49:57] district User -> Save Data | approve district change yes ->Chitradurga@pds| 102 - F07189 - FRice
[2026-01-21 17:50:07] district User -> Save Data | approve district change yes ->Chitradurga@pds| 102 - F07190 - FRice
[2026-01-21 17:50:18] district User -> Save Data | approve district change yes ->Chitradurga@pds| 102 - F07191 - FRice
[2026-01-21 17:50:28] User -> Save Data | district user change id ->Hassan@pds| 165 - F09830 - FRice| 167
[2026-01-21 17:50:45] district User -> Save Data | approve district change yes ->Chitradurga@pds| 102 - F07192 - FRice
[2026-01-21 17:50:49] district User -> Save Data | approve district change yes ->Chitradurga@pds| 102 - F07193 - FRice
[2026-01-21 17:51:13] district User -> Save Data | approve district change yes ->Chitradurga@pds| 102 - F07201 - FRice
[2026-01-21 17:51:17] district User -> Save Data | approve district change yes ->Chitradurga@pds| 102 - F07200 - FRice
[2026-01-21 17:51:21] district User -> Save Data | approve district change yes ->Chitradurga@pds| 102 - F07199 - FRice
[2026-01-21 17:51:33] User -> Save Data | district user change id ->Hassan@pds| 165 - F09856 - FRice| 167
[2026-01-21 17:51:34] district User -> Save Data | approve district change yes ->Chitradurga@pds| 102 - F07204 - FRice
[2026-01-21 17:51:41] district User -> Save Data | approve district change yes ->Hassan@pds| 165 - F09831 - FRice
[2026-01-21 17:51:45] district User -> Save Data | approve district change yes ->Hassan@pds| 165 - F09832 - FRice
[2026-01-21 17:51:50] district User -> Save Data | approve district change yes ->Hassan@pds| 165 - F09833 - FRice
[2026-01-21 17:51:57] district User -> Save Data | approve district change yes ->Hassan@pds| 165 - F09834 - FRice
[2026-01-21 17:52:02] district User -> Save Data | approve district change yes ->Hassan@pds| 165 - F09835 - FRice
[2026-01-21 17:52:07] district User -> Save Data | approve district change yes ->Hassan@pds| 165 - F09836 - FRice
[2026-01-21 17:52:13] district User -> Save Data | approve district change yes ->Hassan@pds| 165 - F09837 - FRice
[2026-01-21 17:52:17] district User -> Save Data | approve district change yes ->Hassan@pds| 165 - F09838 - FRice
[2026-01-21 17:52:22] district User -> Save Data | approve district change yes ->Hassan@pds| 165 - F09839 - FRice
[2026-01-21 17:52:27] district User -> Save Data | approve district change yes ->Hassan@pds| 165 - F09840 - FRice
[2026-01-21 17:52:31] district User -> Save Data | approve district change yes ->Hassan@pds| 165 - F09841 - FRice
[2026-01-21 17:52:41] district User -> Save Data | approve district change yes ->Hassan@pds| 165 - F09842 - FRice
[2026-01-21 17:52:47] district User -> Save Data | approve district change yes ->Hassan@pds| 165 - F09843 - FRice
[2026-01-21 17:52:50] district User -> Save Data | approve district change yes ->Hassan@pds| 165 - F09843 - FRice
[2026-01-21 17:52:54] district User -> Save Data | approve district change yes ->Hassan@pds| 165 - F09844 - FRice
[2026-01-21 17:53:01] district User -> Save Data | approve district change yes ->Hassan@pds| 165 - F09844 - FRice
[2026-01-21 17:53:05] district User -> Save Data | approve district change yes ->Hassan@pds| 165 - F09845 - FRice
[2026-01-21 17:53:11] district User -> Save Data | approve district change yes ->Hassan@pds| 165 - F09845 - FRice
[2026-01-21 17:53:17] district User -> Save Data | approve district change yes ->Hassan@pds| 165 - F09846 - FRice
[2026-01-21 17:53:23] district User -> Save Data | approve district change yes ->Hassan@pds| 165 - F09846 - FRice
[2026-01-21 17:53:27] district User -> Save Data | approve district change yes ->Hassan@pds| 165 - F09847 - FRice
[2026-01-21 17:53:34] district User -> Save Data | approve district change yes ->Hassan@pds| 165 - F09848 - FRice
[2026-01-21 17:53:43] district User -> Save Data | approve district change yes ->Hassan@pds| 165 - F09849 - FRice
[2026-01-21 17:53:51] district User -> Save Data | approve district change yes ->Hassan@pds| 165 - F09850 - FRice
[2026-01-21 17:53:57] district User -> Save Data | approve district change yes ->Hassan@pds| 165 - F09851 - FRice
[2026-01-21 17:54:02] district User -> Save Data | approve district change yes ->Hassan@pds| 165 - F09852 - FRice
[2026-01-21 17:54:08] district User -> Save Data | approve district change yes ->Hassan@pds| 165 - F09853 - FRice
[2026-01-21 17:54:14] district User -> Save Data | approve district change yes ->Hassan@pds| 165 - F09855 - FRice
[2026-01-21 17:56:44] User -> Save Data | district user change id ->Hassan@pds| 165 - F09932 - FRice| 167
[2026-01-21 17:57:01] district User -> Save Data | approve district change yes ->Hassan@pds| 165 - F09857 - FRice
[2026-01-21 17:57:14] district User -> Save Data | approve district change yes ->Hassan@pds| 165 - F09858 - FRice
[2026-01-21 17:57:24] district User -> Save Data | approve district change yes ->Hassan@pds| 165 - F09859 - FRice
[2026-01-21 17:57:29] district User -> Save Data | approve district change yes ->Hassan@pds| 165 - F09860 - FRice
[2026-01-21 17:57:34] district User -> Save Data | approve district change yes ->Hassan@pds| 165 - F09862 - FRice
[2026-01-21 17:57:40] district User -> Save Data | approve district change yes ->Hassan@pds| 165 - F09863 - FRice
[2026-01-21 17:57:46] district User -> Save Data | approve district change yes ->Hassan@pds| 165 - F09864 - FRice
[2026-01-21 17:57:51] district User -> Save Data | approve district change yes ->Hassan@pds| 165 - F09865 - FRice
[2026-01-21 17:57:56] district User -> Save Data | approve district change yes ->Hassan@pds| 165 - F09866 - FRice
[2026-01-21 17:58:01] district User -> Save Data | approve district change yes ->Hassan@pds| 165 - F09867 - FRice
[2026-01-21 17:58:07] district User -> Save Data | approve district change yes ->Hassan@pds| 165 - F09868 - FRice
[2026-01-21 17:58:12] district User -> Save Data | approve district change yes ->Hassan@pds| 165 - F09869 - FRice
[2026-01-21 17:58:17] district User -> Save Data | approve district change yes ->Hassan@pds| 165 - F09870 - FRice
[2026-01-21 17:58:23] district User -> Save Data | approve district change yes ->Hassan@pds| 165 - F09871 - FRice
[2026-01-21 17:58:29] district User -> Save Data | approve district change yes ->Hassan@pds| 165 - F09872 - FRice
[2026-01-21 17:58:38] district User -> Save Data | approve district change yes ->Hassan@pds| 165 - F09873 - FRice
[2026-01-21 17:58:44] district User -> Save Data | approve district change yes ->Hassan@pds| 165 - F09874 - FRice
[2026-01-21 17:58:50] district User -> Save Data | approve district change yes ->Hassan@pds| 165 - F09875 - FRice
[2026-01-21 17:58:56] district User -> Save Data | approve district change yes ->Hassan@pds| 165 - F09876 - FRice
[2026-01-21 17:59:02] district User -> Save Data | approve district change yes ->Hassan@pds| 165 - F09877 - FRice
[2026-01-21 17:59:08] district User -> Save Data | approve district change yes ->Hassan@pds| 165 - F09878 - FRice
[2026-01-21 17:59:14] district User -> Save Data | approve district change yes ->Hassan@pds| 165 - F09879 - FRice
[2026-01-21 17:59:19] district User -> Save Data | approve district change yes ->Hassan@pds| 165 - F09880 - FRice
[2026-01-21 17:59:25] district User -> Save Data | approve district change yes ->Hassan@pds| 165 - F09881 - FRice
[2026-01-21 17:59:30] district User -> Save Data | approve district change yes ->Hassan@pds| 165 - F09882 - FRice
[2026-01-21 17:59:36] district User -> Save Data | approve district change yes ->Hassan@pds| 165 - F09883 - FRice
[2026-01-21 17:59:42] district User -> Save Data | approve district change yes ->Hassan@pds| 165 - F09884 - FRice
[2026-01-21 17:59:48] district User -> Save Data | approve district change yes ->Hassan@pds| 165 - F09885 - FRice
[2026-01-21 17:59:53] district User -> Save Data | approve district change yes ->Hassan@pds| 165 - F09886 - FRice
[2026-01-21 17:59:59] district User -> Save Data | approve district change yes ->Hassan@pds| 165 - F09887 - FRice
