[2026-01-27 10:00:29] User -> Save Data | district user change id ->Mysuru@pds| 213 - F13987 - FRice| 214
[2026-01-27 10:01:15] User -> Save Data | district user change id ->Mysuru@pds| 213 - F13988 - FRice| 214
[2026-01-27 10:01:53] User -> Save Data | district user change id ->Mysuru@pds| 213 - F13989 - FRice| 214
[2026-01-27 10:02:30] User -> Save Data | district user change id ->Mysuru@pds| 213 - F13991 - FRice| 214
[2026-01-27 10:03:00] User -> Save Data | district user change id ->Mysuru@pds| 213 - F13993 - FRice| 214
[2026-01-27 10:03:29] User -> Save Data | district user change id ->Mysuru@pds| 213 - F14001 - FRice| 214
[2026-01-27 10:04:10] User -> Save Data | district user change id ->Mysuru@pds| 213 - F14002 - FRice| 214
[2026-01-27 10:04:37] User -> Save Data | district user change id ->Mysuru@pds| 213 - F14008 - FRice| 214
[2026-01-27 10:38:40] User -> Save Data | district user change id ->Mysuru@pds| 213 - F14009 - FRice| 214
[2026-01-27 10:39:05] User -> Save Data | district user change id ->Mysuru@pds| 213 - F14018 - FRice| 214
[2026-01-27 10:40:05] User -> Save Data | district user change id ->Mysuru@pds| 213 - F14025 - FRice| 214
[2026-01-27 10:42:22] User -> Save Data | district user change id ->Mysuru@pds| 213 - F14067 - FRice| 215
[2026-01-27 10:44:13] User -> Save Data | district user change id ->Mysuru@pds| 213 - F14419 - FRice| 220
[2026-01-27 10:45:01] User -> Save Data | district user change id ->Mysuru@pds| 213 - F14420 - FRice| 220
[2026-01-27 10:48:35] User -> Save Data | district user change id ->Mysuru@pds| 213 - F14569 - FRice| 223
[2026-01-27 10:49:20] User -> Save Data | district user change id ->Mysuru@pds| 213 - F14570 - FRice| 223
[2026-01-27 10:50:03] User -> Save Data | district user change id ->Mysuru@pds| 213 - F14572 - FRice| 223
[2026-01-27 10:51:57] User -> Save Data | district user change id ->Mysuru@pds| 213 - F14803 - FRice| 228
[2026-01-27 10:52:35] User -> Save Data | district user change id ->Mysuru@pds| 213 - F14804 - FRice| 228
[2026-01-27 10:53:05] User -> Save Data | district user change id ->Mysuru@pds| 213 - F14830 - FRice| 228
[2026-01-27 10:56:08] district User -> Save Data | approve district change yes ->Mysuru@pds| 214 - F13955 - FRice
[2026-01-27 10:57:46] district User -> Save Data | approve district change yes ->Mysuru@pds| 214 - F13956 - FRice
[2026-01-27 10:57:49] district User -> Save Data | approve district change yes ->Mysuru@pds| 214 - F13958 - FRice
[2026-01-27 10:57:55] district User -> Save Data | approve district change yes ->Mysuru@pds| 214 - F13959 - FRice
[2026-01-27 10:58:16] district User -> Save Data | approve district change yes ->Mysuru@pds| 214 - F13961 - FRice
[2026-01-27 10:58:30] district User -> Save Data | approve district change yes ->Mysuru@pds| 214 - F13964 - FRice
[2026-01-27 10:58:51] district User -> Save Data | approve district change yes ->Mysuru@pds| 214 - F13965 - FRice
[2026-01-27 10:59:05] district User -> Save Data | approve district change yes ->Mysuru@pds| 214 - F13966 - FRice
[2026-01-27 11:00:09] district User -> Save Data | approve district change yes ->Mysuru@pds| 214 - F13967 - FRice
[2026-01-27 11:00:47] district User -> Save Data | approve district change yes ->Mysuru@pds| 214 - F13968 - FRice
[2026-01-27 11:01:30] district User -> Save Data | approve district change yes ->Mysuru@pds| 214 - F13969 - FRice
[2026-01-27 11:01:46] district User -> Save Data | approve district change yes ->Mysuru@pds| 214 - F13970 - FRice
[2026-01-27 11:02:03] district User -> Save Data | approve district change yes ->Mysuru@pds| 214 - F13971 - FRice
[2026-01-27 11:02:23] district User -> Save Data | approve district change yes ->Mysuru@pds| 214 - F13972 - FRice
[2026-01-27 11:02:39] district User -> Save Data | approve district change yes ->Mysuru@pds| 214 - F13973 - FRice
[2026-01-27 11:02:54] district User -> Save Data | approve district change yes ->Mysuru@pds| 214 - F13979 - FRice
[2026-01-27 11:03:10] district User -> Save Data | approve district change yes ->Mysuru@pds| 214 - F13980 - FRice
[2026-01-27 11:03:23] district User -> Save Data | approve district change yes ->Mysuru@pds| 214 - F13981 - FRice
[2026-01-27 11:03:52] district User -> Save Data | approve district change yes ->Mysuru@pds| 214 - F13982 - FRice
[2026-01-27 11:05:09] district User -> Save Data | approve district change yes ->Mysuru@pds| 214 - F13983 - FRice
[2026-01-27 11:05:33] district User -> Save Data | approve district change yes ->Mysuru@pds| 214 - F13984 - FRice
[2026-01-27 11:05:51] district User -> Save Data | approve district change yes ->Mysuru@pds| 214 - F13994 - FRice
[2026-01-27 11:06:05] district User -> Save Data | approve district change yes ->Mysuru@pds| 214 - F13995 - FRice
[2026-01-27 11:06:19] district User -> Save Data | approve district change yes ->Mysuru@pds| 214 - F14003 - FRice
[2026-01-27 11:09:19] district User -> Save Data | approve district change yes ->Mysuru@pds| 214 - F14004 - FRice
[2026-01-27 11:09:40] district User -> Save Data | approve district change yes ->Mysuru@pds| 214 - F14005 - FRice
[2026-01-27 11:09:52] district User -> Save Data | approve district change yes ->Mysuru@pds| 214 - F14006 - FRice
[2026-01-27 11:10:04] district User -> Save Data | approve district change yes ->Mysuru@pds| 214 - F14007 - FRice
[2026-01-27 11:10:18] district User -> Save Data | approve district change yes ->Mysuru@pds| 214 - F14013 - FRice
[2026-01-27 11:10:30] district User -> Save Data | approve district change yes ->Mysuru@pds| 214 - F14026 - FRice
[2026-01-27 11:10:46] district User -> Save Data | approve district change yes ->Mysuru@pds| 214 - F14027 - FRice
[2026-01-27 11:11:11] district User -> Save Data | approve district change yes ->Mysuru@pds| 214 - F14030 - FRice
[2026-01-27 11:11:27] district User -> Save Data | approve district change yes ->Mysuru@pds| 214 - F14031 - FRice
[2026-01-27 11:11:53] district User -> Save Data | approve district change yes ->Mysuru@pds| 214 - F14032 - FRice
[2026-01-27 11:12:06] district User -> Save Data | approve district change yes ->Mysuru@pds| 214 - F14033 - FRice
[2026-01-27 11:12:19] district User -> Save Data | approve district change yes ->Mysuru@pds| 214 - F14034 - FRice
[2026-01-27 11:13:08] User -> Save Data | district user change id ->Mysuru@pds| 214 - F14068 - FRice| 215
[2026-01-27 11:13:34] User -> Save Data | district user change id ->Mysuru@pds| 214 - F14069 - FRice| 215
[2026-01-27 11:14:05] User -> Save Data | district user change id ->Mysuru@pds| 214 - F14071 - FRice| 215
[2026-01-27 11:15:07] User -> Save Data | district user change id ->Mysuru@pds| 214 - F14128 - FRice| 215
[2026-01-27 11:21:23] district User -> Save Data | implemeneted ->Bidar@pds| 53 - F04639 - FRice
[2026-01-27 11:21:23] district User -> Save Data | implemeneted ->Bidar@pds| 53 - F04642 - FRice
[2026-01-27 11:22:16] district User -> Save Data | implemeneted ->Bidar@pds| 53 - F04646 - FRice
[2026-01-27 11:22:16] district User -> Save Data | implemeneted ->Bidar@pds| 53 - F04645 - FRice
[2026-01-27 11:22:16] district User -> Save Data | implemeneted ->Bidar@pds| 53 - F04644 - FRice
[2026-01-27 11:24:48] district User -> Save Data | implemeneted ->Bidar@pds| 53 - F04653 - FRice
[2026-01-27 11:24:48] district User -> Save Data | implemeneted ->Bidar@pds| 53 - F04654 - FRice
[2026-01-27 11:24:48] district User -> Save Data | implemeneted ->Bidar@pds| 53 - F04655 - FRice
[2026-01-27 11:24:48] district User -> Save Data | implemeneted ->Bidar@pds| 53 - F04656 - FRice
[2026-01-27 11:24:48] district User -> Save Data | implemeneted ->Bidar@pds| 53 - F04658 - FRice
[2026-01-27 11:24:48] district User -> Save Data | implemeneted ->Bidar@pds| 53 - F04659 - FRice
[2026-01-27 11:24:49] district User -> Save Data | implemeneted ->Bidar@pds| 53 - F04660 - FRice
[2026-01-27 11:24:49] district User -> Save Data | implemeneted ->Bidar@pds| 53 - F04661 - FRice
[2026-01-27 11:24:49] district User -> Save Data | implemeneted ->Bidar@pds| 53 - F04662 - FRice
[2026-01-27 11:24:49] district User -> Save Data | implemeneted ->Bidar@pds| 53 - F04663 - FRice
[2026-01-27 11:24:49] district User -> Save Data | implemeneted ->Bidar@pds| 53 - F04664 - FRice
[2026-01-27 11:24:49] district User -> Save Data | implemeneted ->Bidar@pds| 53 - F04665 - FRice
[2026-01-27 11:24:49] district User -> Save Data | implemeneted ->Bidar@pds| 53 - F04666 - FRice
[2026-01-27 11:24:49] district User -> Save Data | implemeneted ->Bidar@pds| 53 - F04668 - FRice
[2026-01-27 11:24:49] district User -> Save Data | implemeneted ->Bidar@pds| 53 - F04669 - FRice
[2026-01-27 11:24:49] district User -> Save Data | implemeneted ->Bidar@pds| 53 - F04670 - FRice
[2026-01-27 11:24:49] district User -> Save Data | implemeneted ->Bidar@pds| 53 - F04671 - FRice
[2026-01-27 11:24:49] district User -> Save Data | implemeneted ->Bidar@pds| 53 - F04673 - FRice
[2026-01-27 11:24:49] district User -> Save Data | implemeneted ->Bidar@pds| 53 - F04678 - FRice
[2026-01-27 11:24:49] district User -> Save Data | implemeneted ->Bidar@pds| 53 - F04680 - FRice
[2026-01-27 11:24:49] district User -> Save Data | implemeneted ->Bidar@pds| 53 - F04681 - FRice
[2026-01-27 11:24:49] district User -> Save Data | implemeneted ->Bidar@pds| 53 - F04682 - FRice
[2026-01-27 11:24:49] district User -> Save Data | implemeneted ->Bidar@pds| 53 - F04683 - FRice
[2026-01-27 11:24:49] district User -> Save Data | implemeneted ->Bidar@pds| 53 - F04686 - FRice
[2026-01-27 11:24:49] district User -> Save Data | implemeneted ->Bidar@pds| 53 - F04687 - FRice
[2026-01-27 11:24:49] district User -> Save Data | implemeneted ->Bidar@pds| 53 - F04689 - FRice
[2026-01-27 11:24:49] district User -> Save Data | implemeneted ->Bidar@pds| 53 - F04690 - FRice
[2026-01-27 11:24:49] district User -> Save Data | implemeneted ->Bidar@pds| 53 - F04695 - FRice
[2026-01-27 11:24:49] district User -> Save Data | implemeneted ->Bidar@pds| 53 - F04696 - FRice
[2026-01-27 11:24:49] district User -> Save Data | implemeneted ->Bidar@pds| 53 - F04697 - FRice
[2026-01-27 11:24:49] district User -> Save Data | implemeneted ->Bidar@pds| 53 - F04698 - FRice
[2026-01-27 11:24:50] district User -> Save Data | implemeneted ->Bidar@pds| 53 - F04699 - FRice
[2026-01-27 11:24:50] district User -> Save Data | implemeneted ->Bidar@pds| 53 - F04700 - FRice
[2026-01-27 11:24:50] district User -> Save Data | implemeneted ->Bidar@pds| 53 - F04701 - FRice
[2026-01-27 11:24:50] district User -> Save Data | implemeneted ->Bidar@pds| 53 - F04703 - FRice
[2026-01-27 11:24:50] district User -> Save Data | implemeneted ->Bidar@pds| 53 - F04704 - FRice
[2026-01-27 11:24:50] district User -> Save Data | implemeneted ->Bidar@pds| 53 - F04705 - FRice
[2026-01-27 11:24:50] district User -> Save Data | implemeneted ->Bidar@pds| 53 - F04706 - FRice
[2026-01-27 11:24:50] district User -> Save Data | implemeneted ->Bidar@pds| 53 - F04707 - FRice
[2026-01-27 11:24:50] district User -> Save Data | implemeneted ->Bidar@pds| 53 - F04709 - FRice
[2026-01-27 11:24:50] district User -> Save Data | implemeneted ->Bidar@pds| 53 - F04710 - FRice
[2026-01-27 11:24:50] district User -> Save Data | implemeneted ->Bidar@pds| 53 - F04711 - FRice
[2026-01-27 11:24:50] district User -> Save Data | implemeneted ->Bidar@pds| 53 - F04714 - FRice
[2026-01-27 11:24:50] district User -> Save Data | implemeneted ->Bidar@pds| 53 - F04715 - FRice
[2026-01-27 11:24:50] district User -> Save Data | implemeneted ->Bidar@pds| 53 - F04716 - FRice
[2026-01-27 11:24:50] district User -> Save Data | implemeneted ->Bidar@pds| 53 - F04717 - FRice
[2026-01-27 11:24:50] district User -> Save Data | implemeneted ->Bidar@pds| 53 - F04718 - FRice
[2026-01-27 11:24:50] district User -> Save Data | implemeneted ->Bidar@pds| 53 - F04719 - FRice
[2026-01-27 11:24:50] district User -> Save Data | implemeneted ->Bidar@pds| 53 - F04720 - FRice
[2026-01-27 11:24:50] district User -> Save Data | implemeneted ->Bidar@pds| 53 - F04721 - FRice
[2026-01-27 11:24:50] district User -> Save Data | implemeneted ->Bidar@pds| 53 - F04722 - FRice
[2026-01-27 11:24:50] district User -> Save Data | implemeneted ->Bidar@pds| 53 - F04723 - FRice
[2026-01-27 11:24:50] district User -> Save Data | implemeneted ->Bidar@pds| 53 - F04724 - FRice
[2026-01-27 11:25:11] User -> Save Data | district user change id ->shivamogga@pds| 244 - F16439 - FRice| 238
[2026-01-27 11:26:05] User -> Save Data | district user change id ->shivamogga@pds| 244 - F16435 - FRice| 238
[2026-01-27 11:27:47] User -> Save Data | district user change id ->shivamogga@pds| 244 - F16434 - FRice| 238
[2026-01-27 11:28:33] User -> Save Data | district user change id ->shivamogga@pds| 244 - F16433 - FRice| 238
[2026-01-27 11:32:27] User -> Save Data | district user change id ->Mysuru@pds| 215 - F13992 - FRice| 214
[2026-01-27 11:32:55] User -> Save Data | district user change id ->Mysuru@pds| 215 - F14028 - FRice| 214
[2026-01-27 11:33:25] User -> Save Data | district user change id ->Mysuru@pds| 215 - F14029 - FRice| 214
[2026-01-27 11:34:02] district User -> Save Data | approve district change yes ->Mysuru@pds| 215 - F14035 - FRice
[2026-01-27 11:34:18] district User -> Save Data | approve district change yes ->Mysuru@pds| 215 - F14036 - FRice
[2026-01-27 11:34:43] district User -> Save Data | approve district change yes ->Mysuru@pds| 215 - F14037 - FRice
[2026-01-27 11:35:26] district User -> Save Data | approve district change yes ->Mysuru@pds| 215 - F14038 - FRice
[2026-01-27 11:35:38] district User -> Save Data | approve district change yes ->Mysuru@pds| 215 - F14039 - FRice
[2026-01-27 11:35:52] district User -> Save Data | approve district change yes ->Mysuru@pds| 215 - F14040 - FRice
[2026-01-27 11:36:06] district User -> Save Data | approve district change yes ->Mysuru@pds| 215 - F14041 - FRice
[2026-01-27 11:48:16] User -> Save Data | district user change id ->shivamogga@pds| 244 - F16432 - FRice| 238
[2026-01-27 11:52:45] User -> Save Data | district user change id ->shivamogga@pds| 244 - F16431 - FRice| 238
[2026-01-27 11:53:54] User -> Save Data | district user change id ->shivamogga@pds| 244 - F16430 - FRice| 238
[2026-01-27 11:54:57] User -> Save Data | district user change id ->shivamogga@pds| 244 - F16429 - FRice| 238
[2026-01-27 11:57:10] User -> Save Data | district user change id ->shivamogga@pds| 244 - F16428 - FRice| 238
[2026-01-27 11:58:12] User -> Save Data | district user change id ->shivamogga@pds| 244 - F16427 - FRice| 238
[2026-01-27 12:19:52] district User -> Save Data | approve district change yes ->Mysuru@pds| 215 - F14042 - FRice
[2026-01-27 12:20:05] district User -> Save Data | approve district change yes ->Mysuru@pds| 215 - F14043 - FRice
[2026-01-27 12:20:23] district User -> Save Data | approve district change yes ->Mysuru@pds| 215 - F14044 - FRice
[2026-01-27 12:28:40] district User -> Save Data | approve district change yes ->Mysuru@pds| 215 - F14046 - FRice
[2026-01-27 12:28:43] User -> Save Data | district user change id ->shivamogga@pds| 244 - F16426 - FRice| 238
[2026-01-27 12:28:55] district User -> Save Data | approve district change yes ->Mysuru@pds| 215 - F14050 - FRice
[2026-01-27 12:29:09] district User -> Save Data | approve district change yes ->Mysuru@pds| 215 - F14063 - FRice
[2026-01-27 12:29:24] district User -> Save Data | approve district change yes ->Mysuru@pds| 215 - F14064 - FRice
[2026-01-27 12:29:37] district User -> Save Data | approve district change yes ->Mysuru@pds| 215 - F14065 - FRice
[2026-01-27 12:29:50] district User -> Save Data | approve district change yes ->Mysuru@pds| 215 - F14066 - FRice
[2026-01-27 12:30:04] district User -> Save Data | approve district change yes ->Mysuru@pds| 215 - F14070 - FRice
[2026-01-27 12:30:17] district User -> Save Data | approve district change yes ->Mysuru@pds| 215 - F14072 - FRice
[2026-01-27 12:30:20] User -> Save Data | district user change id ->shivamogga@pds| 244 - F16425 - FRice| 238
[2026-01-27 12:30:32] district User -> Save Data | approve district change yes ->Mysuru@pds| 215 - F14121 - FRice
[2026-01-27 12:30:46] district User -> Save Data | approve district change yes ->Mysuru@pds| 215 - F14123 - FRice
[2026-01-27 12:30:59] district User -> Save Data | approve district change yes ->Mysuru@pds| 215 - F14129 - FRice
[2026-01-27 12:31:13] district User -> Save Data | approve district change yes ->Mysuru@pds| 215 - F14131 - FRice
[2026-01-27 12:31:24] User -> Save Data | district user change id ->shivamogga@pds| 244 - F16424 - FRice| 238
[2026-01-27 12:31:25] district User -> Save Data | approve district change yes ->Mysuru@pds| 215 - F14133 - FRice
[2026-01-27 12:32:32] User -> Save Data | district user change id ->Mysuru@pds| 215 - F14144 - FRice| 216
[2026-01-27 12:33:14] district User -> Save Data | approve district change yes ->Mysuru@pds| 216 - F14045 - FRice
[2026-01-27 12:34:38] User -> Save Data | district user change id ->Mysuru@pds| 216 - F14073 - FRice| 217
[2026-01-27 12:35:05] User -> Save Data | district user change id ->Mysuru@pds| 216 - F14075 - FRice| 217
[2026-01-27 12:35:19] district User -> Save Data | approve district change yes ->Mysuru@pds| 216 - F14076 - FRice
[2026-01-27 12:35:31] district User -> Save Data | approve district change yes ->Mysuru@pds| 216 - F14077 - FRice
[2026-01-27 12:35:45] district User -> Save Data | approve district change yes ->Mysuru@pds| 216 - F14078 - FRice
[2026-01-27 12:35:56] district User -> Save Data | approve district change yes ->Mysuru@pds| 216 - F14079 - FRice
[2026-01-27 12:36:21] User -> Save Data | district user change id ->Mysuru@pds| 216 - F14080 - FRice| 217
[2026-01-27 12:37:04] User -> Save Data | district user change id ->Mysuru@pds| 216 - F14088 - FRice| 215
[2026-01-27 12:37:29] User -> Save Data | district user change id ->Mysuru@pds| 216 - F14089 - FRice| 215
[2026-01-27 12:38:06] User -> Save Data | district user change id ->Mysuru@pds| 216 - F14090 - FRice| 215
[2026-01-27 12:38:21] district User -> Save Data | approve district change yes ->Mysuru@pds| 216 - F14091 - FRice
[2026-01-27 12:38:45] User -> Save Data | district user change id ->Mysuru@pds| 216 - F14092 - FRice| 217
[2026-01-27 12:39:18] User -> Save Data | district user change id ->Mysuru@pds| 216 - F14093 - FRice| 217
[2026-01-27 12:39:47] User -> Save Data | district user change id ->Mysuru@pds| 216 - F14101 - FRice| 215
[2026-01-27 12:40:14] User -> Save Data | district user change id ->Mysuru@pds| 216 - F14112 - FRice| 217
[2026-01-27 12:40:35] User -> Save Data | district user change id ->Mysuru@pds| 216 - F14113 - FRice| 217
[2026-01-27 12:40:58] User -> Save Data | district user change id ->Mysuru@pds| 216 - F14114 - FRice| 217
[2026-01-27 12:41:19] User -> Save Data | district user change id ->Mysuru@pds| 216 - F14115 - FRice| 217
[2026-01-27 12:41:53] User -> Save Data | district user change id ->Mysuru@pds| 216 - F14119 - FRice| 217
[2026-01-27 12:42:17] User -> Save Data | district user change id ->Mysuru@pds| 216 - F14120 - FRice| 215
[2026-01-27 12:42:38] User -> Save Data | district user change id ->Mysuru@pds| 216 - F14124 - FRice| 217
[2026-01-27 12:43:02] User -> Save Data | district user change id ->Mysuru@pds| 216 - F14130 - FRice| 217
[2026-01-27 12:43:15] district User -> Save Data | approve district change yes ->Mysuru@pds| 216 - F14135 - FRice
[2026-01-27 12:43:30] district User -> Save Data | approve district change yes ->Mysuru@pds| 216 - F14136 - FRice
[2026-01-27 12:43:43] district User -> Save Data | approve district change yes ->Mysuru@pds| 216 - F14137 - FRice
[2026-01-27 12:43:56] district User -> Save Data | approve district change yes ->Mysuru@pds| 216 - F14138 - FRice
[2026-01-27 12:49:32] district User -> Save Data | approve district change yes ->Mysuru@pds| 216 - F14139 - FRice
[2026-01-27 12:49:45] district User -> Save Data | approve district change yes ->Mysuru@pds| 216 - F14140 - FRice
[2026-01-27 12:49:56] district User -> Save Data | approve district change yes ->Mysuru@pds| 216 - F14141 - FRice
[2026-01-27 12:50:08] district User -> Save Data | approve district change yes ->Mysuru@pds| 216 - F14142 - FRice
[2026-01-27 12:54:05] district User -> Save Data | approve district change yes ->Mysuru@pds| 216 - F14143 - FRice
[2026-01-27 12:54:26] district User -> Save Data | approve district change yes ->Mysuru@pds| 216 - F14145 - FRice
[2026-01-27 12:54:43] district User -> Save Data | approve district change yes ->Mysuru@pds| 216 - F14146 - FRice
[2026-01-27 12:55:15] district User -> Save Data | approve district change yes ->Mysuru@pds| 216 - F14147 - FRice
[2026-01-27 12:56:03] district User -> Save Data | approve district change yes ->Mysuru@pds| 216 - F14148 - FRice
[2026-01-27 12:56:48] district User -> Save Data | approve district change yes ->Mysuru@pds| 216 - F14149 - FRice
[2026-01-27 12:59:10] User -> Save Data | district user change id ->Mysuru@pds| 216 - F14677 - FRice| 225
[2026-01-27 13:00:07] district User -> Save Data | approve district change yes ->Mysuru@pds| 217 - F14047 - FRice
[2026-01-27 13:01:00] User -> Save Data | district user change id ->Mysuru@pds| 217 - F14051 - FRice| 215
[2026-01-27 13:01:15] district User -> Save Data | approve district change yes ->Mysuru@pds| 217 - F14061 - FRice
[2026-01-27 13:01:29] district User -> Save Data | approve district change yes ->Mysuru@pds| 217 - F14062 - FRice
[2026-01-27 13:01:43] district User -> Save Data | approve district change yes ->Mysuru@pds| 217 - F14102 - FRice
[2026-01-27 13:01:56] district User -> Save Data | approve district change yes ->Mysuru@pds| 217 - F14103 - FRice
[2026-01-27 13:02:09] district User -> Save Data | approve district change yes ->Mysuru@pds| 217 - F14104 - FRice
[2026-01-27 13:02:22] district User -> Save Data | approve district change yes ->Mysuru@pds| 217 - F14105 - FRice
[2026-01-27 13:02:34] district User -> Save Data | approve district change yes ->Mysuru@pds| 217 - F14107 - FRice
[2026-01-27 13:02:48] district User -> Save Data | approve district change yes ->Mysuru@pds| 217 - F14108 - FRice
[2026-01-27 13:03:01] district User -> Save Data | approve district change yes ->Mysuru@pds| 217 - F14109 - FRice
[2026-01-27 13:03:14] district User -> Save Data | approve district change yes ->Mysuru@pds| 217 - F14110 - FRice
[2026-01-27 13:03:25] district User -> Save Data | approve district change yes ->Mysuru@pds| 217 - F14117 - FRice
[2026-01-27 13:03:39] district User -> Save Data | approve district change yes ->Mysuru@pds| 217 - F14118 - FRice
[2026-01-27 13:03:55] district User -> Save Data | approve district change yes ->Mysuru@pds| 217 - F14126 - FRice
[2026-01-27 13:04:09] district User -> Save Data | approve district change yes ->Mysuru@pds| 217 - F14127 - FRice
[2026-01-27 13:04:37] User -> Save Data | district user change id ->Mysuru@pds| 217 - F14132 - FRice| 215
[2026-01-27 13:11:23] User -> Save Data | district user change id ->Mysuru@pds| 217 - F14171 - FRice| 218
[2026-01-27 13:11:52] User -> Save Data | district user change id ->Mysuru@pds| 217 - F14172 - FRice| 218
[2026-01-27 13:12:39] User -> Save Data | district user change id ->Mysuru@pds| 217 - F14671 - FRice| 225
[2026-01-27 13:13:06] User -> Save Data | district user change id ->Mysuru@pds| 217 - F14676 - FRice| 225
[2026-01-27 13:13:27] User -> Save Data | district user change id ->Mysuru@pds| 217 - F14682 - FRice| 225
[2026-01-27 13:13:54] User -> Save Data | district user change id ->Mysuru@pds| 217 - F14697 - FRice| 225
[2026-01-27 13:14:19] User -> Save Data | district user change id ->Mysuru@pds| 217 - F14698 - FRice| 225
[2026-01-27 13:14:40] User -> Save Data | district user change id ->Mysuru@pds| 217 - F14701 - FRice| 225
[2026-01-27 13:15:29] User -> Save Data | district user change id ->Mysuru@pds| 217 - F14740 - FRice| 229
[2026-01-27 13:15:54] User -> Save Data | district user change id ->Mysuru@pds| 217 - F14741 - FRice| 229
[2026-01-27 13:16:15] User -> Save Data | district user change id ->Mysuru@pds| 217 - F14744 - FRice| 229
[2026-01-27 13:16:38] User -> Save Data | district user change id ->Mysuru@pds| 217 - F14745 - FRice| 229
[2026-01-27 13:17:09] User -> Save Data | district user change id ->Mysuru@pds| 217 - F14746 - FRice| 229
[2026-01-27 13:17:35] User -> Save Data | district user change id ->Mysuru@pds| 217 - F14747 - FRice| 229
[2026-01-27 13:17:56] User -> Save Data | district user change id ->Mysuru@pds| 217 - F14748 - FRice| 229
[2026-01-27 13:18:16] district User -> Save Data | approve district change yes ->Belagavi@pds| 32 - F03178 - FRice
[2026-01-27 13:18:16] User -> Save Data | district user change id ->Mysuru@pds| 217 - F14749 - FRice| 229
[2026-01-27 13:18:37] User -> Save Data | district user change id ->Mysuru@pds| 217 - F14750 - FRice| 229
[2026-01-27 13:18:50] district User -> Save Data | approve district change yes ->Belagavi@pds| 32 - F03181 - FRice
[2026-01-27 13:18:56] User -> Save Data | district user change id ->Mysuru@pds| 217 - F14751 - FRice| 229
[2026-01-27 13:18:56] User -> Save Data | district user change id ->shivamogga@pds| 244 - F16423 - FRice| 238
[2026-01-27 13:19:21] User -> Save Data | district user change id ->Mysuru@pds| 217 - F14762 - FRice| 229
[2026-01-27 13:19:39] User -> Save Data | district user change id ->shivamogga@pds| 244 - F16421 - FRice| 238
[2026-01-27 13:19:43] User -> Save Data | district user change id ->Mysuru@pds| 217 - F14786 - FRice| 229
[2026-01-27 13:20:01] district User -> Save Data | approve district change yes ->Belagavi@pds| 32 - F03183 - FRice
[2026-01-27 13:20:05] User -> Save Data | district user change id ->Mysuru@pds| 217 - F14788 - FRice| 229
[2026-01-27 13:20:32] district User -> Save Data | approve district change yes ->Belagavi@pds| 45 - F03122 - FRice
[2026-01-27 13:20:34] district User -> Save Data | approve district change yes ->Mysuru@pds| 218 - F14154 - FRice
[2026-01-27 13:20:46] district User -> Save Data | approve district change yes ->Mysuru@pds| 218 - F14162 - FRice
[2026-01-27 13:20:57] district User -> Save Data | approve district change yes ->Mysuru@pds| 218 - F14163 - FRice
[2026-01-27 13:21:08] district User -> Save Data | approve district change yes ->Mysuru@pds| 218 - F14164 - FRice
[2026-01-27 13:21:19] district User -> Save Data | approve district change yes ->Mysuru@pds| 218 - F14165 - FRice
[2026-01-27 13:21:26] district User -> Save Data | approve district change yes ->Belagavi@pds| 45 - F03126 - FRice
[2026-01-27 13:21:34] district User -> Save Data | approve district change yes ->Mysuru@pds| 218 - F14168 - FRice
[2026-01-27 13:21:46] district User -> Save Data | approve district change yes ->Mysuru@pds| 218 - F14169 - FRice
[2026-01-27 13:21:59] district User -> Save Data | approve district change yes ->Mysuru@pds| 218 - F14170 - FRice
[2026-01-27 13:22:11] district User -> Save Data | approve district change yes ->Mysuru@pds| 218 - F14173 - FRice
[2026-01-27 13:22:12] User -> Save Data | district user change id ->shivamogga@pds| 244 - F16420 - FRice| 238
[2026-01-27 13:22:27] district User -> Save Data | approve district change yes ->Mysuru@pds| 218 - F14175 - FRice
[2026-01-27 13:22:38] district User -> Save Data | approve district change yes ->Mysuru@pds| 218 - F14176 - FRice
[2026-01-27 13:22:49] district User -> Save Data | approve district change yes ->Mysuru@pds| 218 - F14181 - FRice
[2026-01-27 13:23:06] district User -> Save Data | approve district change yes ->Belagavi@pds| 45 - F03185 - FRice
[2026-01-27 13:23:24] User -> Save Data | district user change id ->shivamogga@pds| 244 - F16415 - FRice| 238
[2026-01-27 13:23:29] district User -> Save Data | approve district change yes ->Belagavi@pds| 45 - F03129 - FRice
[2026-01-27 13:23:32] User -> Save Data | district user change id ->Mysuru@pds| 218 - F14184 - FRice| 229
[2026-01-27 13:23:45] district User -> Save Data | approve district change yes ->Belagavi@pds| 45 - F03130 - FRice
[2026-01-27 13:23:53] User -> Save Data | district user change id ->Mysuru@pds| 218 - F14186 - FRice| 229
[2026-01-27 13:24:04] district User -> Save Data | approve district change yes ->Belagavi@pds| 45 - F03186 - FRice
[2026-01-27 13:24:06] district User -> Save Data | approve district change yes ->Mysuru@pds| 218 - F14188 - FRice
[2026-01-27 13:24:17] district User -> Save Data | approve district change yes ->Belagavi@pds| 32 - F03183 - FRice
[2026-01-27 13:24:17] district User -> Save Data | approve district change yes ->Belagavi@pds| 45 - F03122 - FRice
[2026-01-27 13:24:17] district User -> Save Data | approve district change yes ->Belagavi@pds| 45 - F03126 - FRice
[2026-01-27 13:24:17] district User -> Save Data | approve district change yes ->Belagavi@pds| 45 - F03185 - FRice
[2026-01-27 13:24:17] district User -> Save Data | approve district change yes ->Belagavi@pds| 45 - F03129 - FRice
[2026-01-27 13:24:17] district User -> Save Data | approve district change yes ->Belagavi@pds| 45 - F03130 - FRice
[2026-01-27 13:24:17] district User -> Save Data | approve district change yes ->Belagavi@pds| 45 - F03186 - FRice
[2026-01-27 13:24:28] User -> Save Data | district user change id ->shivamogga@pds| 244 - F16407 - FRice| 238
[2026-01-27 13:24:36] district User -> Save Data | approve district change yes ->Mysuru@pds| 218 - F14743 - FRice
[2026-01-27 13:25:02] User -> Save Data | district user change id ->Mysuru@pds| 218 - F14753 - FRice| 229
[2026-01-27 13:25:13] User -> Save Data | district user change id ->shivamogga@pds| 244 - F16406 - FRice| 238
[2026-01-27 13:25:25] User -> Save Data | district user change id ->Mysuru@pds| 218 - F14754 - FRice| 229
[2026-01-27 13:25:39] district User -> Save Data | approve district change yes ->Belagavi@pds| 45 - F03187 - FRice
[2026-01-27 13:25:39] district User -> Save Data | approve district change yes ->Belagavi@pds| 45 - F03188 - FRice
[2026-01-27 13:25:39] district User -> Save Data | approve district change yes ->Belagavi@pds| 45 - F03189 - FRice
[2026-01-27 13:25:39] district User -> Save Data | approve district change yes ->Belagavi@pds| 45 - F03131 - FRice
[2026-01-27 13:25:39] district User -> Save Data | approve district change yes ->Belagavi@pds| 32 - F03190 - FRice
[2026-01-27 13:25:46] User -> Save Data | district user change id ->Mysuru@pds| 218 - F14755 - FRice| 229
[2026-01-27 13:26:05] User -> Save Data | district user change id ->Mysuru@pds| 218 - F14756 - FRice| 229
[2026-01-27 13:26:25] User -> Save Data | district user change id ->Mysuru@pds| 218 - F14757 - FRice| 229
[2026-01-27 13:26:51] User -> Save Data | district user change id ->Mysuru@pds| 218 - F14758 - FRice| 229
[2026-01-27 13:27:18] User -> Save Data | district user change id ->Mysuru@pds| 218 - F14764 - FRice| 229
[2026-01-27 13:27:40] User -> Save Data | district user change id ->Mysuru@pds| 218 - F14765 - FRice| 229
[2026-01-27 13:27:59] User -> Save Data | district user change id ->Mysuru@pds| 218 - F14766 - FRice| 229
[2026-01-27 13:28:17] User -> Save Data | district user change id ->Mysuru@pds| 218 - F14767 - FRice| 229
[2026-01-27 13:28:44] User -> Save Data | district user change id ->Mysuru@pds| 218 - F14768 - FRice| 229
[2026-01-27 13:28:59] district User -> Save Data | approve district change yes ->Belagavi@pds| 45 - F03191 - FRice
[2026-01-27 13:28:59] district User -> Save Data | approve district change yes ->Belagavi@pds| 45 - F03192 - FRice
[2026-01-27 13:28:59] district User -> Save Data | approve district change yes ->Belagavi@pds| 45 - F03135 - FRice
[2026-01-27 13:28:59] district User -> Save Data | approve district change yes ->Belagavi@pds| 45 - F03136 - FRice
[2026-01-27 13:28:59] district User -> Save Data | approve district change yes ->Belagavi@pds| 45 - F03137 - FRice
[2026-01-27 13:28:59] district User -> Save Data | approve district change yes ->Belagavi@pds| 45 - F03138 - FRice
[2026-01-27 13:28:59] district User -> Save Data | approve district change yes ->Belagavi@pds| 45 - F03140 - FRice
[2026-01-27 13:28:59] district User -> Save Data | approve district change yes ->Belagavi@pds| 45 - F03141 - FRice
[2026-01-27 13:28:59] district User -> Save Data | approve district change yes ->Belagavi@pds| 45 - F03142 - FRice
[2026-01-27 13:28:59] district User -> Save Data | approve district change yes ->Belagavi@pds| 45 - F03144 - FRice
[2026-01-27 13:28:59] district User -> Save Data | approve district change yes ->Belagavi@pds| 45 - F03145 - FRice
[2026-01-27 13:28:59] district User -> Save Data | approve district change yes ->Belagavi@pds| 45 - F03146 - FRice
[2026-01-27 13:28:59] district User -> Save Data | approve district change yes ->Belagavi@pds| 45 - F03147 - FRice
[2026-01-27 13:29:10] User -> Save Data | district user change id ->Mysuru@pds| 218 - F14770 - FRice| 229
[2026-01-27 13:29:34] User -> Save Data | district user change id ->Mysuru@pds| 218 - F14778 - FRice| 229
[2026-01-27 13:29:52] User -> Save Data | district user change id ->Mysuru@pds| 218 - F14779 - FRice| 229
[2026-01-27 13:30:15] User -> Save Data | district user change id ->Mysuru@pds| 218 - F14781 - FRice| 229
[2026-01-27 13:30:35] User -> Save Data | district user change id ->Mysuru@pds| 218 - F14782 - FRice| 229
[2026-01-27 13:30:52] district User -> Save Data | approve district change yes ->Belagavi@pds| 45 - F03148 - FRice
[2026-01-27 13:30:52] district User -> Save Data | approve district change yes ->Belagavi@pds| 45 - F03149 - FRice
[2026-01-27 13:30:52] district User -> Save Data | approve district change yes ->Belagavi@pds| 45 - F03150 - FRice
[2026-01-27 13:30:52] district User -> Save Data | approve district change yes ->Belagavi@pds| 45 - F03151 - FRice
[2026-01-27 13:30:52] district User -> Save Data | approve district change yes ->Belagavi@pds| 45 - F03152 - FRice
[2026-01-27 13:30:52] district User -> Save Data | approve district change yes ->Belagavi@pds| 45 - F03153 - FRice
[2026-01-27 13:30:52] district User -> Save Data | approve district change yes ->Belagavi@pds| 45 - F03154 - FRice
[2026-01-27 13:30:52] district User -> Save Data | approve district change yes ->Belagavi@pds| 45 - F03155 - FRice
[2026-01-27 13:30:52] district User -> Save Data | approve district change yes ->Belagavi@pds| 45 - F03156 - FRice
[2026-01-27 13:30:52] district User -> Save Data | approve district change yes ->Belagavi@pds| 45 - F03157 - FRice
[2026-01-27 13:30:52] district User -> Save Data | approve district change yes ->Belagavi@pds| 45 - F03158 - FRice
[2026-01-27 13:30:52] district User -> Save Data | approve district change yes ->Belagavi@pds| 45 - F03160 - FRice
[2026-01-27 13:30:52] district User -> Save Data | approve district change yes ->Belagavi@pds| 45 - F03161 - FRice
[2026-01-27 13:30:52] district User -> Save Data | approve district change yes ->Belagavi@pds| 45 - F03162 - FRice
[2026-01-27 13:31:01] User -> Save Data | district user change id ->Mysuru@pds| 218 - F14783 - FRice| 229
[2026-01-27 13:31:24] User -> Save Data | district user change id ->Mysuru@pds| 218 - F14784 - FRice| 229
[2026-01-27 13:31:44] User -> Save Data | district user change id ->Mysuru@pds| 218 - F14785 - FRice| 229
[2026-01-27 13:32:14] User -> Save Data | district user change id ->Mysuru@pds| 218 - F14787 - FRice| 229
[2026-01-27 13:33:50] User -> Save Data | district user change id ->Mysuru@pds| 219 - F14192 - FRice| 221
[2026-01-27 13:34:14] User -> Save Data | district user change id ->Mysuru@pds| 219 - F14198 - FRice| 221
[2026-01-27 13:34:33] district User -> Save Data | approve district change yes ->Belagavi@pds| 45 - F03163 - FRice
[2026-01-27 13:34:33] district User -> Save Data | approve district change yes ->Belagavi@pds| 45 - F03164 - FRice
[2026-01-27 13:34:33] district User -> Save Data | approve district change yes ->Belagavi@pds| 45 - F03165 - FRice
[2026-01-27 13:34:33] district User -> Save Data | approve district change yes ->Belagavi@pds| 45 - F03166 - FRice
[2026-01-27 13:34:33] district User -> Save Data | approve district change yes ->Belagavi@pds| 45 - F03168 - FRice
[2026-01-27 13:34:33] district User -> Save Data | approve district change yes ->Belagavi@pds| 45 - F03169 - FRice
[2026-01-27 13:34:33] district User -> Save Data | approve district change yes ->Belagavi@pds| 45 - F03170 - FRice
[2026-01-27 13:34:33] district User -> Save Data | approve district change yes ->Belagavi@pds| 45 - F03171 - FRice
[2026-01-27 13:34:33] district User -> Save Data | approve district change yes ->Belagavi@pds| 45 - F03172 - FRice
[2026-01-27 13:34:33] district User -> Save Data | approve district change yes ->Belagavi@pds| 45 - F03173 - FRice
[2026-01-27 13:34:33] district User -> Save Data | approve district change yes ->Belagavi@pds| 45 - F03174 - FRice
[2026-01-27 13:34:40] User -> Save Data | district user change id ->Mysuru@pds| 219 - F14199 - FRice| 221
[2026-01-27 13:35:02] User -> Save Data | district user change id ->Mysuru@pds| 219 - F14201 - FRice| 221
[2026-01-27 13:35:24] User -> Save Data | district user change id ->Mysuru@pds| 219 - F14202 - FRice| 221
[2026-01-27 13:35:45] User -> Save Data | district user change id ->Mysuru@pds| 219 - F14208 - FRice| 221
[2026-01-27 13:36:10] User -> Save Data | district user change id ->Mysuru@pds| 219 - F14212 - FRice| 221
[2026-01-27 13:36:31] User -> Save Data | district user change id ->Mysuru@pds| 219 - F14213 - FRice| 221
[2026-01-27 13:36:51] User -> Save Data | district user change id ->Mysuru@pds| 219 - F14228 - FRice| 221
[2026-01-27 13:37:11] User -> Save Data | district user change id ->Mysuru@pds| 219 - F14231 - FRice| 221
[2026-01-27 13:37:31] User -> Save Data | district user change id ->Mysuru@pds| 219 - F14232 - FRice| 221
[2026-01-27 13:37:56] User -> Save Data | district user change id ->Mysuru@pds| 219 - F14236 - FRice| 221
[2026-01-27 13:38:17] User -> Save Data | district user change id ->Mysuru@pds| 219 - F14238 - FRice| 221
[2026-01-27 13:38:21] district User -> Save Data | approve district change yes ->Belagavi@pds| 45 - F03176 - FRice
[2026-01-27 13:38:21] district User -> Save Data | approve district change yes ->Belagavi@pds| 45 - F03177 - FRice
[2026-01-27 13:38:21] district User -> Save Data | approve district change yes ->Belagavi@pds| 32 - F03179 - FRice
[2026-01-27 13:38:21] district User -> Save Data | approve district change yes ->Belagavi@pds| 45 - F03180 - FRice
[2026-01-27 13:38:21] district User -> Save Data | approve district change yes ->Belagavi@pds| 45 - F03182 - FRice
[2026-01-27 13:38:21] district User -> Save Data | approve district change yes ->Belagavi@pds| 45 - F03108 - FRice
[2026-01-27 13:38:21] district User -> Save Data | approve district change yes ->Belagavi@pds| 45 - F03111 - FRice
[2026-01-27 13:38:21] district User -> Save Data | approve district change yes ->Belagavi@pds| 45 - F03114 - FRice
[2026-01-27 13:38:40] User -> Save Data | district user change id ->Mysuru@pds| 219 - F14241 - FRice| 221
[2026-01-27 13:39:11] User -> Save Data | district user change id ->Mysuru@pds| 219 - F14242 - FRice| 221
[2026-01-27 13:39:32] User -> Save Data | district user change id ->Mysuru@pds| 219 - F14243 - FRice| 221
[2026-01-27 13:39:52] User -> Save Data | district user change id ->Mysuru@pds| 219 - F14244 - FRice| 221
[2026-01-27 13:40:11] User -> Save Data | district user change id ->Mysuru@pds| 219 - F14245 - FRice| 221
[2026-01-27 13:40:33] User -> Save Data | district user change id ->Mysuru@pds| 219 - F14246 - FRice| 221
[2026-01-27 13:40:53] User -> Save Data | district user change id ->Mysuru@pds| 219 - F14247 - FRice| 221
[2026-01-27 13:40:54] district User -> Save Data | approve district change yes ->Belagavi@pds| 45 - F03120 - FRice
[2026-01-27 13:40:54] district User -> Save Data | approve district change yes ->Belagavi@pds| 45 - F03193 - FRice
[2026-01-27 13:40:54] district User -> Save Data | approve district change yes ->Belagavi@pds| 45 - F03194 - FRice
[2026-01-27 13:40:55] district User -> Save Data | approve district change yes ->Belagavi@pds| 45 - F03195 - FRice
[2026-01-27 13:40:55] district User -> Save Data | approve district change yes ->Belagavi@pds| 45 - F03197 - FRice
[2026-01-27 13:40:55] district User -> Save Data | approve district change yes ->Belagavi@pds| 45 - F03198 - FRice
[2026-01-27 13:40:55] district User -> Save Data | approve district change yes ->Belagavi@pds| 45 - F03199 - FRice
[2026-01-27 13:41:24] User -> Save Data | district user change id ->Mysuru@pds| 219 - F14250 - FRice| 221
[2026-01-27 13:41:43] User -> Save Data | district user change id ->Mysuru@pds| 219 - F14251 - FRice| 221
[2026-01-27 13:42:04] User -> Save Data | district user change id ->Mysuru@pds| 219 - F14252 - FRice| 221
[2026-01-27 13:42:22] User -> Save Data | district user change id ->Mysuru@pds| 219 - F14253 - FRice| 221
[2026-01-27 13:42:42] User -> Save Data | district user change id ->Mysuru@pds| 219 - F14254 - FRice| 221
[2026-01-27 13:43:03] User -> Save Data | district user change id ->Mysuru@pds| 219 - F14255 - FRice| 221
[2026-01-27 13:43:21] User -> Save Data | district user change id ->Mysuru@pds| 219 - F14256 - FRice| 221
[2026-01-27 13:43:39] User -> Save Data | district user change id ->Mysuru@pds| 219 - F14257 - FRice| 221
[2026-01-27 13:43:57] User -> Save Data | district user change id ->Mysuru@pds| 219 - F14258 - FRice| 221
[2026-01-27 13:44:22] User -> Save Data | district user change id ->Mysuru@pds| 219 - F14259 - FRice| 221
[2026-01-27 13:44:44] User -> Save Data | district user change id ->Mysuru@pds| 219 - F14260 - FRice| 221
[2026-01-27 13:45:01] User -> Save Data | district user change id ->Mysuru@pds| 219 - F14263 - FRice| 221
[2026-01-27 13:45:18] User -> Save Data | district user change id ->Mysuru@pds| 219 - F14276 - FRice| 221
[2026-01-27 13:45:40] User -> Save Data | district user change id ->Mysuru@pds| 219 - F14278 - FRice| 221
[2026-01-27 13:46:03] User -> Save Data | district user change id ->Mysuru@pds| 219 - F14280 - FRice| 221
[2026-01-27 13:46:38] User -> Save Data | district user change id ->Mysuru@pds| 219 - F14281 - FRice| 221
[2026-01-27 13:46:57] User -> Save Data | district user change id ->Mysuru@pds| 219 - F14282 - FRice| 221
[2026-01-27 13:47:17] User -> Save Data | district user change id ->Mysuru@pds| 219 - F14285 - FRice| 221
[2026-01-27 13:47:36] User -> Save Data | district user change id ->Mysuru@pds| 219 - F14299 - FRice| 221
[2026-01-27 13:47:54] User -> Save Data | district user change id ->Mysuru@pds| 219 - F14300 - FRice| 221
[2026-01-27 13:48:13] User -> Save Data | district user change id ->Mysuru@pds| 219 - F14301 - FRice| 221
[2026-01-27 13:48:32] User -> Save Data | district user change id ->Mysuru@pds| 219 - F14305 - FRice| 221
[2026-01-27 13:48:56] User -> Save Data | district user change id ->Mysuru@pds| 219 - F14320 - FRice| 221
[2026-01-27 13:49:18] User -> Save Data | district user change id ->Mysuru@pds| 219 - F14321 - FRice| 221
[2026-01-27 13:49:38] User -> Save Data | district user change id ->Mysuru@pds| 219 - F14328 - FRice| 221
[2026-01-27 13:49:58] User -> Save Data | district user change id ->Mysuru@pds| 219 - F14329 - FRice| 221
[2026-01-27 13:50:18] User -> Save Data | district user change id ->Mysuru@pds| 219 - F14332 - FRice| 221
[2026-01-27 13:50:39] User -> Save Data | district user change id ->Mysuru@pds| 219 - F14335 - FRice| 221
[2026-01-27 13:50:59] User -> Save Data | district user change id ->Mysuru@pds| 219 - F14337 - FRice| 221
[2026-01-27 13:51:30] User -> Save Data | district user change id ->Mysuru@pds| 219 - F14339 - FRice| 221
[2026-01-27 13:51:43] district User -> Save Data | approve district change yes ->Mysuru@pds| 219 - F14343 - FRice
[2026-01-27 13:52:08] User -> Save Data | district user change id ->Mysuru@pds| 219 - F14345 - FRice| 221
[2026-01-27 13:52:26] User -> Save Data | district user change id ->Mysuru@pds| 219 - F14347 - FRice| 221
[2026-01-27 13:52:47] User -> Save Data | district user change id ->Mysuru@pds| 219 - F14349 - FRice| 221
[2026-01-27 13:53:06] User -> Save Data | district user change id ->Mysuru@pds| 219 - F14350 - FRice| 221
[2026-01-27 13:53:25] User -> Save Data | district user change id ->Mysuru@pds| 219 - F14351 - FRice| 221
[2026-01-27 13:53:46] User -> Save Data | district user change id ->Mysuru@pds| 219 - F14352 - FRice| 221
[2026-01-27 13:54:07] User -> Save Data | district user change id ->Mysuru@pds| 219 - F14354 - FRice| 221
[2026-01-27 13:54:25] User -> Save Data | district user change id ->Mysuru@pds| 219 - F14355 - FRice| 221
[2026-01-27 13:54:50] User -> Save Data | district user change id ->Mysuru@pds| 219 - F14357 - FRice| 221
[2026-01-27 13:55:11] User -> Save Data | district user change id ->Mysuru@pds| 219 - F14358 - FRice| 221
[2026-01-27 13:55:40] User -> Save Data | district user change id ->Mysuru@pds| 219 - F14361 - FRice| 221
[2026-01-27 13:56:00] User -> Save Data | district user change id ->Mysuru@pds| 219 - F14363 - FRice| 221
[2026-01-27 13:56:22] User -> Save Data | district user change id ->Mysuru@pds| 219 - F14364 - FRice| 221
[2026-01-27 13:56:42] User -> Save Data | district user change id ->Mysuru@pds| 219 - F14366 - FRice| 221
[2026-01-27 13:57:00] User -> Save Data | district user change id ->Mysuru@pds| 219 - F14367 - FRice| 221
[2026-01-27 13:57:20] User -> Save Data | district user change id ->Mysuru@pds| 219 - F14369 - FRice| 221
[2026-01-27 13:57:43] User -> Save Data | district user change id ->Mysuru@pds| 219 - F14370 - FRice| 221
[2026-01-27 13:58:03] User -> Save Data | district user change id ->Mysuru@pds| 219 - F14371 - FRice| 221
[2026-01-27 13:58:28] User -> Save Data | district user change id ->Mysuru@pds| 219 - F14374 - FRice| 221
[2026-01-27 13:58:49] User -> Save Data | district user change id ->Mysuru@pds| 219 - F14375 - FRice| 221
[2026-01-27 13:59:07] User -> Save Data | district user change id ->Mysuru@pds| 219 - F14376 - FRice| 221
[2026-01-27 13:59:28] User -> Save Data | district user change id ->Mysuru@pds| 219 - F14378 - FRice| 221
[2026-01-27 13:59:47] User -> Save Data | district user change id ->Mysuru@pds| 219 - F14379 - FRice| 221
[2026-01-27 14:00:08] User -> Save Data | district user change id ->Mysuru@pds| 219 - F14382 - FRice| 221
[2026-01-27 14:00:28] User -> Save Data | district user change id ->Mysuru@pds| 219 - F14384 - FRice| 221
[2026-01-27 14:00:48] User -> Save Data | district user change id ->Mysuru@pds| 219 - F14385 - FRice| 221
[2026-01-27 14:01:18] User -> Save Data | district user change id ->Mysuru@pds| 219 - F14386 - FRice| 221
[2026-01-27 14:01:39] User -> Save Data | district user change id ->Mysuru@pds| 219 - F14388 - FRice| 221
[2026-01-27 14:02:00] User -> Save Data | district user change id ->Mysuru@pds| 219 - F14390 - FRice| 221
[2026-01-27 14:02:19] User -> Save Data | district user change id ->Mysuru@pds| 219 - F14391 - FRice| 221
[2026-01-27 14:02:37] User -> Save Data | district user change id ->Mysuru@pds| 219 - F14392 - FRice| 221
[2026-01-27 14:02:52] district User -> Save Data | approve district change yes ->Mysuru@pds| 219 - F14397 - FRice
[2026-01-27 14:03:09] district User -> Save Data | approve district change yes ->Mysuru@pds| 219 - F14398 - FRice
[2026-01-27 14:03:22] district User -> Save Data | approve district change yes ->Mysuru@pds| 219 - F14400 - FRice
[2026-01-27 14:03:34] district User -> Save Data | approve district change yes ->Mysuru@pds| 219 - F14492 - FRice
[2026-01-27 14:03:45] district User -> Save Data | approve district change yes ->Mysuru@pds| 219 - F14493 - FRice
[2026-01-27 14:03:55] district User -> Save Data | approve district change yes ->Mysuru@pds| 219 - F14494 - FRice
[2026-01-27 14:04:16] User -> Save Data | district user change id ->Mysuru@pds| 219 - F14506 - FRice| 221
[2026-01-27 14:04:35] User -> Save Data | district user change id ->Mysuru@pds| 219 - F14507 - FRice| 221
[2026-01-27 14:10:51] district User -> Save Data | approve district change yes ->Mysuru@pds| 220 - F13996 - FRice
[2026-01-27 14:11:04] district User -> Save Data | approve district change yes ->Mysuru@pds| 220 - F13997 - FRice
[2026-01-27 14:11:19] district User -> Save Data | approve district change yes ->Mysuru@pds| 220 - F13998 - FRice
[2026-01-27 14:13:12] district User -> Save Data | approve district change yes ->Mysuru@pds| 220 - F14000 - FRice
[2026-01-27 14:14:08] User -> Save Data | district user change id ->Mysuru@pds| 220 - F14210 - FRice| 222
[2026-01-27 14:14:29] User -> Save Data | district user change id ->Mysuru@pds| 220 - F14211 - FRice| 222
[2026-01-27 14:14:51] User -> Save Data | district user change id ->Mysuru@pds| 220 - F14214 - FRice| 222
[2026-01-27 14:15:12] User -> Save Data | district user change id ->Mysuru@pds| 220 - F14216 - FRice| 222
[2026-01-27 14:15:29] User -> Save Data | district user change id ->Mysuru@pds| 220 - F14217 - FRice| 222
[2026-01-27 14:15:50] User -> Save Data | district user change id ->Mysuru@pds| 220 - F14218 - FRice| 222
[2026-01-27 14:16:07] User -> Save Data | district user change id ->Mysuru@pds| 220 - F14219 - FRice| 222
[2026-01-27 14:16:25] User -> Save Data | district user change id ->Mysuru@pds| 220 - F14220 - FRice| 222
[2026-01-27 14:16:45] User -> Save Data | district user change id ->Mysuru@pds| 220 - F14221 - FRice| 222
[2026-01-27 14:17:03] User -> Save Data | district user change id ->Mysuru@pds| 220 - F14222 - FRice| 222
[2026-01-27 14:17:21] User -> Save Data | district user change id ->Mysuru@pds| 220 - F14223 - FRice| 222
[2026-01-27 14:17:42] User -> Save Data | district user change id ->Mysuru@pds| 220 - F14225 - FRice| 222
[2026-01-27 14:18:04] User -> Save Data | district user change id ->Mysuru@pds| 220 - F14226 - FRice| 222
[2026-01-27 14:18:23] User -> Save Data | district user change id ->Mysuru@pds| 220 - F14227 - FRice| 222
[2026-01-27 14:18:45] User -> Save Data | district user change id ->Mysuru@pds| 220 - F14229 - FRice| 222
[2026-01-27 14:19:02] User -> Save Data | district user change id ->Mysuru@pds| 220 - F14264 - FRice| 222
[2026-01-27 14:19:21] User -> Save Data | district user change id ->Mysuru@pds| 220 - F14267 - FRice| 222
[2026-01-27 14:19:51] User -> Save Data | district user change id ->Mysuru@pds| 220 - F14268 - FRice| 222
[2026-01-27 14:20:09] User -> Save Data | district user change id ->Mysuru@pds| 220 - F14269 - FRice| 222
[2026-01-27 14:20:27] User -> Save Data | district user change id ->Mysuru@pds| 220 - F14270 - FRice| 222
[2026-01-27 14:20:46] User -> Save Data | district user change id ->Mysuru@pds| 220 - F14271 - FRice| 222
[2026-01-27 14:21:11] User -> Save Data | district user change id ->Mysuru@pds| 220 - F14272 - FRice| 222
[2026-01-27 14:21:36] User -> Save Data | district user change id ->Mysuru@pds| 220 - F14274 - FRice| 222
[2026-01-27 14:21:58] User -> Save Data | district user change id ->Mysuru@pds| 220 - F14275 - FRice| 222
[2026-01-27 14:22:22] User -> Save Data | district user change id ->Mysuru@pds| 220 - F14283 - FRice| 222
[2026-01-27 14:22:44] User -> Save Data | district user change id ->Mysuru@pds| 220 - F14288 - FRice| 222
[2026-01-27 14:23:02] User -> Save Data | district user change id ->Mysuru@pds| 220 - F14289 - FRice| 222
[2026-01-27 14:23:21] User -> Save Data | district user change id ->Mysuru@pds| 220 - F14290 - FRice| 222
[2026-01-27 14:23:40] User -> Save Data | district user change id ->Mysuru@pds| 220 - F14291 - FRice| 222
[2026-01-27 14:24:00] User -> Save Data | district user change id ->Mysuru@pds| 220 - F14293 - FRice| 222
[2026-01-27 14:24:23] User -> Save Data | district user change id ->Mysuru@pds| 220 - F14294 - FRice| 222
[2026-01-27 14:51:12] User -> Save Data | district user change id ->Mysuru@pds| 220 - F14295 - FRice| 222
[2026-01-27 14:51:37] User -> Save Data | district user change id ->Mysuru@pds| 220 - F14296 - FRice| 222
[2026-01-27 14:51:56] User -> Save Data | district user change id ->Mysuru@pds| 220 - F14297 - FRice| 222
[2026-01-27 14:52:26] User -> Save Data | district user change id ->Mysuru@pds| 220 - F14309 - FRice| 222
[2026-01-27 14:52:47] User -> Save Data | district user change id ->Mysuru@pds| 220 - F14317 - FRice| 222
[2026-01-27 14:53:10] User -> Save Data | district user change id ->Mysuru@pds| 220 - F14322 - FRice| 222
[2026-01-27 14:53:33] User -> Save Data | district user change id ->Mysuru@pds| 220 - F14323 - FRice| 222
[2026-01-27 14:53:54] User -> Save Data | district user change id ->Mysuru@pds| 220 - F14327 - FRice| 222
[2026-01-27 14:54:43] User -> Save Data | district user change id ->Mysuru@pds| 220 - F14330 - FRice| 222
[2026-01-27 14:55:04] User -> Save Data | district user change id ->Mysuru@pds| 220 - F14331 - FRice| 222
[2026-01-27 14:55:27] User -> Save Data | district user change id ->Mysuru@pds| 220 - F14387 - FRice| 222
[2026-01-27 14:55:41] district User -> Save Data | approve district change yes ->Mysuru@pds| 220 - F14432 - FRice
[2026-01-27 14:55:57] district User -> Save Data | approve district change yes ->Mysuru@pds| 220 - F14441 - FRice
[2026-01-27 14:56:10] district User -> Save Data | approve district change yes ->Mysuru@pds| 220 - F14461 - FRice
[2026-01-27 14:56:21] district User -> Save Data | approve district change yes ->Mysuru@pds| 220 - F14462 - FRice
[2026-01-27 14:56:33] district User -> Save Data | approve district change yes ->Mysuru@pds| 220 - F14463 - FRice
[2026-01-27 14:56:47] district User -> Save Data | approve district change yes ->Mysuru@pds| 220 - F14464 - FRice
[2026-01-27 14:56:59] district User -> Save Data | approve district change yes ->Mysuru@pds| 220 - F14465 - FRice
[2026-01-27 14:57:13] district User -> Save Data | approve district change yes ->Mysuru@pds| 220 - F14466 - FRice
[2026-01-27 14:57:27] district User -> Save Data | approve district change yes ->Mysuru@pds| 220 - F14467 - FRice
[2026-01-27 14:57:38] district User -> Save Data | approve district change yes ->Mysuru@pds| 220 - F14474 - FRice
[2026-01-27 14:57:53] district User -> Save Data | approve district change yes ->Mysuru@pds| 220 - F14475 - FRice
[2026-01-27 14:58:24] User -> Save Data | district user change id ->Mysuru@pds| 220 - F14476 - FRice| 222
[2026-01-27 14:58:42] district User -> Save Data | approve district change yes ->Mysuru@pds| 220 - F14480 - FRice
[2026-01-27 14:58:54] district User -> Save Data | approve district change yes ->Mysuru@pds| 220 - F14483 - FRice
[2026-01-27 14:59:08] district User -> Save Data | approve district change yes ->Mysuru@pds| 220 - F14485 - FRice
[2026-01-27 14:59:20] district User -> Save Data | approve district change yes ->Mysuru@pds| 220 - F14491 - FRice
[2026-01-27 15:00:17] User -> Save Data | district user change id ->Mysuru@pds| 220 - F14600 - FRice| 223
[2026-01-27 15:01:10] User -> Save Data | district user change id ->Mysuru@pds| 220 - F14731 - FRice| 225
[2026-01-27 15:01:56] district User -> Save Data | approve district change yes ->Mysuru@pds| 221 - F13999 - FRice
[2026-01-27 15:02:50] User -> Save Data | district user change id ->Mysuru@pds| 221 - F14052 - FRice| 215
[2026-01-27 15:03:13] User -> Save Data | district user change id ->Mysuru@pds| 221 - F14053 - FRice| 215
[2026-01-27 15:03:55] district User -> Save Data | approve district change yes ->Mysuru@pds| 221 - F14193 - FRice
[2026-01-27 15:05:06] User -> Save Data | district user change id ->Mysuru@pds| 221 - F14194 - FRice| 222
[2026-01-27 15:05:47] district User -> Save Data | approve district change yes ->Mysuru@pds| 221 - F14195 - FRice
[2026-01-27 15:06:06] district User -> Save Data | approve district change yes ->Mysuru@pds| 221 - F14196 - FRice
[2026-01-27 15:06:19] district User -> Save Data | approve district change yes ->Mysuru@pds| 221 - F14200 - FRice
[2026-01-27 15:06:34] district User -> Save Data | approve district change yes ->Mysuru@pds| 221 - F14203 - FRice
[2026-01-27 15:06:46] district User -> Save Data | approve district change yes ->Mysuru@pds| 221 - F14204 - FRice
[2026-01-27 15:07:00] district User -> Save Data | approve district change yes ->Mysuru@pds| 221 - F14205 - FRice
[2026-01-27 15:07:15] district User -> Save Data | approve district change yes ->Mysuru@pds| 221 - F14206 - FRice
[2026-01-27 15:07:27] district User -> Save Data | approve district change yes ->Mysuru@pds| 221 - F14207 - FRice
[2026-01-27 15:07:38] district User -> Save Data | approve district change yes ->Mysuru@pds| 221 - F14209 - FRice
[2026-01-27 15:08:07] User -> Save Data | district user change id ->Mysuru@pds| 221 - F14261 - FRice| 222
[2026-01-27 15:08:27] User -> Save Data | district user change id ->Mysuru@pds| 221 - F14262 - FRice| 222
[2026-01-27 15:08:47] User -> Save Data | district user change id ->Mysuru@pds| 221 - F14279 - FRice| 222
[2026-01-27 15:09:29] User -> Save Data | district user change id ->Mysuru@pds| 221 - F14399 - FRice| 219
[2026-01-27 15:10:05] User -> Save Data | district user change id ->Mysuru@pds| 221 - F14402 - FRice| 219
[2026-01-27 15:10:31] User -> Save Data | district user change id ->Mysuru@pds| 221 - F14403 - FRice| 219
[2026-01-27 15:13:28] User -> Save Data | district user change id ->Mysuru@pds| 221 - F14407 - FRice| 219
[2026-01-27 15:13:45] User -> Save Data | district user change id ->Mysuru@pds| 221 - F14408 - FRice| 219
[2026-01-27 15:14:05] User -> Save Data | district user change id ->Mysuru@pds| 221 - F14412 - FRice| 219
[2026-01-27 15:14:22] User -> Save Data | district user change id ->Mysuru@pds| 221 - F14413 - FRice| 219
[2026-01-27 15:14:56] User -> Save Data | district user change id ->Mysuru@pds| 221 - F14414 - FRice| 219
[2026-01-27 15:15:22] User -> Save Data | district user change id ->Mysuru@pds| 221 - F14415 - FRice| 219
[2026-01-27 15:15:44] User -> Save Data | district user change id ->Mysuru@pds| 221 - F14439 - FRice| 219
[2026-01-27 15:16:02] User -> Save Data | district user change id ->Mysuru@pds| 221 - F14440 - FRice| 219
[2026-01-27 15:16:26] User -> Save Data | district user change id ->Mysuru@pds| 221 - F14470 - FRice| 219
[2026-01-27 15:16:46] User -> Save Data | district user change id ->Mysuru@pds| 221 - F14472 - FRice| 219
[2026-01-27 15:17:15] User -> Save Data | district user change id ->Mysuru@pds| 221 - F14473 - FRice| 219
[2026-01-27 15:17:32] User -> Save Data | district user change id ->Mysuru@pds| 221 - F14479 - FRice| 219
[2026-01-27 15:17:58] User -> Save Data | district user change id ->Mysuru@pds| 221 - F14486 - FRice| 219
[2026-01-27 15:18:23] User -> Save Data | district user change id ->Mysuru@pds| 221 - F14487 - FRice| 219
[2026-01-27 15:18:43] User -> Save Data | district user change id ->Mysuru@pds| 221 - F14488 - FRice| 219
[2026-01-27 15:19:08] User -> Save Data | district user change id ->Mysuru@pds| 221 - F14489 - FRice| 219
[2026-01-27 15:19:28] User -> Save Data | district user change id ->Mysuru@pds| 221 - F14490 - FRice| 219
[2026-01-27 15:19:52] User -> Save Data | district user change id ->Mysuru@pds| 221 - F14495 - FRice| 219
[2026-01-27 15:20:11] User -> Save Data | district user change id ->Mysuru@pds| 221 - F14496 - FRice| 219
[2026-01-27 15:20:38] User -> Save Data | district user change id ->Mysuru@pds| 221 - F14497 - FRice| 219
[2026-01-27 15:20:56] User -> Save Data | district user change id ->Mysuru@pds| 221 - F14498 - FRice| 219
[2026-01-27 15:21:14] User -> Save Data | district user change id ->Mysuru@pds| 221 - F14499 - FRice| 219
[2026-01-27 15:21:33] User -> Save Data | district user change id ->Mysuru@pds| 221 - F14500 - FRice| 219
[2026-01-27 15:21:53] User -> Save Data | district user change id ->Mysuru@pds| 221 - F14504 - FRice| 219
[2026-01-27 15:22:15] User -> Save Data | district user change id ->Mysuru@pds| 221 - F14508 - FRice| 219
[2026-01-27 15:22:34] User -> Save Data | district user change id ->Mysuru@pds| 221 - F14509 - FRice| 219
[2026-01-27 15:22:56] User -> Save Data | district user change id ->Mysuru@pds| 221 - F14510 - FRice| 219
[2026-01-27 15:23:17] User -> Save Data | district user change id ->Mysuru@pds| 221 - F14513 - FRice| 219
[2026-01-27 15:23:37] User -> Save Data | district user change id ->Mysuru@pds| 221 - F14515 - FRice| 219
[2026-01-27 15:23:44] district User -> Save Data | approve district change yes ->Mysuru@pds| 221 - F13999 - FRice
[2026-01-27 15:23:44] User -> Save Data | district user change id ->Mysuru@pds| 221 - F14052 - FRice| 215
[2026-01-27 15:23:44] User -> Save Data | district user change id ->Mysuru@pds| 221 - F14053 - FRice| 215
[2026-01-27 15:23:44] district User -> Save Data | approve district change yes ->Mysuru@pds| 221 - F14193 - FRice
[2026-01-27 15:23:44] User -> Save Data | district user change id ->Mysuru@pds| 221 - F14194 - FRice| 222
[2026-01-27 15:23:44] district User -> Save Data | approve district change yes ->Mysuru@pds| 221 - F14195 - FRice
[2026-01-27 15:23:44] district User -> Save Data | approve district change yes ->Mysuru@pds| 221 - F14196 - FRice
[2026-01-27 15:23:44] district User -> Save Data | approve district change yes ->Mysuru@pds| 221 - F14200 - FRice
[2026-01-27 15:23:44] district User -> Save Data | approve district change yes ->Mysuru@pds| 221 - F14203 - FRice
[2026-01-27 15:23:44] district User -> Save Data | approve district change yes ->Mysuru@pds| 221 - F14204 - FRice
[2026-01-27 15:23:44] district User -> Save Data | approve district change yes ->Mysuru@pds| 221 - F14205 - FRice
[2026-01-27 15:23:44] district User -> Save Data | approve district change yes ->Mysuru@pds| 221 - F14206 - FRice
[2026-01-27 15:23:44] district User -> Save Data | approve district change yes ->Mysuru@pds| 221 - F14207 - FRice
[2026-01-27 15:23:44] district User -> Save Data | approve district change yes ->Mysuru@pds| 221 - F14209 - FRice
[2026-01-27 15:23:44] User -> Save Data | district user change id ->Mysuru@pds| 221 - F14261 - FRice| 222
[2026-01-27 15:23:44] User -> Save Data | district user change id ->Mysuru@pds| 221 - F14262 - FRice| 222
[2026-01-27 15:23:44] User -> Save Data | district user change id ->Mysuru@pds| 221 - F14279 - FRice| 222
[2026-01-27 15:23:44] User -> Save Data | district user change id ->Mysuru@pds| 221 - F14399 - FRice| 219
[2026-01-27 15:23:44] User -> Save Data | district user change id ->Mysuru@pds| 221 - F14402 - FRice| 219
[2026-01-27 15:23:44] User -> Save Data | district user change id ->Mysuru@pds| 221 - F14403 - FRice| 219
[2026-01-27 15:23:44] User -> Save Data | district user change id ->Mysuru@pds| 221 - F14407 - FRice| 219
[2026-01-27 15:23:44] User -> Save Data | district user change id ->Mysuru@pds| 221 - F14408 - FRice| 219
[2026-01-27 15:23:44] User -> Save Data | district user change id ->Mysuru@pds| 221 - F14412 - FRice| 219
[2026-01-27 15:23:44] User -> Save Data | district user change id ->Mysuru@pds| 221 - F14413 - FRice| 219
[2026-01-27 15:23:44] User -> Save Data | district user change id ->Mysuru@pds| 221 - F14414 - FRice| 219
[2026-01-27 15:23:44] User -> Save Data | district user change id ->Mysuru@pds| 221 - F14415 - FRice| 219
[2026-01-27 15:23:44] User -> Save Data | district user change id ->Mysuru@pds| 221 - F14439 - FRice| 219
[2026-01-27 15:23:44] User -> Save Data | district user change id ->Mysuru@pds| 221 - F14440 - FRice| 219
[2026-01-27 15:23:44] User -> Save Data | district user change id ->Mysuru@pds| 221 - F14470 - FRice| 219
[2026-01-27 15:23:44] User -> Save Data | district user change id ->Mysuru@pds| 221 - F14472 - FRice| 219
[2026-01-27 15:23:44] User -> Save Data | district user change id ->Mysuru@pds| 221 - F14473 - FRice| 219
[2026-01-27 15:23:44] User -> Save Data | district user change id ->Mysuru@pds| 221 - F14479 - FRice| 219
[2026-01-27 15:23:44] User -> Save Data | district user change id ->Mysuru@pds| 221 - F14486 - FRice| 219
[2026-01-27 15:23:44] User -> Save Data | district user change id ->Mysuru@pds| 221 - F14487 - FRice| 219
[2026-01-27 15:23:44] User -> Save Data | district user change id ->Mysuru@pds| 221 - F14488 - FRice| 219
[2026-01-27 15:23:44] User -> Save Data | district user change id ->Mysuru@pds| 221 - F14489 - FRice| 219
[2026-01-27 15:23:44] User -> Save Data | district user change id ->Mysuru@pds| 221 - F14490 - FRice| 219
[2026-01-27 15:23:44] User -> Save Data | district user change id ->Mysuru@pds| 221 - F14495 - FRice| 219
[2026-01-27 15:23:44] User -> Save Data | district user change id ->Mysuru@pds| 221 - F14496 - FRice| 219
[2026-01-27 15:23:44] User -> Save Data | district user change id ->Mysuru@pds| 221 - F14497 - FRice| 219
[2026-01-27 15:23:44] User -> Save Data | district user change id ->Mysuru@pds| 221 - F14498 - FRice| 219
[2026-01-27 15:23:44] User -> Save Data | district user change id ->Mysuru@pds| 221 - F14499 - FRice| 219
[2026-01-27 15:23:44] User -> Save Data | district user change id ->Mysuru@pds| 221 - F14500 - FRice| 219
[2026-01-27 15:23:44] User -> Save Data | district user change id ->Mysuru@pds| 221 - F14504 - FRice| 219
[2026-01-27 15:23:44] User -> Save Data | district user change id ->Mysuru@pds| 221 - F14508 - FRice| 219
[2026-01-27 15:23:44] User -> Save Data | district user change id ->Mysuru@pds| 221 - F14509 - FRice| 219
[2026-01-27 15:23:44] User -> Save Data | district user change id ->Mysuru@pds| 221 - F14510 - FRice| 219
[2026-01-27 15:23:44] User -> Save Data | district user change id ->Mysuru@pds| 221 - F14513 - FRice| 219
[2026-01-27 15:23:44] User -> Save Data | district user change id ->Mysuru@pds| 221 - F14515 - FRice| 219
[2026-01-27 15:25:12] User -> Save Data | district user change id ->Mysuru@pds| 222 - F14514 - FRice| 220
[2026-01-27 15:25:32] User -> Save Data | district user change id ->Mysuru@pds| 222 - F14516 - FRice| 220
[2026-01-27 15:25:40] User -> Save Data | district user change id ->Mysuru@pds| 222 - F14514 - FRice| 220
[2026-01-27 15:25:40] User -> Save Data | district user change id ->Mysuru@pds| 222 - F14516 - FRice| 220
[2026-01-27 15:27:02] User -> Save Data | district user change id ->Mysuru@pds| 223 - F13990 - FRice| 214
[2026-01-27 15:28:16] User -> Save Data | district user change id ->Mysuru@pds| 223 - F14224 - FRice| 222
[2026-01-27 15:29:02] User -> Save Data | district user change id ->Mysuru@pds| 223 - F14421 - FRice| 220
[2026-01-27 15:29:27] User -> Save Data | district user change id ->Mysuru@pds| 223 - F14422 - FRice| 220
[2026-01-27 15:29:46] User -> Save Data | district user change id ->Mysuru@pds| 223 - F14423 - FRice| 220
[2026-01-27 15:30:05] User -> Save Data | district user change id ->Mysuru@pds| 223 - F14424 - FRice| 220
[2026-01-27 15:30:25] User -> Save Data | district user change id ->Mysuru@pds| 223 - F14425 - FRice| 220
[2026-01-27 15:30:50] User -> Save Data | district user change id ->Mysuru@pds| 223 - F14426 - FRice| 220
[2026-01-27 15:31:17] User -> Save Data | district user change id ->Mysuru@pds| 223 - F14427 - FRice| 220
[2026-01-27 15:31:37] User -> Save Data | district user change id ->Mysuru@pds| 223 - F14428 - FRice| 220
[2026-01-27 15:31:55] User -> Save Data | district user change id ->Mysuru@pds| 223 - F14430 - FRice| 220
[2026-01-27 15:32:15] User -> Save Data | district user change id ->Mysuru@pds| 223 - F14431 - FRice| 220
[2026-01-27 15:32:40] User -> Save Data | district user change id ->Mysuru@pds| 223 - F14482 - FRice| 220
[2026-01-27 15:32:57] User -> Save Data | district user change id ->Mysuru@pds| 223 - F14484 - FRice| 220
[2026-01-27 15:33:16] User -> Save Data | district user change id ->Mysuru@pds| 223 - F14511 - FRice| 220
[2026-01-27 15:33:53] User -> Save Data | district user change id ->Mysuru@pds| 223 - F14537 - FRice| 224
[2026-01-27 15:34:10] User -> Save Data | district user change id ->Mysuru@pds| 223 - F14538 - FRice| 224
[2026-01-27 15:34:32] User -> Save Data | district user change id ->Mysuru@pds| 223 - F14539 - FRice| 224
[2026-01-27 15:35:00] User -> Save Data | district user change id ->Mysuru@pds| 223 - F14540 - FRice| 224
[2026-01-27 15:35:22] User -> Save Data | district user change id ->Mysuru@pds| 223 - F14552 - FRice| 224
[2026-01-27 15:35:43] User -> Save Data | district user change id ->Mysuru@pds| 223 - F14553 - FRice| 224
[2026-01-27 15:36:02] User -> Save Data | district user change id ->Mysuru@pds| 223 - F14554 - FRice| 224
[2026-01-27 15:36:23] User -> Save Data | district user change id ->Mysuru@pds| 223 - F14556 - FRice| 224
[2026-01-27 15:36:43] User -> Save Data | district user change id ->Mysuru@pds| 223 - F14557 - FRice| 224
[2026-01-27 15:37:01] User -> Save Data | district user change id ->Mysuru@pds| 223 - F14558 - FRice| 224
[2026-01-27 15:37:15] district User -> Save Data | approve district change yes ->Mysuru@pds| 223 - F14573 - FRice
[2026-01-27 15:37:28] district User -> Save Data | approve district change yes ->Mysuru@pds| 223 - F14574 - FRice
[2026-01-27 15:37:38] district User -> Save Data | approve district change yes ->Mysuru@pds| 223 - F14575 - FRice
[2026-01-27 15:37:49] district User -> Save Data | approve district change yes ->Mysuru@pds| 223 - F14576 - FRice
[2026-01-27 15:38:12] district User -> Save Data | approve district change yes ->Mysuru@pds| 223 - F14577 - FRice
[2026-01-27 15:38:23] district User -> Save Data | approve district change yes ->Mysuru@pds| 223 - F14578 - FRice
[2026-01-27 15:38:34] district User -> Save Data | approve district change yes ->Mysuru@pds| 223 - F14579 - FRice
[2026-01-27 15:38:44] district User -> Save Data | approve district change yes ->Mysuru@pds| 223 - F14580 - FRice
[2026-01-27 15:38:55] district User -> Save Data | approve district change yes ->Mysuru@pds| 223 - F14581 - FRice
[2026-01-27 15:39:09] district User -> Save Data | approve district change yes ->Mysuru@pds| 223 - F14591 - FRice
[2026-01-27 15:39:24] district User -> Save Data | approve district change yes ->Mysuru@pds| 223 - F14593 - FRice
[2026-01-27 15:39:35] district User -> Save Data | approve district change yes ->Mysuru@pds| 223 - F14594 - FRice
[2026-01-27 15:39:45] district User -> Save Data | approve district change yes ->Mysuru@pds| 223 - F14595 - FRice
[2026-01-27 15:39:58] district User -> Save Data | approve district change yes ->Mysuru@pds| 223 - F14599 - FRice
[2026-01-27 15:40:20] district User -> Save Data | approve district change yes ->Mysuru@pds| 223 - F14648 - FRice
[2026-01-27 15:40:44] User -> Save Data | district user change id ->Mysuru@pds| 223 - F13990 - FRice| 214
[2026-01-27 15:40:44] User -> Save Data | district user change id ->Mysuru@pds| 223 - F14224 - FRice| 222
[2026-01-27 15:40:44] User -> Save Data | district user change id ->Mysuru@pds| 223 - F14421 - FRice| 220
[2026-01-27 15:40:44] User -> Save Data | district user change id ->Mysuru@pds| 223 - F14422 - FRice| 220
[2026-01-27 15:40:44] User -> Save Data | district user change id ->Mysuru@pds| 223 - F14423 - FRice| 220
[2026-01-27 15:40:44] User -> Save Data | district user change id ->Mysuru@pds| 223 - F14424 - FRice| 220
[2026-01-27 15:40:44] User -> Save Data | district user change id ->Mysuru@pds| 223 - F14425 - FRice| 220
[2026-01-27 15:40:44] User -> Save Data | district user change id ->Mysuru@pds| 223 - F14426 - FRice| 220
[2026-01-27 15:40:44] User -> Save Data | district user change id ->Mysuru@pds| 223 - F14427 - FRice| 220
[2026-01-27 15:40:44] User -> Save Data | district user change id ->Mysuru@pds| 223 - F14428 - FRice| 220
[2026-01-27 15:40:44] User -> Save Data | district user change id ->Mysuru@pds| 223 - F14430 - FRice| 220
[2026-01-27 15:40:44] User -> Save Data | district user change id ->Mysuru@pds| 223 - F14431 - FRice| 220
[2026-01-27 15:40:44] User -> Save Data | district user change id ->Mysuru@pds| 223 - F14482 - FRice| 220
[2026-01-27 15:40:44] User -> Save Data | district user change id ->Mysuru@pds| 223 - F14484 - FRice| 220
[2026-01-27 15:40:44] User -> Save Data | district user change id ->Mysuru@pds| 223 - F14511 - FRice| 220
[2026-01-27 15:40:44] User -> Save Data | district user change id ->Mysuru@pds| 223 - F14537 - FRice| 224
[2026-01-27 15:40:44] User -> Save Data | district user change id ->Mysuru@pds| 223 - F14538 - FRice| 224
[2026-01-27 15:40:44] User -> Save Data | district user change id ->Mysuru@pds| 223 - F14539 - FRice| 224
[2026-01-27 15:40:44] User -> Save Data | district user change id ->Mysuru@pds| 223 - F14540 - FRice| 224
[2026-01-27 15:40:44] User -> Save Data | district user change id ->Mysuru@pds| 223 - F14552 - FRice| 224
[2026-01-27 15:40:44] User -> Save Data | district user change id ->Mysuru@pds| 223 - F14553 - FRice| 224
[2026-01-27 15:40:44] User -> Save Data | district user change id ->Mysuru@pds| 223 - F14554 - FRice| 224
[2026-01-27 15:40:44] User -> Save Data | district user change id ->Mysuru@pds| 223 - F14556 - FRice| 224
[2026-01-27 15:40:44] User -> Save Data | district user change id ->Mysuru@pds| 223 - F14557 - FRice| 224
[2026-01-27 15:40:44] User -> Save Data | district user change id ->Mysuru@pds| 223 - F14558 - FRice| 224
[2026-01-27 15:40:44] district User -> Save Data | approve district change yes ->Mysuru@pds| 223 - F14573 - FRice
[2026-01-27 15:40:44] district User -> Save Data | approve district change yes ->Mysuru@pds| 223 - F14574 - FRice
[2026-01-27 15:40:44] district User -> Save Data | approve district change yes ->Mysuru@pds| 223 - F14575 - FRice
[2026-01-27 15:40:44] district User -> Save Data | approve district change yes ->Mysuru@pds| 223 - F14576 - FRice
[2026-01-27 15:40:44] district User -> Save Data | approve district change yes ->Mysuru@pds| 223 - F14577 - FRice
[2026-01-27 15:40:44] district User -> Save Data | approve district change yes ->Mysuru@pds| 223 - F14578 - FRice
[2026-01-27 15:40:44] district User -> Save Data | approve district change yes ->Mysuru@pds| 223 - F14579 - FRice
[2026-01-27 15:40:44] district User -> Save Data | approve district change yes ->Mysuru@pds| 223 - F14580 - FRice
[2026-01-27 15:40:44] district User -> Save Data | approve district change yes ->Mysuru@pds| 223 - F14581 - FRice
[2026-01-27 15:40:45] district User -> Save Data | approve district change yes ->Mysuru@pds| 223 - F14591 - FRice
[2026-01-27 15:40:45] district User -> Save Data | approve district change yes ->Mysuru@pds| 223 - F14593 - FRice
[2026-01-27 15:40:45] district User -> Save Data | approve district change yes ->Mysuru@pds| 223 - F14594 - FRice
[2026-01-27 15:40:45] district User -> Save Data | approve district change yes ->Mysuru@pds| 223 - F14595 - FRice
[2026-01-27 15:40:45] district User -> Save Data | approve district change yes ->Mysuru@pds| 223 - F14599 - FRice
[2026-01-27 15:40:45] district User -> Save Data | approve district change yes ->Mysuru@pds| 223 - F14648 - FRice
[2026-01-27 15:42:38] User -> Save Data | district user change id ->Mysuru@pds| 224 - F14362 - FRice| 221
[2026-01-27 15:43:01] district User -> Save Data | approve district change yes ->Mysuru@pds| 224 - F14517 - FRice
[2026-01-27 15:43:15] district User -> Save Data | approve district change yes ->Mysuru@pds| 224 - F14518 - FRice
[2026-01-27 15:43:27] district User -> Save Data | approve district change yes ->Mysuru@pds| 224 - F14519 - FRice
[2026-01-27 15:43:38] district User -> Save Data | approve district change yes ->Mysuru@pds| 224 - F14522 - FRice
[2026-01-27 15:43:55] district User -> Save Data | approve district change yes ->Mysuru@pds| 224 - F14523 - FRice
[2026-01-27 15:44:09] district User -> Save Data | approve district change yes ->Mysuru@pds| 224 - F14524 - FRice
[2026-01-27 15:44:20] district User -> Save Data | approve district change yes ->Mysuru@pds| 224 - F14525 - FRice
[2026-01-27 15:44:31] district User -> Save Data | approve district change yes ->Mysuru@pds| 224 - F14526 - FRice
[2026-01-27 15:44:44] district User -> Save Data | approve district change yes ->Mysuru@pds| 224 - F14527 - FRice
[2026-01-27 15:44:55] district User -> Save Data | approve district change yes ->Mysuru@pds| 224 - F14528 - FRice
[2026-01-27 15:45:04] district User -> Save Data | approve district change yes ->Mysuru@pds| 224 - F14529 - FRice
[2026-01-27 15:45:25] district User -> Save Data | approve district change yes ->Mysuru@pds| 224 - F14531 - FRice
[2026-01-27 15:45:45] district User -> Save Data | approve district change yes ->Mysuru@pds| 224 - F14532 - FRice
[2026-01-27 15:46:44] district User -> Save Data | approve district change yes ->Mysuru@pds| 224 - F14533 - FRice
[2026-01-27 15:46:56] district User -> Save Data | approve district change yes ->Mysuru@pds| 224 - F14534 - FRice
[2026-01-27 15:47:14] district User -> Save Data | approve district change yes ->Mysuru@pds| 224 - F14535 - FRice
[2026-01-27 15:47:25] district User -> Save Data | approve district change yes ->Mysuru@pds| 224 - F14536 - FRice
[2026-01-27 15:47:38] district User -> Save Data | approve district change yes ->Mysuru@pds| 224 - F14541 - FRice
[2026-01-27 15:47:50] district User -> Save Data | approve district change yes ->Mysuru@pds| 224 - F14542 - FRice
[2026-01-27 15:48:03] district User -> Save Data | approve district change yes ->Mysuru@pds| 224 - F14543 - FRice
[2026-01-27 15:48:15] district User -> Save Data | approve district change yes ->Mysuru@pds| 224 - F14544 - FRice
[2026-01-27 15:48:25] district User -> Save Data | approve district change yes ->Mysuru@pds| 224 - F14545 - FRice
[2026-01-27 15:48:36] district User -> Save Data | approve district change yes ->Mysuru@pds| 224 - F14546 - FRice
[2026-01-27 15:48:48] district User -> Save Data | approve district change yes ->Mysuru@pds| 224 - F14547 - FRice
[2026-01-27 15:48:58] district User -> Save Data | approve district change yes ->Mysuru@pds| 224 - F14548 - FRice
[2026-01-27 15:49:08] district User -> Save Data | approve district change yes ->Mysuru@pds| 224 - F14549 - FRice
[2026-01-27 15:49:20] district User -> Save Data | approve district change yes ->Mysuru@pds| 224 - F14550 - FRice
[2026-01-27 15:49:31] district User -> Save Data | approve district change yes ->Mysuru@pds| 224 - F14551 - FRice
[2026-01-27 15:49:45] district User -> Save Data | approve district change yes ->Mysuru@pds| 224 - F14555 - FRice
[2026-01-27 15:50:16] User -> Save Data | district user change id ->Mysuru@pds| 224 - F14585 - FRice| 223
[2026-01-27 15:50:41] User -> Save Data | district user change id ->Mysuru@pds| 224 - F14586 - FRice| 223
[2026-01-27 15:51:21] User -> Save Data | district user change id ->Mysuru@pds| 224 - F14587 - FRice| 223
[2026-01-27 15:51:45] User -> Save Data | district user change id ->Mysuru@pds| 224 - F14589 - FRice| 223
[2026-01-27 15:52:05] User -> Save Data | district user change id ->Mysuru@pds| 224 - F14590 - FRice| 223
[2026-01-27 15:52:23] User -> Save Data | district user change id ->Mysuru@pds| 224 - F14592 - FRice| 223
[2026-01-27 15:52:43] User -> Save Data | district user change id ->Mysuru@pds| 224 - F14596 - FRice| 223
[2026-01-27 15:53:02] User -> Save Data | district user change id ->Mysuru@pds| 224 - F14597 - FRice| 223
[2026-01-27 15:53:28] User -> Save Data | district user change id ->Mysuru@pds| 224 - F14601 - FRice| 223
[2026-01-27 15:53:52] User -> Save Data | district user change id ->Mysuru@pds| 224 - F14602 - FRice| 223
[2026-01-27 15:54:13] User -> Save Data | district user change id ->Mysuru@pds| 224 - F14603 - FRice| 223
[2026-01-27 15:54:34] User -> Save Data | district user change id ->Mysuru@pds| 224 - F14604 - FRice| 223
[2026-01-27 15:54:53] User -> Save Data | district user change id ->Mysuru@pds| 224 - F14605 - FRice| 223
[2026-01-27 15:55:14] User -> Save Data | district user change id ->Mysuru@pds| 224 - F14606 - FRice| 223
[2026-01-27 15:55:39] User -> Save Data | district user change id ->Mysuru@pds| 224 - F14607 - FRice| 223
[2026-01-27 15:55:57] User -> Save Data | district user change id ->Mysuru@pds| 224 - F14608 - FRice| 223
[2026-01-27 15:56:14] User -> Save Data | district user change id ->Mysuru@pds| 224 - F14615 - FRice| 223
[2026-01-27 15:56:35] User -> Save Data | district user change id ->Mysuru@pds| 224 - F14617 - FRice| 223
[2026-01-27 15:56:56] User -> Save Data | district user change id ->Mysuru@pds| 224 - F14618 - FRice| 223
[2026-01-27 15:57:15] User -> Save Data | district user change id ->Mysuru@pds| 224 - F14621 - FRice| 223
[2026-01-27 15:57:30] district User -> Save Data | approve district change yes ->Mysuru@pds| 224 - F14622 - FRice
[2026-01-27 15:57:50] district User -> Save Data | approve district change yes ->Mysuru@pds| 224 - F14623 - FRice
[2026-01-27 15:58:06] district User -> Save Data | approve district change yes ->Mysuru@pds| 224 - F14624 - FRice
[2026-01-27 15:58:17] district User -> Save Data | approve district change yes ->Mysuru@pds| 224 - F14625 - FRice
[2026-01-27 15:58:34] district User -> Save Data | approve district change yes ->Mysuru@pds| 224 - F14626 - FRice
[2026-01-27 15:58:47] district User -> Save Data | approve district change yes ->Mysuru@pds| 224 - F14630 - FRice
[2026-01-27 15:59:01] district User -> Save Data | approve district change yes ->Mysuru@pds| 224 - F14631 - FRice
[2026-01-27 15:59:13] district User -> Save Data | approve district change yes ->Mysuru@pds| 224 - F14632 - FRice
[2026-01-27 15:59:25] district User -> Save Data | approve district change yes ->Mysuru@pds| 224 - F14633 - FRice
[2026-01-27 15:59:38] district User -> Save Data | approve district change yes ->Mysuru@pds| 224 - F14634 - FRice
[2026-01-27 15:59:50] district User -> Save Data | approve district change yes ->Mysuru@pds| 224 - F14635 - FRice
[2026-01-27 16:00:03] district User -> Save Data | approve district change yes ->Mysuru@pds| 224 - F14638 - FRice
[2026-01-27 16:00:15] district User -> Save Data | approve district change yes ->Mysuru@pds| 224 - F14639 - FRice
[2026-01-27 16:00:29] district User -> Save Data | approve district change yes ->Mysuru@pds| 224 - F14640 - FRice
[2026-01-27 16:00:45] district User -> Save Data | approve district change yes ->Mysuru@pds| 224 - F14641 - FRice
[2026-01-27 16:00:57] district User -> Save Data | approve district change yes ->Mysuru@pds| 224 - F14642 - FRice
[2026-01-27 16:01:08] district User -> Save Data | approve district change yes ->Mysuru@pds| 224 - F14644 - FRice
[2026-01-27 16:01:22] district User -> Save Data | approve district change yes ->Mysuru@pds| 224 - F14647 - FRice
[2026-01-27 16:01:59] User -> Save Data | district user change id ->Mysuru@pds| 224 - F14362 - FRice| 221
[2026-01-27 16:01:59] district User -> Save Data | approve district change yes ->Mysuru@pds| 224 - F14517 - FRice
[2026-01-27 16:01:59] district User -> Save Data | approve district change yes ->Mysuru@pds| 224 - F14518 - FRice
[2026-01-27 16:01:59] district User -> Save Data | approve district change yes ->Mysuru@pds| 224 - F14519 - FRice
[2026-01-27 16:01:59] district User -> Save Data | approve district change yes ->Mysuru@pds| 224 - F14522 - FRice
[2026-01-27 16:01:59] district User -> Save Data | approve district change yes ->Mysuru@pds| 224 - F14523 - FRice
[2026-01-27 16:01:59] district User -> Save Data | approve district change yes ->Mysuru@pds| 224 - F14524 - FRice
[2026-01-27 16:01:59] district User -> Save Data | approve district change yes ->Mysuru@pds| 224 - F14525 - FRice
[2026-01-27 16:01:59] district User -> Save Data | approve district change yes ->Mysuru@pds| 224 - F14526 - FRice
[2026-01-27 16:01:59] district User -> Save Data | approve district change yes ->Mysuru@pds| 224 - F14527 - FRice
[2026-01-27 16:01:59] district User -> Save Data | approve district change yes ->Mysuru@pds| 224 - F14528 - FRice
[2026-01-27 16:01:59] district User -> Save Data | approve district change yes ->Mysuru@pds| 224 - F14529 - FRice
[2026-01-27 16:01:59] district User -> Save Data | approve district change yes ->Mysuru@pds| 224 - F14531 - FRice
[2026-01-27 16:01:59] district User -> Save Data | approve district change yes ->Mysuru@pds| 224 - F14532 - FRice
[2026-01-27 16:01:59] district User -> Save Data | approve district change yes ->Mysuru@pds| 224 - F14533 - FRice
[2026-01-27 16:01:59] district User -> Save Data | approve district change yes ->Mysuru@pds| 224 - F14534 - FRice
[2026-01-27 16:01:59] district User -> Save Data | approve district change yes ->Mysuru@pds| 224 - F14535 - FRice
[2026-01-27 16:01:59] district User -> Save Data | approve district change yes ->Mysuru@pds| 224 - F14536 - FRice
[2026-01-27 16:01:59] district User -> Save Data | approve district change yes ->Mysuru@pds| 224 - F14541 - FRice
[2026-01-27 16:01:59] district User -> Save Data | approve district change yes ->Mysuru@pds| 224 - F14542 - FRice
[2026-01-27 16:01:59] district User -> Save Data | approve district change yes ->Mysuru@pds| 224 - F14543 - FRice
[2026-01-27 16:01:59] district User -> Save Data | approve district change yes ->Mysuru@pds| 224 - F14544 - FRice
[2026-01-27 16:01:59] district User -> Save Data | approve district change yes ->Mysuru@pds| 224 - F14545 - FRice
[2026-01-27 16:01:59] district User -> Save Data | approve district change yes ->Mysuru@pds| 224 - F14546 - FRice
[2026-01-27 16:01:59] district User -> Save Data | approve district change yes ->Mysuru@pds| 224 - F14547 - FRice
[2026-01-27 16:01:59] district User -> Save Data | approve district change yes ->Mysuru@pds| 224 - F14548 - FRice
[2026-01-27 16:01:59] district User -> Save Data | approve district change yes ->Mysuru@pds| 224 - F14549 - FRice
[2026-01-27 16:01:59] district User -> Save Data | approve district change yes ->Mysuru@pds| 224 - F14550 - FRice
[2026-01-27 16:01:59] district User -> Save Data | approve district change yes ->Mysuru@pds| 224 - F14551 - FRice
[2026-01-27 16:01:59] district User -> Save Data | approve district change yes ->Mysuru@pds| 224 - F14555 - FRice
[2026-01-27 16:01:59] User -> Save Data | district user change id ->Mysuru@pds| 224 - F14585 - FRice| 223
[2026-01-27 16:02:00] User -> Save Data | district user change id ->Mysuru@pds| 224 - F14586 - FRice| 223
[2026-01-27 16:02:00] User -> Save Data | district user change id ->Mysuru@pds| 224 - F14587 - FRice| 223
[2026-01-27 16:02:00] User -> Save Data | district user change id ->Mysuru@pds| 224 - F14589 - FRice| 223
[2026-01-27 16:02:00] User -> Save Data | district user change id ->Mysuru@pds| 224 - F14590 - FRice| 223
[2026-01-27 16:02:00] User -> Save Data | district user change id ->Mysuru@pds| 224 - F14592 - FRice| 223
[2026-01-27 16:02:00] User -> Save Data | district user change id ->Mysuru@pds| 224 - F14596 - FRice| 223
[2026-01-27 16:02:00] User -> Save Data | district user change id ->Mysuru@pds| 224 - F14597 - FRice| 223
[2026-01-27 16:02:00] User -> Save Data | district user change id ->Mysuru@pds| 224 - F14601 - FRice| 223
[2026-01-27 16:02:00] User -> Save Data | district user change id ->Mysuru@pds| 224 - F14602 - FRice| 223
[2026-01-27 16:02:00] User -> Save Data | district user change id ->Mysuru@pds| 224 - F14603 - FRice| 223
[2026-01-27 16:02:00] User -> Save Data | district user change id ->Mysuru@pds| 224 - F14604 - FRice| 223
[2026-01-27 16:02:00] User -> Save Data | district user change id ->Mysuru@pds| 224 - F14605 - FRice| 223
[2026-01-27 16:02:00] User -> Save Data | district user change id ->Mysuru@pds| 224 - F14606 - FRice| 223
[2026-01-27 16:02:00] User -> Save Data | district user change id ->Mysuru@pds| 224 - F14607 - FRice| 223
[2026-01-27 16:02:00] User -> Save Data | district user change id ->Mysuru@pds| 224 - F14608 - FRice| 223
[2026-01-27 16:02:00] User -> Save Data | district user change id ->Mysuru@pds| 224 - F14615 - FRice| 223
[2026-01-27 16:02:00] User -> Save Data | district user change id ->Mysuru@pds| 224 - F14617 - FRice| 223
[2026-01-27 16:02:00] User -> Save Data | district user change id ->Mysuru@pds| 224 - F14618 - FRice| 223
[2026-01-27 16:02:00] User -> Save Data | district user change id ->Mysuru@pds| 224 - F14621 - FRice| 223
[2026-01-27 16:02:00] district User -> Save Data | approve district change yes ->Mysuru@pds| 224 - F14622 - FRice
[2026-01-27 16:02:00] district User -> Save Data | approve district change yes ->Mysuru@pds| 224 - F14623 - FRice
[2026-01-27 16:02:00] district User -> Save Data | approve district change yes ->Mysuru@pds| 224 - F14624 - FRice
[2026-01-27 16:02:00] district User -> Save Data | approve district change yes ->Mysuru@pds| 224 - F14625 - FRice
[2026-01-27 16:02:00] district User -> Save Data | approve district change yes ->Mysuru@pds| 224 - F14626 - FRice
[2026-01-27 16:02:00] district User -> Save Data | approve district change yes ->Mysuru@pds| 224 - F14630 - FRice
[2026-01-27 16:02:00] district User -> Save Data | approve district change yes ->Mysuru@pds| 224 - F14631 - FRice
[2026-01-27 16:02:00] district User -> Save Data | approve district change yes ->Mysuru@pds| 224 - F14632 - FRice
[2026-01-27 16:02:00] district User -> Save Data | approve district change yes ->Mysuru@pds| 224 - F14633 - FRice
[2026-01-27 16:02:00] district User -> Save Data | approve district change yes ->Mysuru@pds| 224 - F14634 - FRice
[2026-01-27 16:02:00] district User -> Save Data | approve district change yes ->Mysuru@pds| 224 - F14635 - FRice
[2026-01-27 16:02:00] district User -> Save Data | approve district change yes ->Mysuru@pds| 224 - F14638 - FRice
[2026-01-27 16:02:00] district User -> Save Data | approve district change yes ->Mysuru@pds| 224 - F14639 - FRice
[2026-01-27 16:02:00] district User -> Save Data | approve district change yes ->Mysuru@pds| 224 - F14640 - FRice
[2026-01-27 16:02:00] district User -> Save Data | approve district change yes ->Mysuru@pds| 224 - F14641 - FRice
[2026-01-27 16:02:00] district User -> Save Data | approve district change yes ->Mysuru@pds| 224 - F14642 - FRice
[2026-01-27 16:02:00] district User -> Save Data | approve district change yes ->Mysuru@pds| 224 - F14644 - FRice
[2026-01-27 16:02:00] district User -> Save Data | approve district change yes ->Mysuru@pds| 224 - F14647 - FRice
[2026-01-27 16:04:33] User -> Save Data | district user change id ->Mysuru@pds| 225 - F14083 - FRice| 215
[2026-01-27 16:05:16] User -> Save Data | district user change id ->Mysuru@pds| 225 - F14084 - FRice| 216
[2026-01-27 16:06:38] User -> Save Data | district user change id ->Mysuru@pds| 225 - F14085 - FRice| 217
[2026-01-27 16:07:19] User -> Save Data | district user change id ->Mysuru@pds| 225 - F14094 - FRice| 217
[2026-01-27 16:08:25] User -> Save Data | district user change id ->Mysuru@pds| 225 - F14095 - FRice| 216
[2026-01-27 16:08:52] User -> Save Data | district user change id ->Mysuru@pds| 225 - F14096 - FRice| 217
[2026-01-27 16:09:12] User -> Save Data | district user change id ->Mysuru@pds| 225 - F14097 - FRice| 217
[2026-01-27 16:09:43] User -> Save Data | district user change id ->Mysuru@pds| 225 - F14098 - FRice| 217
[2026-01-27 16:12:03] User -> Save Data | district user change id ->Mysuru@pds| 225 - F14083 - FRice| 215
[2026-01-27 16:12:03] User -> Save Data | district user change id ->Mysuru@pds| 225 - F14084 - FRice| 216
[2026-01-27 16:12:03] User -> Save Data | district user change id ->Mysuru@pds| 225 - F14085 - FRice| 217
[2026-01-27 16:12:03] User -> Save Data | district user change id ->Mysuru@pds| 225 - F14094 - FRice| 217
[2026-01-27 16:12:03] User -> Save Data | district user change id ->Mysuru@pds| 225 - F14095 - FRice| 216
[2026-01-27 16:12:03] User -> Save Data | district user change id ->Mysuru@pds| 225 - F14096 - FRice| 217
[2026-01-27 16:12:03] User -> Save Data | district user change id ->Mysuru@pds| 225 - F14097 - FRice| 217
[2026-01-27 16:12:03] User -> Save Data | district user change id ->Mysuru@pds| 225 - F14098 - FRice| 217
[2026-01-27 16:25:46] district User -> Save Data | approve district change yes ->Belagavi@pds| 45 - F03200 - FRice
[2026-01-27 16:25:46] district User -> Save Data | approve district change yes ->Belagavi@pds| 45 - F03201 - FRice
[2026-01-27 16:25:46] district User -> Save Data | approve district change yes ->Belagavi@pds| 45 - F03202 - FRice
[2026-01-27 16:25:46] district User -> Save Data | approve district change yes ->Belagavi@pds| 45 - F03203 - FRice
[2026-01-27 16:25:46] district User -> Save Data | approve district change yes ->Belagavi@pds| 45 - F03204 - FRice
[2026-01-27 16:25:46] district User -> Save Data | approve district change yes ->Belagavi@pds| 45 - F03205 - FRice
[2026-01-27 16:25:46] district User -> Save Data | approve district change yes ->Belagavi@pds| 45 - F03134 - FRice
[2026-01-27 16:25:46] district User -> Save Data | approve district change yes ->Belagavi@pds| 45 - F03133 - FRice
[2026-01-27 16:39:37] district User -> Save Data | approve district change yes ->Bidar@pds| 53 - F05348 - FRice
[2026-01-27 16:39:45] district User -> Save Data | approve district change yes ->Bidar@pds| 53 - F05349 - FRice
[2026-01-27 16:39:53] district User -> Save Data | approve district change yes ->Bidar@pds| 53 - F05350 - FRice
[2026-01-27 16:40:02] district User -> Save Data | approve district change yes ->Bidar@pds| 53 - F05353 - FRice
[2026-01-27 16:40:10] district User -> Save Data | approve district change yes ->Bidar@pds| 53 - F05354 - FRice
[2026-01-27 16:40:22] district User -> Save Data | approve district change yes ->Bidar@pds| 53 - F05355 - FRice
[2026-01-27 16:40:24] district User -> Save Data | approve district change yes ->Bidar@pds| 53 - F05355 - FRice
[2026-01-27 16:40:30] district User -> Save Data | approve district change yes ->Bidar@pds| 53 - F05357 - FRice
[2026-01-27 16:40:36] district User -> Save Data | approve district change yes ->Bidar@pds| 53 - F05358 - FRice
[2026-01-27 16:40:42] district User -> Save Data | approve district change yes ->Bidar@pds| 53 - F05365 - FRice
[2026-01-27 16:40:52] district User -> Save Data | approve district change yes ->Bidar@pds| 53 - F05366 - FRice
[2026-01-27 16:41:02] district User -> Save Data | approve district change yes ->Bidar@pds| 53 - F05369 - FRice
[2026-01-27 16:41:08] district User -> Save Data | approve district change yes ->Bidar@pds| 53 - F05377 - FRice
[2026-01-27 16:41:17] district User -> Save Data | approve district change yes ->Bidar@pds| 53 - F05378 - FRice
[2026-01-27 16:41:23] district User -> Save Data | approve district change yes ->Bidar@pds| 53 - F05379 - FRice
[2026-01-27 16:41:35] district User -> Save Data | approve district change yes ->Bidar@pds| 53 - F05382 - FRice
[2026-01-27 16:41:43] district User -> Save Data | approve district change yes ->Bidar@pds| 53 - F05383 - FRice
[2026-01-27 16:41:49] district User -> Save Data | approve district change yes ->Bidar@pds| 53 - F05384 - FRice
[2026-01-27 16:41:54] district User -> Save Data | approve district change yes ->Bidar@pds| 53 - F05385 - FRice
[2026-01-27 16:42:01] district User -> Save Data | approve district change yes ->Bidar@pds| 53 - F05386 - FRice
[2026-01-27 16:42:07] district User -> Save Data | approve district change yes ->Bidar@pds| 53 - F05387 - FRice
[2026-01-27 16:42:16] district User -> Save Data | approve district change yes ->Bidar@pds| 53 - F05388 - FRice
[2026-01-27 16:42:21] district User -> Save Data | approve district change yes ->Bidar@pds| 53 - F05389 - FRice
[2026-01-27 16:42:27] district User -> Save Data | approve district change yes ->Bidar@pds| 53 - F05390 - FRice
[2026-01-27 16:42:32] district User -> Save Data | approve district change yes ->Bidar@pds| 53 - F05391 - FRice
[2026-01-27 16:42:38] district User -> Save Data | approve district change yes ->Bidar@pds| 53 - F05392 - FRice
[2026-01-27 16:42:43] district User -> Save Data | approve district change yes ->Bidar@pds| 53 - F05393 - FRice
[2026-01-27 16:42:48] district User -> Save Data | approve district change yes ->Bidar@pds| 53 - F05394 - FRice
[2026-01-27 16:44:07] district User -> Save Data | implemeneted ->Bidar@pds| 53 - F05348 - FRice
[2026-01-27 16:44:07] district User -> Save Data | implemeneted ->Bidar@pds| 53 - F05349 - FRice
[2026-01-27 16:44:07] district User -> Save Data | implemeneted ->Bidar@pds| 53 - F05350 - FRice
[2026-01-27 16:44:07] district User -> Save Data | implemeneted ->Bidar@pds| 53 - F05353 - FRice
[2026-01-27 16:44:07] district User -> Save Data | implemeneted ->Bidar@pds| 53 - F05354 - FRice
[2026-01-27 16:44:07] district User -> Save Data | implemeneted ->Bidar@pds| 53 - F05355 - FRice
[2026-01-27 16:44:07] district User -> Save Data | implemeneted ->Bidar@pds| 53 - F05357 - FRice
[2026-01-27 16:44:07] district User -> Save Data | implemeneted ->Bidar@pds| 53 - F05358 - FRice
[2026-01-27 16:44:07] district User -> Save Data | implemeneted ->Bidar@pds| 53 - F05365 - FRice
[2026-01-27 16:44:07] district User -> Save Data | implemeneted ->Bidar@pds| 53 - F05366 - FRice
[2026-01-27 16:44:07] district User -> Save Data | implemeneted ->Bidar@pds| 53 - F05369 - FRice
[2026-01-27 16:44:07] district User -> Save Data | implemeneted ->Bidar@pds| 53 - F05377 - FRice
[2026-01-27 16:44:07] district User -> Save Data | implemeneted ->Bidar@pds| 53 - F05378 - FRice
[2026-01-27 16:44:07] district User -> Save Data | implemeneted ->Bidar@pds| 53 - F05379 - FRice
[2026-01-27 16:44:08] district User -> Save Data | implemeneted ->Bidar@pds| 53 - F05382 - FRice
[2026-01-27 16:44:08] district User -> Save Data | implemeneted ->Bidar@pds| 53 - F05383 - FRice
[2026-01-27 16:44:08] district User -> Save Data | implemeneted ->Bidar@pds| 53 - F05384 - FRice
[2026-01-27 16:44:08] district User -> Save Data | implemeneted ->Bidar@pds| 53 - F05385 - FRice
[2026-01-27 16:44:08] district User -> Save Data | implemeneted ->Bidar@pds| 53 - F05386 - FRice
[2026-01-27 16:44:08] district User -> Save Data | implemeneted ->Bidar@pds| 53 - F05387 - FRice
[2026-01-27 16:44:08] district User -> Save Data | implemeneted ->Bidar@pds| 53 - F05389 - FRice
[2026-01-27 16:44:08] district User -> Save Data | implemeneted ->Bidar@pds| 53 - F05390 - FRice
[2026-01-27 16:44:08] district User -> Save Data | implemeneted ->Bidar@pds| 53 - F05391 - FRice
[2026-01-27 16:44:08] district User -> Save Data | implemeneted ->Bidar@pds| 53 - F05392 - FRice
[2026-01-27 16:44:08] district User -> Save Data | implemeneted ->Bidar@pds| 53 - F05393 - FRice
[2026-01-27 16:44:08] district User -> Save Data | implemeneted ->Bidar@pds| 53 - F05394 - FRice
[2026-01-27 16:45:54] district User -> Save Data | implemeneted ->Bidar@pds| 53 - F05388 - FRice
[2026-01-27 16:49:00] district User -> Save Data | approve district change yes ->Bidar@pds| 54 - F04725 - FRice
[2026-01-27 16:49:04] district User -> Save Data | approve district change yes ->Bidar@pds| 54 - F04726 - FRice
[2026-01-27 16:49:13] district User -> Save Data | approve district change yes ->Bidar@pds| 54 - F04727 - FRice
[2026-01-27 16:49:22] district User -> Save Data | approve district change yes ->Bidar@pds| 54 - F04727 - FRice
[2026-01-27 16:49:44] district User -> Save Data | approve district change yes ->Bidar@pds| 54 - F04728 - FRice
[2026-01-27 16:49:50] district User -> Save Data | approve district change yes ->Bidar@pds| 54 - F04729 - FRice
[2026-01-27 16:49:56] district User -> Save Data | approve district change yes ->Bidar@pds| 54 - F04730 - FRice
[2026-01-27 16:50:17] district User -> Save Data | approve district change yes ->Bidar@pds| 54 - F04733 - FRice
[2026-01-27 16:50:23] district User -> Save Data | approve district change yes ->Bidar@pds| 54 - F04734 - FRice
[2026-01-27 16:50:28] district User -> Save Data | approve district change yes ->Bidar@pds| 54 - F04735 - FRice
[2026-01-27 16:50:44] district User -> Save Data | approve district change yes ->Bidar@pds| 54 - F04736 - FRice
[2026-01-27 16:50:49] district User -> Save Data | approve district change yes ->Bidar@pds| 54 - F04737 - FRice
[2026-01-27 16:50:57] district User -> Save Data | approve district change yes ->Bidar@pds| 54 - F04739 - FRice
[2026-01-27 16:51:02] district User -> Save Data | approve district change yes ->Bidar@pds| 54 - F04740 - FRice
[2026-01-27 16:53:22] district User -> Save Data | approve district change yes ->Bidar@pds| 54 - F04742 - FRice
[2026-01-27 16:53:28] district User -> Save Data | approve district change yes ->Bidar@pds| 54 - F04743 - FRice
[2026-01-27 16:53:37] district User -> Save Data | approve district change yes ->Bidar@pds| 54 - F04744 - FRice
[2026-01-27 16:53:45] district User -> Save Data | approve district change yes ->Bidar@pds| 54 - F04745 - FRice
[2026-01-27 16:54:36] district User -> Save Data | implemeneted ->Chikkamagaluru@pds| 87 - F06520 - FRice
[2026-01-27 16:54:36] district User -> Save Data | implemeneted ->Chikkamagaluru@pds| 87 - F06521 - FRice
[2026-01-27 16:54:36] district User -> Save Data | implemeneted ->Chikkamagaluru@pds| 87 - F06523 - FRice
[2026-01-27 16:54:36] district User -> Save Data | implemeneted ->Chikkamagaluru@pds| 87 - F06525 - FRice
[2026-01-27 16:54:36] district User -> Save Data | implemeneted ->Chikkamagaluru@pds| 87 - F06531 - FRice
[2026-01-27 16:54:37] district User -> Save Data | implemeneted ->Chikkamagaluru@pds| 87 - F06532 - FRice
[2026-01-27 16:54:37] district User -> Save Data | implemeneted ->Chikkamagaluru@pds| 87 - F06533 - FRice
[2026-01-27 16:54:37] district User -> Save Data | implemeneted ->Chikkamagaluru@pds| 87 - F06534 - FRice
[2026-01-27 16:54:37] district User -> Save Data | implemeneted ->Chikkamagaluru@pds| 87 - F06536 - FRice
[2026-01-27 16:54:37] district User -> Save Data | implemeneted ->Chikkamagaluru@pds| 87 - F06538 - FRice
[2026-01-27 16:56:22] district User -> Save Data | approve district change yes ->Bidar@pds| 54 - F04746 - FRice
[2026-01-27 16:56:28] district User -> Save Data | approve district change yes ->Bidar@pds| 54 - F04747 - FRice
[2026-01-27 16:56:34] district User -> Save Data | approve district change yes ->Bidar@pds| 54 - F04748 - FRice
[2026-01-27 16:56:53] district User -> Save Data | approve district change yes ->Bidar@pds| 54 - F04749 - FRice
[2026-01-27 16:56:58] district User -> Save Data | approve district change yes ->Bidar@pds| 54 - F04750 - FRice
[2026-01-27 16:57:04] district User -> Save Data | approve district change yes ->Bidar@pds| 54 - F04751 - FRice
[2026-01-27 16:57:29] district User -> Save Data | approve district change yes ->Bidar@pds| 54 - F04752 - FRice
[2026-01-27 16:57:34] district User -> Save Data | approve district change yes ->Bidar@pds| 54 - F04753 - FRice
[2026-01-27 16:57:39] district User -> Save Data | approve district change yes ->Bidar@pds| 54 - F04754 - FRice
[2026-01-27 16:57:44] district User -> Save Data | approve district change yes ->Bidar@pds| 54 - F04757 - FRice
[2026-01-27 16:58:02] district User -> Save Data | approve district change yes ->Bidar@pds| 54 - F04762 - FRice
[2026-01-27 16:58:07] district User -> Save Data | approve district change yes ->Bidar@pds| 54 - F04761 - FRice
[2026-01-27 16:58:14] district User -> Save Data | approve district change yes ->Bidar@pds| 54 - F04759 - FRice
[2026-01-27 16:58:19] district User -> Save Data | approve district change yes ->Bidar@pds| 54 - F04758 - FRice
[2026-01-27 16:58:41] district User -> Save Data | approve district change yes ->Bidar@pds| 54 - F04770 - FRice
[2026-01-27 16:58:46] district User -> Save Data | approve district change yes ->Bidar@pds| 54 - F04769 - FRice
[2026-01-27 16:58:52] district User -> Save Data | approve district change yes ->Bidar@pds| 54 - F04768 - FRice
[2026-01-27 16:58:57] district User -> Save Data | approve district change yes ->Bidar@pds| 54 - F04764 - FRice
[2026-01-27 17:00:05] district User -> Save Data | approve district change yes ->Bidar@pds| 54 - F04771 - FRice
[2026-01-27 17:00:11] district User -> Save Data | approve district change yes ->Bidar@pds| 54 - F04772 - FRice
[2026-01-27 17:00:16] district User -> Save Data | approve district change yes ->Bidar@pds| 54 - F04774 - FRice
[2026-01-27 17:00:30] district User -> Save Data | approve district change yes ->Bidar@pds| 54 - F04775 - FRice
[2026-01-27 17:00:35] district User -> Save Data | approve district change yes ->Bidar@pds| 54 - F04776 - FRice
[2026-01-27 17:00:40] district User -> Save Data | approve district change yes ->Bidar@pds| 54 - F04777 - FRice
[2026-01-27 17:01:45] district User -> Save Data | approve district change yes ->Bidar@pds| 54 - F04780 - FRice
[2026-01-27 17:01:50] district User -> Save Data | approve district change yes ->Bidar@pds| 54 - F04781 - FRice
[2026-01-27 17:01:56] district User -> Save Data | approve district change yes ->Bidar@pds| 54 - F04783 - FRice
[2026-01-27 17:02:13] district User -> Save Data | approve district change yes ->Bidar@pds| 54 - F04789 - FRice
[2026-01-27 17:02:18] district User -> Save Data | approve district change yes ->Bidar@pds| 54 - F04788 - FRice
[2026-01-27 17:02:23] district User -> Save Data | approve district change yes ->Bidar@pds| 54 - F04787 - FRice
[2026-01-27 17:02:28] district User -> Save Data | approve district change yes ->Bidar@pds| 54 - F04785 - FRice
[2026-01-27 17:04:05] district User -> Save Data | approve district change yes ->Bidar@pds| 54 - F04793 - FRice
[2026-01-27 17:04:14] district User -> Save Data | approve district change yes ->Bidar@pds| 54 - F04802 - FRice
[2026-01-27 17:04:19] district User -> Save Data | approve district change yes ->Bidar@pds| 54 - F04803 - FRice
[2026-01-27 17:04:35] district User -> Save Data | approve district change yes ->Bidar@pds| 54 - F04807 - FRice
[2026-01-27 17:04:41] district User -> Save Data | approve district change yes ->Bidar@pds| 54 - F04806 - FRice
[2026-01-27 17:04:46] district User -> Save Data | approve district change yes ->Bidar@pds| 54 - F04805 - FRice
[2026-01-27 17:04:50] district User -> Save Data | approve district change yes ->Bidar@pds| 54 - F04804 - FRice
[2026-01-27 17:06:21] district User -> Save Data | approve district change yes ->Bidar@pds| 54 - F04809 - FRice
[2026-01-27 17:06:26] district User -> Save Data | approve district change yes ->Bidar@pds| 54 - F04811 - FRice
[2026-01-27 17:06:31] district User -> Save Data | approve district change yes ->Bidar@pds| 54 - F04812 - FRice
[2026-01-27 17:06:49] district User -> Save Data | approve district change yes ->Bidar@pds| 54 - F04817 - FRice
[2026-01-27 17:06:54] district User -> Save Data | approve district change yes ->Bidar@pds| 54 - F04816 - FRice
[2026-01-27 17:06:59] district User -> Save Data | approve district change yes ->Bidar@pds| 54 - F04814 - FRice
[2026-01-27 17:07:04] district User -> Save Data | approve district change yes ->Bidar@pds| 54 - F04813 - FRice
[2026-01-27 17:08:38] district User -> Save Data | approve district change yes ->Bidar@pds| 54 - F04819 - FRice
[2026-01-27 17:08:45] district User -> Save Data | approve district change yes ->Bidar@pds| 54 - F04822 - FRice
[2026-01-27 17:08:53] district User -> Save Data | approve district change yes ->Bidar@pds| 54 - F04823 - FRice
[2026-01-27 17:08:58] district User -> Save Data | approve district change yes ->Bidar@pds| 54 - F04826 - FRice
[2026-01-27 17:09:56] district User -> Save Data | approve district change yes ->Bidar@pds| 54 - F04827 - FRice
[2026-01-27 17:10:00] district User -> Save Data | approve district change yes ->Bidar@pds| 54 - F04828 - FRice
[2026-01-27 17:10:48] district User -> Save Data | approve district change yes ->Bidar@pds| 54 - F04831 - FRice
[2026-01-27 17:11:43] district User -> Save Data | approve district change yes ->Bidar@pds| 54 - F04834 - FRice
[2026-01-27 17:11:49] district User -> Save Data | approve district change yes ->Bidar@pds| 54 - F04835 - FRice
[2026-01-27 17:15:18] district User -> Save Data | implemeneted ->Bidar@pds| 54 - F04725 - FRice
[2026-01-27 17:15:18] district User -> Save Data | implemeneted ->Bidar@pds| 54 - F04726 - FRice
[2026-01-27 17:15:18] district User -> Save Data | implemeneted ->Bidar@pds| 54 - F04727 - FRice
[2026-01-27 17:15:18] district User -> Save Data | implemeneted ->Bidar@pds| 54 - F04728 - FRice
[2026-01-27 17:15:18] district User -> Save Data | implemeneted ->Bidar@pds| 54 - F04729 - FRice
[2026-01-27 17:15:18] district User -> Save Data | implemeneted ->Bidar@pds| 54 - F04730 - FRice
[2026-01-27 17:15:18] district User -> Save Data | implemeneted ->Bidar@pds| 54 - F04733 - FRice
[2026-01-27 17:15:18] district User -> Save Data | implemeneted ->Bidar@pds| 54 - F04734 - FRice
[2026-01-27 17:15:18] district User -> Save Data | implemeneted ->Bidar@pds| 54 - F04735 - FRice
[2026-01-27 17:15:18] district User -> Save Data | implemeneted ->Bidar@pds| 54 - F04736 - FRice
[2026-01-27 17:15:18] district User -> Save Data | implemeneted ->Bidar@pds| 54 - F04737 - FRice
[2026-01-27 17:15:18] district User -> Save Data | implemeneted ->Bidar@pds| 54 - F04739 - FRice
[2026-01-27 17:15:18] district User -> Save Data | implemeneted ->Bidar@pds| 54 - F04740 - FRice
[2026-01-27 17:15:18] district User -> Save Data | implemeneted ->Bidar@pds| 54 - F04742 - FRice
[2026-01-27 17:15:18] district User -> Save Data | implemeneted ->Bidar@pds| 54 - F04743 - FRice
[2026-01-27 17:15:19] district User -> Save Data | implemeneted ->Bidar@pds| 54 - F04744 - FRice
[2026-01-27 17:15:19] district User -> Save Data | implemeneted ->Bidar@pds| 54 - F04745 - FRice
[2026-01-27 17:15:19] district User -> Save Data | implemeneted ->Bidar@pds| 54 - F04746 - FRice
[2026-01-27 17:15:19] district User -> Save Data | implemeneted ->Bidar@pds| 54 - F04747 - FRice
[2026-01-27 17:15:19] district User -> Save Data | implemeneted ->Bidar@pds| 54 - F04748 - FRice
[2026-01-27 17:15:19] district User -> Save Data | implemeneted ->Bidar@pds| 54 - F04749 - FRice
[2026-01-27 17:15:19] district User -> Save Data | implemeneted ->Bidar@pds| 54 - F04750 - FRice
[2026-01-27 17:15:19] district User -> Save Data | implemeneted ->Bidar@pds| 54 - F04751 - FRice
[2026-01-27 17:15:19] district User -> Save Data | implemeneted ->Bidar@pds| 54 - F04752 - FRice
[2026-01-27 17:15:19] district User -> Save Data | implemeneted ->Bidar@pds| 54 - F04753 - FRice
[2026-01-27 17:15:19] district User -> Save Data | implemeneted ->Bidar@pds| 54 - F04754 - FRice
[2026-01-27 17:15:19] district User -> Save Data | implemeneted ->Bidar@pds| 54 - F04757 - FRice
[2026-01-27 17:15:19] district User -> Save Data | implemeneted ->Bidar@pds| 54 - F04758 - FRice
[2026-01-27 17:15:19] district User -> Save Data | implemeneted ->Bidar@pds| 54 - F04759 - FRice
[2026-01-27 17:15:19] district User -> Save Data | implemeneted ->Bidar@pds| 54 - F04761 - FRice
[2026-01-27 17:15:19] district User -> Save Data | implemeneted ->Bidar@pds| 54 - F04762 - FRice
[2026-01-27 17:15:19] district User -> Save Data | implemeneted ->Bidar@pds| 54 - F04764 - FRice
[2026-01-27 17:15:19] district User -> Save Data | implemeneted ->Bidar@pds| 54 - F04768 - FRice
[2026-01-27 17:15:19] district User -> Save Data | implemeneted ->Bidar@pds| 54 - F04769 - FRice
[2026-01-27 17:15:19] district User -> Save Data | implemeneted ->Bidar@pds| 54 - F04770 - FRice
[2026-01-27 17:15:19] district User -> Save Data | implemeneted ->Bidar@pds| 54 - F04771 - FRice
[2026-01-27 17:15:19] district User -> Save Data | implemeneted ->Bidar@pds| 54 - F04772 - FRice
[2026-01-27 17:15:19] district User -> Save Data | implemeneted ->Bidar@pds| 54 - F04774 - FRice
[2026-01-27 17:15:19] district User -> Save Data | implemeneted ->Bidar@pds| 54 - F04775 - FRice
[2026-01-27 17:15:19] district User -> Save Data | implemeneted ->Bidar@pds| 54 - F04776 - FRice
[2026-01-27 17:15:20] district User -> Save Data | implemeneted ->Bidar@pds| 54 - F04777 - FRice
[2026-01-27 17:15:20] district User -> Save Data | implemeneted ->Bidar@pds| 54 - F04780 - FRice
[2026-01-27 17:15:20] district User -> Save Data | implemeneted ->Bidar@pds| 54 - F04781 - FRice
[2026-01-27 17:15:20] district User -> Save Data | implemeneted ->Bidar@pds| 54 - F04783 - FRice
[2026-01-27 17:15:20] district User -> Save Data | implemeneted ->Bidar@pds| 54 - F04785 - FRice
[2026-01-27 17:15:20] district User -> Save Data | implemeneted ->Bidar@pds| 54 - F04787 - FRice
[2026-01-27 17:15:20] district User -> Save Data | implemeneted ->Bidar@pds| 54 - F04788 - FRice
[2026-01-27 17:15:20] district User -> Save Data | implemeneted ->Bidar@pds| 54 - F04789 - FRice
[2026-01-27 17:15:20] district User -> Save Data | implemeneted ->Bidar@pds| 54 - F04793 - FRice
[2026-01-27 17:15:20] district User -> Save Data | implemeneted ->Bidar@pds| 54 - F04802 - FRice
[2026-01-27 17:15:20] district User -> Save Data | implemeneted ->Bidar@pds| 54 - F04803 - FRice
[2026-01-27 17:15:20] district User -> Save Data | implemeneted ->Bidar@pds| 54 - F04804 - FRice
[2026-01-27 17:15:20] district User -> Save Data | implemeneted ->Bidar@pds| 54 - F04805 - FRice
[2026-01-27 17:15:20] district User -> Save Data | implemeneted ->Bidar@pds| 54 - F04806 - FRice
[2026-01-27 17:15:20] district User -> Save Data | implemeneted ->Bidar@pds| 54 - F04807 - FRice
[2026-01-27 17:15:20] district User -> Save Data | implemeneted ->Bidar@pds| 54 - F04809 - FRice
[2026-01-27 17:15:20] district User -> Save Data | implemeneted ->Bidar@pds| 54 - F04811 - FRice
[2026-01-27 17:15:20] district User -> Save Data | implemeneted ->Bidar@pds| 54 - F04812 - FRice
[2026-01-27 17:15:20] district User -> Save Data | implemeneted ->Bidar@pds| 54 - F04813 - FRice
[2026-01-27 17:15:20] district User -> Save Data | implemeneted ->Bidar@pds| 54 - F04814 - FRice
[2026-01-27 17:15:20] district User -> Save Data | implemeneted ->Bidar@pds| 54 - F04816 - FRice
[2026-01-27 17:15:20] district User -> Save Data | implemeneted ->Bidar@pds| 54 - F04817 - FRice
[2026-01-27 17:15:20] district User -> Save Data | implemeneted ->Bidar@pds| 54 - F04819 - FRice
[2026-01-27 17:15:21] district User -> Save Data | implemeneted ->Bidar@pds| 54 - F04822 - FRice
[2026-01-27 17:15:21] district User -> Save Data | implemeneted ->Bidar@pds| 54 - F04823 - FRice
[2026-01-27 17:15:21] district User -> Save Data | implemeneted ->Bidar@pds| 54 - F04826 - FRice
[2026-01-27 17:15:21] district User -> Save Data | implemeneted ->Bidar@pds| 54 - F04827 - FRice
[2026-01-27 17:15:21] district User -> Save Data | implemeneted ->Bidar@pds| 54 - F04828 - FRice
[2026-01-27 17:15:21] district User -> Save Data | implemeneted ->Bidar@pds| 54 - F04831 - FRice
[2026-01-27 17:15:21] district User -> Save Data | implemeneted ->Bidar@pds| 54 - F04834 - FRice
[2026-01-27 17:15:21] district User -> Save Data | implemeneted ->Bidar@pds| 54 - F04835 - FRice
[2026-01-27 17:16:35] district User -> Save Data | approve district change yes ->Bidar@pds| 54 - F04836 - FRice
[2026-01-27 17:16:40] district User -> Save Data | approve district change yes ->Bidar@pds| 54 - F04837 - FRice
[2026-01-27 17:16:45] district User -> Save Data | approve district change yes ->Bidar@pds| 54 - F04838 - FRice
[2026-01-27 17:17:17] district User -> Save Data | approve district change yes ->Bidar@pds| 54 - F04839 - FRice
[2026-01-27 17:17:25] district User -> Save Data | approve district change yes ->Bidar@pds| 54 - F04840 - FRice
[2026-01-27 17:17:31] district User -> Save Data | approve district change yes ->Bidar@pds| 54 - F04841 - FRice
[2026-01-27 17:18:35] district User -> Save Data | approve district change yes ->Bidar@pds| 54 - F04842 - FRice
[2026-01-27 17:18:40] district User -> Save Data | approve district change yes ->Bidar@pds| 54 - F04843 - FRice
[2026-01-27 17:19:16] district User -> Save Data | approve district change yes ->Bidar@pds| 54 - F04846 - FRice
[2026-01-27 17:19:22] district User -> Save Data | approve district change yes ->Bidar@pds| 54 - F04845 - FRice
[2026-01-27 17:19:27] district User -> Save Data | approve district change yes ->Bidar@pds| 54 - F04844 - FRice
[2026-01-27 17:19:49] district User -> Save Data | approve district change yes ->Bidar@pds| 54 - F04849 - FRice
[2026-01-27 17:20:07] district User -> Save Data | approve district change yes ->Bidar@pds| 54 - F04847 - FRice
[2026-01-27 17:20:16] district User -> Save Data | approve district change yes ->Bidar@pds| 54 - F04848 - FRice
[2026-01-27 17:21:00] district User -> Save Data | approve district change yes ->Bidar@pds| 54 - F04853 - FRice
[2026-01-27 17:21:05] district User -> Save Data | approve district change yes ->Bidar@pds| 54 - F04852 - FRice
[2026-01-27 17:21:09] district User -> Save Data | approve district change yes ->Bidar@pds| 54 - F04851 - FRice
[2026-01-27 17:21:15] district User -> Save Data | approve district change yes ->Bidar@pds| 54 - F04850 - FRice
[2026-01-27 17:21:31] district User -> Save Data | approve district change yes ->Bidar@pds| 54 - F04858 - FRice
[2026-01-27 17:21:36] district User -> Save Data | approve district change yes ->Bidar@pds| 54 - F04856 - FRice
[2026-01-27 17:21:45] district User -> Save Data | approve district change yes ->Bidar@pds| 54 - F04855 - FRice
[2026-01-27 17:21:50] district User -> Save Data | approve district change yes ->Bidar@pds| 54 - F04854 - FRice
[2026-01-27 17:25:27] district User -> Save Data | approve district change yes ->Bidar@pds| 54 - F04859 - FRice
[2026-01-27 17:25:32] district User -> Save Data | approve district change yes ->Bidar@pds| 54 - F04860 - FRice
[2026-01-27 17:25:37] district User -> Save Data | approve district change yes ->Bidar@pds| 54 - F04861 - FRice
[2026-01-27 17:26:27] district User -> Save Data | approve district change yes ->Bidar@pds| 54 - F04862 - FRice
[2026-01-27 17:27:51] district User -> Save Data | approve district change yes ->Bidar@pds| 54 - F04863 - FRice
[2026-01-27 17:27:55] district User -> Save Data | approve district change yes ->Bidar@pds| 54 - F04864 - FRice
[2026-01-27 17:28:00] district User -> Save Data | approve district change yes ->Bidar@pds| 54 - F04865 - FRice
[2026-01-27 17:28:06] district User -> Save Data | approve district change yes ->Bidar@pds| 54 - F04866 - FRice
[2026-01-27 17:29:08] district User -> Save Data | implemeneted ->Bidar@pds| 54 - F04836 - FRice
[2026-01-27 17:29:08] district User -> Save Data | implemeneted ->Bidar@pds| 54 - F04837 - FRice
[2026-01-27 17:29:08] district User -> Save Data | implemeneted ->Bidar@pds| 54 - F04838 - FRice
[2026-01-27 17:29:08] district User -> Save Data | implemeneted ->Bidar@pds| 54 - F04839 - FRice
[2026-01-27 17:29:08] district User -> Save Data | implemeneted ->Bidar@pds| 54 - F04840 - FRice
[2026-01-27 17:29:08] district User -> Save Data | implemeneted ->Bidar@pds| 54 - F04841 - FRice
[2026-01-27 17:29:08] district User -> Save Data | implemeneted ->Bidar@pds| 54 - F04842 - FRice
[2026-01-27 17:29:08] district User -> Save Data | implemeneted ->Bidar@pds| 54 - F04843 - FRice
[2026-01-27 17:29:08] district User -> Save Data | implemeneted ->Bidar@pds| 54 - F04844 - FRice
[2026-01-27 17:29:08] district User -> Save Data | implemeneted ->Bidar@pds| 54 - F04845 - FRice
[2026-01-27 17:29:08] district User -> Save Data | implemeneted ->Bidar@pds| 54 - F04846 - FRice
[2026-01-27 17:29:08] district User -> Save Data | implemeneted ->Bidar@pds| 54 - F04847 - FRice
[2026-01-27 17:29:08] district User -> Save Data | implemeneted ->Bidar@pds| 54 - F04848 - FRice
[2026-01-27 17:29:08] district User -> Save Data | implemeneted ->Bidar@pds| 54 - F04849 - FRice
[2026-01-27 17:29:08] district User -> Save Data | implemeneted ->Bidar@pds| 54 - F04850 - FRice
[2026-01-27 17:29:08] district User -> Save Data | implemeneted ->Bidar@pds| 54 - F04851 - FRice
[2026-01-27 17:29:08] district User -> Save Data | implemeneted ->Bidar@pds| 54 - F04852 - FRice
[2026-01-27 17:29:09] district User -> Save Data | implemeneted ->Bidar@pds| 54 - F04853 - FRice
[2026-01-27 17:29:09] district User -> Save Data | implemeneted ->Bidar@pds| 54 - F04854 - FRice
[2026-01-27 17:29:09] district User -> Save Data | implemeneted ->Bidar@pds| 54 - F04855 - FRice
[2026-01-27 17:29:09] district User -> Save Data | implemeneted ->Bidar@pds| 54 - F04856 - FRice
[2026-01-27 17:29:09] district User -> Save Data | implemeneted ->Bidar@pds| 54 - F04858 - FRice
[2026-01-27 17:29:09] district User -> Save Data | implemeneted ->Bidar@pds| 54 - F04859 - FRice
[2026-01-27 17:29:09] district User -> Save Data | implemeneted ->Bidar@pds| 54 - F04860 - FRice
[2026-01-27 17:29:09] district User -> Save Data | implemeneted ->Bidar@pds| 54 - F04861 - FRice
[2026-01-27 17:29:09] district User -> Save Data | implemeneted ->Bidar@pds| 54 - F04862 - FRice
[2026-01-27 17:29:09] district User -> Save Data | implemeneted ->Bidar@pds| 54 - F04863 - FRice
[2026-01-27 17:29:09] district User -> Save Data | implemeneted ->Bidar@pds| 54 - F04864 - FRice
[2026-01-27 17:29:09] district User -> Save Data | implemeneted ->Bidar@pds| 54 - F04865 - FRice
[2026-01-27 17:29:09] district User -> Save Data | implemeneted ->Bidar@pds| 54 - F04866 - FRice
[2026-01-27 17:36:40] district User -> Save Data | approve district change yes ->Bidar@pds| 54 - F05246 - FRice
[2026-01-27 17:36:51] district User -> Save Data | approve district change yes ->Bidar@pds| 54 - F05241 - FRice
[2026-01-27 17:36:56] district User -> Save Data | approve district change yes ->Bidar@pds| 54 - F05242 - FRice
[2026-01-27 17:37:01] district User -> Save Data | approve district change yes ->Bidar@pds| 54 - F05243 - FRice
[2026-01-27 17:37:05] district User -> Save Data | approve district change yes ->Bidar@pds| 54 - F05244 - FRice
[2026-01-27 17:37:10] district User -> Save Data | approve district change yes ->Bidar@pds| 54 - F05245 - FRice
[2026-01-27 17:37:47] district User -> Save Data | approve district change yes ->Bidar@pds| 54 - F05247 - FRice
[2026-01-27 17:37:52] district User -> Save Data | approve district change yes ->Bidar@pds| 54 - F05248 - FRice
[2026-01-27 17:37:57] district User -> Save Data | approve district change yes ->Bidar@pds| 54 - F05249 - FRice
[2026-01-27 17:38:07] district User -> Save Data | approve district change yes ->Belagavi@pds| 45 - F03123 - FRice
[2026-01-27 17:38:27] district User -> Save Data | approve district change yes ->Belagavi@pds| 45 - F03121 - FRice
[2026-01-27 17:38:50] district User -> Save Data | approve district change yes ->Bidar@pds| 54 - F05251 - FRice
[2026-01-27 17:38:55] district User -> Save Data | approve district change yes ->Bidar@pds| 54 - F05252 - FRice
[2026-01-27 17:38:59] district User -> Save Data | approve district change yes ->Bidar@pds| 54 - F05253 - FRice
[2026-01-27 17:39:02] district User -> Save Data | approve district change yes ->Belagavi@pds| 45 - F03107 - FRice
[2026-01-27 17:39:11] district User -> Save Data | approve district change yes ->Bidar@pds| 54 - F05254 - FRice
[2026-01-27 17:39:15] district User -> Save Data | approve district change yes ->Bidar@pds| 54 - F05255 - FRice
[2026-01-27 17:39:20] district User -> Save Data | approve district change yes ->Bidar@pds| 54 - F05256 - FRice
[2026-01-27 17:39:41] district User -> Save Data | approve district change yes ->Bidar@pds| 54 - F05257 - FRice
[2026-01-27 17:39:45] district User -> Save Data | approve district change yes ->Bidar@pds| 54 - F05258 - FRice
[2026-01-27 17:39:49] district User -> Save Data | approve district change yes ->Bidar@pds| 54 - F05259 - FRice
[2026-01-27 17:40:04] district User -> Save Data | approve district change yes ->Bidar@pds| 54 - F05261 - FRice
[2026-01-27 17:40:09] district User -> Save Data | approve district change yes ->Bidar@pds| 54 - F05262 - FRice
[2026-01-27 17:40:53] district User -> Save Data | approve district change yes ->Belagavi@pds| 45 - F03123 - FRice
[2026-01-27 17:40:53] district User -> Save Data | approve district change yes ->Belagavi@pds| 45 - F03121 - FRice
[2026-01-27 17:40:53] district User -> Save Data | approve district change yes ->Belagavi@pds| 45 - F03107 - FRice
[2026-01-27 17:40:53] district User -> Save Data | approve district change yes ->Belagavi@pds| 45 - F03209 - FRice
[2026-01-27 17:40:53] district User -> Save Data | approve district change yes ->Belagavi@pds| 45 - F03210 - FRice
[2026-01-27 17:41:52] district User -> Save Data | implemeneted ->Bidar@pds| 54 - F05241 - FRice
[2026-01-27 17:41:52] district User -> Save Data | implemeneted ->Bidar@pds| 54 - F05242 - FRice
[2026-01-27 17:41:52] district User -> Save Data | implemeneted ->Bidar@pds| 54 - F05243 - FRice
[2026-01-27 17:41:52] district User -> Save Data | implemeneted ->Bidar@pds| 54 - F05244 - FRice
[2026-01-27 17:41:52] district User -> Save Data | implemeneted ->Bidar@pds| 54 - F05245 - FRice
[2026-01-27 17:41:52] district User -> Save Data | implemeneted ->Bidar@pds| 54 - F05246 - FRice
[2026-01-27 17:41:52] district User -> Save Data | implemeneted ->Bidar@pds| 54 - F05247 - FRice
[2026-01-27 17:41:52] district User -> Save Data | implemeneted ->Bidar@pds| 54 - F05248 - FRice
[2026-01-27 17:41:52] district User -> Save Data | implemeneted ->Bidar@pds| 54 - F05249 - FRice
[2026-01-27 17:41:52] district User -> Save Data | implemeneted ->Bidar@pds| 54 - F05251 - FRice
[2026-01-27 17:41:52] district User -> Save Data | implemeneted ->Bidar@pds| 54 - F05252 - FRice
[2026-01-27 17:41:52] district User -> Save Data | implemeneted ->Bidar@pds| 54 - F05253 - FRice
[2026-01-27 17:41:52] district User -> Save Data | implemeneted ->Bidar@pds| 54 - F05254 - FRice
[2026-01-27 17:41:52] district User -> Save Data | implemeneted ->Bidar@pds| 54 - F05255 - FRice
[2026-01-27 17:41:52] district User -> Save Data | implemeneted ->Bidar@pds| 54 - F05256 - FRice
[2026-01-27 17:41:52] district User -> Save Data | implemeneted ->Bidar@pds| 54 - F05257 - FRice
[2026-01-27 17:41:52] district User -> Save Data | implemeneted ->Bidar@pds| 54 - F05258 - FRice
[2026-01-27 17:41:52] district User -> Save Data | implemeneted ->Bidar@pds| 54 - F05259 - FRice
[2026-01-27 17:41:52] district User -> Save Data | implemeneted ->Bidar@pds| 54 - F05261 - FRice
[2026-01-27 17:41:52] district User -> Save Data | implemeneted ->Bidar@pds| 54 - F05262 - FRice
[2026-01-27 17:49:32] district User -> Save Data | approve district change yes ->Belagavi@pds| 34 - F02775 - FRice
[2026-01-27 17:49:32] district User -> Save Data | approve district change yes ->Belagavi@pds| 34 - F02803 - FRice
[2026-01-27 17:49:32] district User -> Save Data | approve district change yes ->Belagavi@pds| 34 - F02805 - FRice
[2026-01-27 17:49:32] district User -> Save Data | approve district change yes ->Belagavi@pds| 34 - F02810 - FRice
[2026-01-27 17:49:32] district User -> Save Data | approve district change yes ->Belagavi@pds| 34 - F02811 - FRice
[2026-01-27 17:49:32] district User -> Save Data | approve district change yes ->Belagavi@pds| 34 - F02661 - FRice
[2026-01-27 17:49:32] district User -> Save Data | approve district change yes ->Belagavi@pds| 34 - F02662 - FRice
[2026-01-27 17:49:32] district User -> Save Data | approve district change yes ->Belagavi@pds| 34 - F02677 - FRice
[2026-01-27 17:49:32] district User -> Save Data | approve district change yes ->Belagavi@pds| 34 - F02683 - FRice
[2026-01-27 17:49:32] district User -> Save Data | approve district change yes ->Belagavi@pds| 34 - F02684 - FRice
[2026-01-27 17:49:32] district User -> Save Data | approve district change yes ->Belagavi@pds| 34 - F02687 - FRice
[2026-01-27 17:49:32] district User -> Save Data | approve district change yes ->Belagavi@pds| 34 - F02688 - FRice
[2026-01-27 17:49:32] district User -> Save Data | approve district change yes ->Belagavi@pds| 34 - F02689 - FRice
[2026-01-27 17:49:33] district User -> Save Data | approve district change yes ->Belagavi@pds| 34 - F02690 - FRice
[2026-01-27 17:49:33] district User -> Save Data | approve district change yes ->Belagavi@pds| 34 - F02691 - FRice
[2026-01-27 17:49:33] district User -> Save Data | approve district change yes ->Belagavi@pds| 34 - F02694 - FRice
[2026-01-27 17:51:41] district User -> Save Data | approve district change yes ->Belagavi@pds| 34 - F02695 - FRice
[2026-01-27 17:51:41] district User -> Save Data | approve district change yes ->Belagavi@pds| 34 - F02696 - FRice
[2026-01-27 17:51:41] district User -> Save Data | approve district change yes ->Belagavi@pds| 34 - F02697 - FRice
[2026-01-27 17:51:41] district User -> Save Data | approve district change yes ->Belagavi@pds| 34 - F02703 - FRice
[2026-01-27 17:51:41] district User -> Save Data | approve district change yes ->Belagavi@pds| 34 - F02704 - FRice
[2026-01-27 17:51:41] district User -> Save Data | approve district change yes ->Belagavi@pds| 34 - F02705 - FRice
[2026-01-27 17:51:41] district User -> Save Data | approve district change yes ->Belagavi@pds| 34 - F02706 - FRice
[2026-01-27 17:51:41] district User -> Save Data | approve district change yes ->Belagavi@pds| 34 - F02707 - FRice
[2026-01-27 17:51:41] district User -> Save Data | approve district change yes ->Belagavi@pds| 34 - F02708 - FRice
[2026-01-27 17:51:41] district User -> Save Data | approve district change yes ->Belagavi@pds| 34 - F02709 - FRice
[2026-01-27 17:51:41] district User -> Save Data | approve district change yes ->Belagavi@pds| 34 - F02710 - FRice
